,0
0,-1361.6353627201875
1,-1739.1716134498247
2,-1067.5910708231072
3,-1584.5657032737126
4,-1917.2685929680324
5,-2375.8322970362688
6,-2523.0102674459504
7,-2051.112784695974
8,-538.1117495286649
9,1252.419683151512
10,2027.4604534124974
11,1726.0426353340154
12,629.1359790247384
13,3282.1996064324157
14,5257.765569193706
15,5312.140927410307
16,6388.202136409736
17,5830.541863715619
18,5432.123532699042
19,5173.518354297987
20,3925.5304358350704
21,2769.948231634549
22,2979.012755441244
23,2180.2697419683573
24,1012.3338705039032
25,1182.5377144178456
26,979.6349148644613
27,1601.3668857036337
28,1633.4087268058902
29,474.98374358108595
30,186.3877466524409
31,-1868.3150672059128
32,-4362.2184832700605
33,-7124.002649850764
34,-5909.436285261548
35,-3298.3812998290414
36,-2492.2451052588553
37,2771.7441889255847
38,494.62190302791805
39,2110.326096594723
40,2667.5928530757446
41,2169.463287705903
42,3860.766791180004
43,6007.518816217831
44,5699.814495509598
45,5636.477439294192
46,6249.092328516582
47,6110.305282742065
48,4821.12055323407
49,5321.497856784485
50,5675.147984220228
51,6455.633818146245
52,5597.451751266501
53,4768.034674199396
54,2568.3461519365146
55,-1122.9711398508625
56,-2806.2190419832377
57,-4277.210628613402
58,-4569.341856341154
59,-1793.6939612034826
60,-1275.8126621251542
61,2503.3058218961323
62,1554.1150605130906
63,301.73628603505404
64,1792.7379021893946
65,2205.918772859385
66,4193.85569462339
67,6235.570399098025
68,4816.090602349431
69,4149.428757053689
70,4494.64008477549
71,2157.264634056811
72,89.2720394428161
73,891.0454968275562
74,879.4511032391529
75,571.326112750301
76,679.6806444931917
77,-513.1900414550437
78,-1726.6370967084513
79,68.82739855554928
80,2300.288532849847
81,9838.35652617919
82,10930.434496725098
83,7588.343904747362
84,9213.52258628486
85,5952.898243227737
86,11164.687073574749
87,10820.04718045746
88,10021.128506827687
89,10034.454650569241
90,9022.710687137169
91,7725.071248911987
92,5829.297266289963
93,3248.0752566740475
94,666.1664224288907
95,2235.41202329041
96,-363.6193039598795
97,-1420.5933631530488
98,-76.76051341008326
99,683.1733541822272
100,-268.3186696317228
101,-888.370542871409
102,-877.451929495611
103,-234.17529189426386
104,3141.9912962087747
105,7606.432459230463
106,7976.765368504297
107,7974.724008779996
108,6824.308520263857
109,9998.466323397392
110,12136.094410181713
111,10751.190626125912
112,10247.037432243349
113,9806.675444459474
114,8640.288908421215
115,8959.041546632103
116,7023.085695938517
117,4834.6263217794185
118,4241.42846924618
119,3610.610883793105
120,1347.5848682973983
121,978.0715918027078
122,1758.2161691715132
123,2403.2965390778986
124,1781.085990798815
125,980.9056064057368
126,1175.0890583979763
127,2525.0146712416863
128,7182.111814759939
129,11378.884548834496
130,13038.750084391586
131,13035.170642909161
132,12651.442036641743
133,13052.022595130758
134,13018.465038549348
135,11624.511814666012
136,10201.827621322629
137,7200.99841400629
138,4567.297380641056
139,5314.985640942461
140,3888.167927489433
141,2112.19672423317
142,2028.5911712396105
143,1388.3798595363676
144,-462.19190319453946
145,-756.0364378514121
146,-152.59964495741133
147,235.7171027836523
148,-34.09916813033078
149,-578.6286709885976
150,-942.6002710050861
151,903.1036133739208
152,5093.736449436751
153,7992.362901555117
154,8923.529913733166
155,9917.21397110186
156,7433.992833535616
157,10103.862118216442
158,11704.202019260341
159,10844.486493321821
160,8669.262204602699
161,6164.124742717317
162,5815.589657693858
163,5225.497748421687
164,3560.2036626058602
165,1980.061529448654
166,1534.999313463691
167,1039.420768320877
168,-621.8152594731023
169,-483.6209826531511
170,286.39677557944094
171,598.0473834133493
172,344.6231183646659
173,-145.00486954053122
174,69.04414058419263
175,1979.094516807306
176,5765.2327063123275
177,9189.561366225205
178,10541.00653884015
179,9553.957479036406
180,7419.39176516003
181,10687.785560355536
182,9637.995667117482
183,8369.729351609698
184,8597.550651973388
185,6018.537615066837
186,4121.302038823964
187,5552.791854595613
188,3733.372943536196
189,3042.260932440127
190,3758.687681157596
191,3760.0541709377267
192,1960.3675702672717
193,2673.913476539723
194,2615.385399177119
195,3665.5060492593116
196,3552.415989816548
197,2804.2181863203673
198,2401.3316066304797
199,2389.5659368390725
200,2244.3593302439713
201,1152.1782595839004
202,3064.6269899946283
203,5092.55705770625
204,6782.04447594527
205,12963.348667133649
206,9205.039733654365
207,9151.748488556826
208,5983.90895131052
209,3360.2757353003035
210,5924.763784086563
211,6636.574005147504
212,6614.139057813864
213,6996.954517060533
214,7973.256590719252
215,7392.98245871688
216,6752.881786338618
217,7269.763284404945
218,8118.637343523944
219,8111.25527975942
220,7721.49783431277
221,6745.630456492381
222,5020.304503074389
223,3282.6529166268665
224,2042.8937172194715
225,500.80631719434496
226,1874.7991008111014
227,2992.609472259215
228,3676.338905755223
229,7070.015986431788
230,4967.642818148756
231,2430.126130874387
232,2939.0185924961866
233,2712.145346378058
234,6228.0761356023095
235,7222.562600586798
236,6749.981881088977
237,5462.280661489887
238,5806.066452854155
239,3041.739660682838
240,1837.014646559066
241,2355.487964129994
242,2453.5122963399863
243,2623.5168948643986
244,2095.73839455276
245,1177.9913275748322
246,346.8173491382786
247,1623.1590913223272
248,6029.666887895162
249,10245.602625248459
250,9387.659405328108
251,9374.652113271735
252,9226.408794238418
253,7647.635734082489
254,11911.493230638092
255,10612.57693985761
256,9472.949209711147
257,9845.041072226006
258,8785.170342343466
259,7752.050868694955
260,6122.518089982435
261,3174.665733491146
262,3440.7935090939372
263,2274.2860315146936
264,465.2375157016245
265,-151.87845814491607
266,901.7096023355296
267,1067.8927719629091
268,645.2676899111316
269,309.82519285075796
270,-30.37720173131811
271,2375.865601823741
272,4332.124397199961
273,7033.681528225501
274,7829.478183940453
275,7855.576584244904
276,5381.568242963675
277,9992.189001763754
278,12107.926503196337
279,9204.958034658399
280,8979.097795615742
281,9018.014145548523
282,7736.838532139744
283,8735.225444557656
284,6049.783025867566
285,5113.854325799322
286,4141.681248253443
287,4064.682554748256
288,1445.1604920075665
289,1556.0006592004218
290,2500.310459009453
291,2444.4332324417555
292,2407.081887719444
293,1754.465100272182
294,2029.1156921612346
295,3242.9630615624865
296,7409.1460533772315
297,10888.029112969643
298,12725.288978339
299,13739.202250312412
300,12178.51674965215
301,12998.286239683515
302,14035.676034941218
303,10899.127702163398
304,9669.315855268878
305,6326.847492936201
306,4715.320099056007
307,4998.256759732774
308,2814.978426281466
309,2931.8281254484136
310,2491.1134891801585
311,1659.4094739663383
312,-21.843476880082335
313,-328.0276085311766
314,374.35673300682197
315,878.0758376011902
316,448.52252693823357
317,-51.01428110134066
318,-330.32815226747243
319,1178.0868754618105
320,4363.199198963467
321,6429.929306299696
322,7279.474701728467
323,6588.463249587657
324,4207.565609005729
325,7478.0201797530235
326,6826.51183256459
327,6120.851783628127
328,4867.719223847512
329,3409.130365945485
330,3221.3362471539003
331,3807.6524532983613
332,2028.8559059306635
333,562.0645786854489
334,472.15521854399685
335,872.1030088292114
336,-1375.858083988429
337,-808.9847302903299
338,156.46591047911193
339,511.87436510956
340,427.35885818261704
341,-440.38013404841513
342,65.21614665984532
343,198.1662726852286
344,2100.1321145251463
345,2472.7298544024693
346,1383.7849181387355
347,-279.2661314958186
348,-765.2460272968801
349,512.3321487160065
350,1991.7802039083663
351,816.7329754184684
352,1686.5783698635692
353,2683.1302291395327
354,3312.308669033636
355,3038.2683168731214
356,2382.989498932126
357,1580.6798927558755
358,2858.759479130136
359,2125.632349731398
360,1598.952463062004
361,1179.2432472899845
362,2543.4895184958805
363,2802.012687102931
364,2927.957036794441
365,2631.801726503986
366,1527.5850502955172
367,412.8885291248303
368,-2478.798870644194
369,-6328.491143295111
370,-6729.970237392112
371,-2527.03858377832
372,-2212.3838434834697
373,2730.2275872355303
374,-722.473608877056
375,2794.4062222448
376,723.4588037584213
377,-167.3336283914441
378,1712.3312477463173
379,4024.5485597472803
380,3951.8770060638344
381,4612.594505194005
382,5758.150003408313
383,6382.956123745942
384,5452.091930180593
385,6343.666167301336
386,6953.209268667257
387,7343.640314073453
388,7262.186073155156
389,5896.888386811575
390,4232.429835904488
391,1219.1928332239902
392,-2941.9241590849765
393,-6601.024227808359
394,-5068.524378588187
395,-5483.956681387805
396,-6202.1955364134155
397,-2734.4074163385776
398,-1922.4610364532398
399,-3832.4868084965583
400,-573.4679763517306
401,-948.6088469487304
402,2012.6452290934244
403,3279.4766716854697
404,2244.347685806985
405,2412.8826380515434
406,3210.5732304494213
407,1446.8831269392467
408,128.5335153844826
409,1243.0539118188135
410,1601.8896688703844
411,1537.38600864191
412,990.889058659277
413,86.71670636930867
414,-610.9212659021919
415,-489.7708749661127
416,3231.9103123841396
417,7440.721736205177
418,6287.373286204589
419,4378.796235648149
420,2996.440408176437
421,3010.601868379229
422,8551.751740016114
423,7727.290347108836
424,6162.3777122542315
425,6063.5545573758445
426,4239.570808872241
427,3857.0195135372373
428,2945.562758636862
429,1420.3094533530636
430,1043.5318874459615
431,1619.8715739108675
432,-769.16474118411
433,-789.1917869126343
434,469.30275466121645
435,847.7381403303102
436,976.1911047973933
437,416.65995226730564
438,-62.5094190756123
439,881.4416581384087
440,4333.1095865295065
441,7099.515099008518
442,8731.72610345887
443,7948.616598989812
444,6503.001854867147
445,9600.739498227413
446,10239.94807504386
447,6849.896611163158
448,6431.420325920365
449,4591.9033753854865
450,4124.941980354821
451,4034.9856769958137
452,2854.1708721731793
453,1892.4384520316205
454,2461.5051560443308
455,2426.455125763178
456,498.9430652900412
457,786.358650044855
458,1460.8959401682232
459,1913.0603331313364
460,1812.930622327106
461,989.0162413130436
462,714.8005155462096
463,1739.3979050005782
464,4330.809174248824
465,5626.665204627416
466,6664.9929747604265
467,6623.999332219244
468,5334.333619287636
469,6413.563661092893
470,6025.072774617695
471,3596.0725704180277
472,873.283552033381
473,-3517.386454342166
474,-1964.5215322921686
475,-918.9435966468718
476,-1978.9182755004804
477,-2122.7730861753166
478,-1292.3307186531933
479,-2119.727377320546
480,-3636.625258474708
481,-4031.3802388008007
482,-3711.1058822828236
483,-3936.130899084892
484,-4471.349383120301
485,-6052.134279337584
486,-8087.587751338808
487,-10842.617953499835
488,-14481.235567827847
489,-18819.69244536534
490,-18148.91754900866
491,-17904.706162040795
492,-18718.244440152168
493,-13532.196031253745
494,-19455.467293803602
495,-18989.916002945807
496,-16492.91671761497
497,-15069.607378455703
498,-11337.874349320617
499,-11841.394371735762
500,-12036.422638902106
501,-10998.374692599984
502,-9899.835823884589
503,-11488.37676744092
504,-11739.594481743694
505,-11081.118230091093
506,-10657.241083998206
507,-9888.814431003422
508,-10344.467106803286
509,-11160.234329037468
510,-12519.590676455897
511,-14871.965549391149
512,-17642.58860771805
513,-22501.029070127544
514,-24100.32278556314
515,-24121.03434177261
516,-23049.48673953782
517,-19343.7221858431
518,-21531.694275126683
519,-21411.6442553953
520,-19818.941092085697
521,-18178.173562471795
522,-15887.701912590781
523,-14435.562234403962
524,-13573.519278716354
525,-12001.355251501693
526,-10536.47963858953
527,-10278.129141903406
528,-10003.518268725717
529,-8757.373249566012
530,-8298.470926525004
531,-7152.645069742281
532,-7260.510418053985
533,-7441.498958420255
534,-9229.333134414192
535,-12166.989798632472
536,-14006.857210424372
537,-14443.275921997283
538,-14962.988845441205
539,-15621.374243185068
540,-14512.413087473018
541,-13412.735725931783
542,-13365.81011486681
543,-11533.77191730859
544,-9975.840551933376
545,-8740.189936217615
546,-5533.972992478735
547,-3544.489981201663
548,-2960.610079112912
549,-1893.0497842628865
550,-1210.514244737733
551,-618.77876043992
552,-761.312220669699
553,-491.7672229760319
554,943.0739502136275
555,1148.816080915616
556,1611.3145292664012
557,-26.591040759624775
558,-1819.899132605874
559,-3506.521210311799
560,-8584.804488775208
561,-12931.06876199675
562,-13705.94188783431
563,-11945.277431430044
564,-12671.671832819164
565,-11776.767353922354
566,-11118.23529761878
567,-10810.182120565969
568,-10053.726547402322
569,-6332.033850990131
570,-4261.25061553284
571,-3717.205045722766
572,-3108.488667687216
573,-3411.0860064647063
574,-3061.6925238356257
575,-2641.2729793162475
576,-4013.697729612968
577,-3869.5781675339713
578,-3981.0141832839463
579,-3267.7230784785133
580,-4219.435864397981
581,-5475.4222852776875
582,-7629.494706722145
583,-10810.040795736848
584,-14456.570673655875
585,-16567.236625624322
586,-17974.281000698935
587,-18192.44893058106
588,-18261.335928089844
589,-17666.713166489575
590,-16386.316705945286
591,-16624.81129100079
592,-15225.911608197428
593,-12118.012608746441
594,-11236.606890170116
595,-9543.399593579916
596,-10255.29548855967
597,-9563.442441135301
598,-9108.039882215118
599,-7401.327418660661
600,-8996.93236482156
601,-8233.462960342062
602,-7860.7535031233365
603,-7229.0917831333745
604,-7641.763867116459
605,-8519.799433058337
606,-10058.850076377894
607,-12302.379918073295
608,-14082.60116118327
609,-12487.644613618726
610,-10859.334929369521
611,-8595.45220353817
612,-5340.827897185438
613,-7373.282299517054
614,-5317.497405019676
615,-8291.785952855362
616,-9016.276203141191
617,-9694.613853342544
618,-8252.41963630931
619,-6122.467153618468
620,-6053.552445912717
621,-5473.641741289319
622,-4846.528520411393
623,-5857.024521022215
624,-5889.187321806501
625,-5918.151118367227
626,-4120.792223015715
627,-4005.376868461636
628,-4032.8747897858084
629,-4571.467635152549
630,-5190.361096285102
631,-3890.1248496426797
632,-1608.7421642791414
633,-297.8868676281236
634,-2939.731978207894
635,-3939.5873427053866
636,-4160.405622917277
637,-4524.575019744631
638,1354.0709332508868
639,150.16354750411483
640,280.8584833288787
641,4060.0105845093512
642,2333.3849005222655
643,959.208582887436
644,1124.128642664362
645,-108.47659327713063
646,-565.0173176712797
647,857.2213726360114
648,-1321.748522109002
649,-2024.7405127240254
650,-319.239601944435
651,175.42096028855576
652,-321.28567212405596
653,-176.70314441136816
654,354.88766308595996
655,-460.12411713977235
656,-1119.1296496028679
657,-5308.34551368183
658,-6236.895985134838
659,-7404.339553258476
660,-9550.801825776873
661,-6108.210295258741
662,-5661.801940428933
663,-4439.3731983334255
664,-1814.0303287413435
665,-1636.3338644303312
666,219.45247870631965
667,225.72942608583753
668,-361.1056793023182
669,-1430.41962503092
670,-316.9292712678764
671,-83.20294987074408
672,-1753.5210847121414
673,-1072.3394277757511
674,-435.35532982563706
675,306.22425775367174
676,215.69448609497556
677,52.74462648559802
678,-610.9801404751333
679,-408.28642645366074
680,-1336.2664329428376
681,-2367.0627491626087
682,-2408.0862216613805
683,-4154.245639396048
684,-6359.899989830922
685,-3615.2087466410853
686,-1107.5530073425125
687,68.31034680069297
688,2530.5945542536956
689,1477.8745219912144
690,1016.8500589167193
691,658.7979829278602
692,1227.523641631124
693,1368.9315184874185
694,2024.0702366253417
695,2106.219502548148
696,1527.9187583484538
697,1928.207258400239
698,2471.710981623054
699,3346.170054566739
700,4105.887069310114
701,3228.573657424101
702,2130.5746413999714
703,480.19528508119447
704,-2954.520331998033
705,-5920.053851284018
706,-4630.178904508665
707,-4995.345467404824
708,-2584.033180339793
709,3673.736889029169
710,2065.5377289220733
711,1628.341505451137
712,418.2684421355302
713,-635.1495719660201
714,1988.217939885953
715,3287.291413416788
716,3757.086435147682
717,5206.595853232571
718,6718.185249836606
719,7197.882668509092
720,6902.352709530627
721,7546.413631726926
722,7946.060685709608
723,8153.760124908098
724,8187.854242309661
725,7545.827201733908
726,6136.20648735521
727,2668.7351204481474
728,914.4894105313124
729,-933.1721885230236
730,-689.5858298355479
731,1907.1641284159432
732,-426.0999871194015
733,1281.0620206701844
734,-2386.219678109749
735,-2719.27542386434
736,-2051.9689242906047
737,-2546.020161417171
738,422.6116211685094
739,1251.5123557431893
740,1229.2405392300534
741,1598.6957551092828
742,2505.3031828724324
743,1966.7501571932335
744,1288.5899816115307
745,1235.8588507329605
746,1732.413453522221
747,1561.7467439327193
748,1614.4610515687991
749,-69.19121342214021
750,-1335.5533094901602
751,-3796.9771172685696
752,-4276.754883825453
753,-4779.579890422292
754,-5468.702755325346
755,-4928.087774110691
756,-5638.040068555934
757,-4553.974805518977
758,-4827.034929046374
759,-4189.369586697649
760,-5774.633341030638
761,-5696.337705031147
762,-3879.712207086156
763,-3243.894726363651
764,-2916.588314805741
765,-2914.364960913086
766,-2153.352796003417
767,-3186.8496019354425
768,-3855.7521563074215
769,-3823.8630097813257
770,-2526.757506645875
771,-1984.9839374944117
772,-2361.7005760162374
773,-2345.712652488506
774,-2978.0643609058034
775,-2058.092963254443
776,-1652.9822995904901
777,-2638.049876996693
778,-3521.03111529314
779,-3665.148227255391
780,-6444.187470900188
781,-3471.6580873537423
782,-629.3516510946279
783,107.90014531857742
784,1358.3336251468872
785,1800.1526093452658
786,2399.0897408860146
787,2639.9143351687107
788,1846.6396764900437
789,718.5566545374431
790,1464.3214117488415
791,2305.827132984292
792,409.94817637466076
793,479.84155830569216
794,1902.8066035582742
795,2362.336260508944
796,2257.1968475384165
797,1874.6316909377356
798,1482.447077216138
799,1878.9301674292847
800,964.1723384324077
801,-1387.5878613619375
802,-2049.8566556482983
803,-2742.2507470991486
804,-4781.508142996927
805,-2656.695794170178
806,1012.5856197465627
807,160.68183295269375
808,980.8300658582928
809,2063.9094946214136
810,2555.029381289485
811,2188.780221330048
812,1653.9766970364562
813,1069.0276944483767
814,1694.7053753765538
815,2623.398553588042
816,137.02934377186682
817,598.608307248458
818,1447.1093866586823
819,1735.566371179935
820,2061.2802786385173
821,836.1957687263996
822,1005.2779897185801
823,638.6118329923397
824,-61.507457326831855
825,-2084.2497893143313
826,-3526.075448314452
827,-3723.875788904276
828,-5412.844729631
829,-2731.2668316238783
830,-821.8467014633072
831,-56.19532491102217
832,1114.237158791334
833,2100.3193189725494
834,2728.5426570916084
835,2449.6009482937193
836,1804.059521861137
837,896.0018532540882
838,1904.0723981645724
839,2178.3602586374345
840,609.1119323714004
841,831.8949496418315
842,1644.038533370488
843,2399.663935344245
844,1990.4139909792725
845,1757.4736852364313
846,1531.6094794769692
847,1402.0897336984685
848,725.4760663443953
849,701.9417354853804
850,-133.57056048173263
851,-842.4082237998659
852,-2414.4574257527534
853,2699.669930672063
854,4149.7184932762175
855,4285.754998940902
856,4011.325566555283
857,2111.8059632883023
858,2531.7666846947454
859,2548.4593457593223
860,1660.2151401768986
861,2126.275635352915
862,3568.8042379758826
863,3869.9973606061526
864,2614.7783016561516
865,3137.6336601436255
866,4384.21337279686
867,4498.626767899575
868,5030.085672798843
869,4540.8211813887465
870,3549.936359728711
871,1212.0832370115334
872,-997.010003496352
873,-3401.684747450356
874,-2361.3324913541705
875,-3037.6832868530673
876,-1917.5323568826618
877,2254.472469855156
878,-2049.246747281146
879,-145.87006595361754
880,-1276.1640832743178
881,-349.0388600092383
882,2788.4661288478787
883,2744.3845595937323
884,4118.818393852713
885,4962.682590624539
886,6806.02349463918
887,7891.210531157418
888,6591.876976593476
889,8152.11326720421
890,7699.452828890376
891,9300.067008078255
892,8435.404599951007
893,7847.4722169699235
894,6474.173089365664
895,3624.9674217900438
896,108.67078062346422
897,-3741.491420942582
898,-5032.294592333531
899,-3531.5638660279087
900,-3962.8340081928645
901,-1272.5969920082912
902,-3677.678586405492
903,-3512.5974479631823
904,-2458.3217973822566
905,-863.9103546390081
906,2288.615526122765
907,2862.550600094513
908,3148.1928536307023
909,3151.9068963885557
910,4802.3942911716895
911,2904.039397783904
912,2413.199263717326
913,2624.989123966465
914,3130.9208547782155
915,3094.924844489882
916,2772.9223513893676
917,1585.6267877001637
918,1344.2817612801764
919,721.4696379717752
920,1527.5898446783576
921,1783.3406075663834
922,264.47508017238897
923,-796.6271948784615
924,-3163.389654131717
925,-5332.0640293748
926,-595.2443115091551
927,-1170.379193187946
928,91.54142654263478
929,1602.52733795964
930,2369.7980437712863
931,1492.681987769582
932,966.3274606064047
933,-390.3597927261517
934,549.7258189510708
935,852.6701390390203
936,-316.9151259956734
937,-884.4973977789396
938,581.9511310952196
939,755.3716155062282
940,921.4553854169947
941,302.4188594053776
942,410.01945594688664
943,42.481160660961905
944,-743.0853533063932
945,-3235.6695124934877
946,-4600.533020829217
947,-6076.405039818236
948,-7898.586184328464
949,-5348.306525140691
950,-3107.4455551698184
951,-2492.610593422724
952,-395.57485614784264
953,895.2620670617401
954,2208.4900289273332
955,1968.9311273520232
956,1002.6881256705657
957,1073.6094757590165
958,2092.1265547317125
959,1945.6507450031497
960,606.3564384251738
961,600.1318518253978
962,1706.7204667894239
963,2014.9490740536835
964,1721.4468129827214
965,1699.976618638464
966,924.0584920802971
967,1266.3829469710981
968,278.6726267640929
969,-1568.1670071357166
970,-3143.85257373313
971,-4504.022004022593
972,-6222.119005797675
973,-3385.46243455534
974,-975.3621401022424
975,-951.4037755068007
976,550.6786517890987
977,1524.8784552334496
978,1825.598357713584
979,1252.0417784718163
980,977.3179106431387
981,625.6778310584061
982,1647.107503385349
983,1375.9181077445737
984,-71.71420000506942
985,-514.764924436666
986,1157.4435032708354
987,1252.1933851315068
988,1419.4860052282384
989,923.5751403481578
990,710.597721756418
991,652.5049032542714
992,1324.618937925947
993,2932.4376794048667
994,3167.4005844192206
995,2774.454522525969
996,38.39432224184657
997,2688.958758353482
998,5125.461559056488
999,4719.953719907836
1000,4002.7959019939326
1001,2744.7251332159663
1002,2427.656569370265
1003,2007.9251802420322
1004,1341.7108708609153
1005,847.8937898918409
1006,1538.5200534009246
1007,1902.17945403825
1008,199.1480192329484
1009,255.3267901896889
1010,1037.6632347564446
1011,1283.9666962399003
1012,1407.2508647712705
1013,653.8531990480944
1014,1318.4787943445822
1015,1728.0708085366741
1016,2887.142321333432
1017,-1399.4782251137967
1018,-4827.937830484863
1019,-6721.8820110539145
1020,-5770.5222161198635
1021,-4940.70172965864
1022,-3011.529027196838
1023,-3876.308486881935
1024,-1021.4413930550577
1025,-106.89199488735449
1026,1371.9469150426103
1027,505.2799912726257
1028,390.0006538585992
1029,907.4982093281102
1030,1882.275591859082
1031,2703.532872576091
1032,1611.9047252762014
1033,2338.197347852249
1034,2866.7279552807813
1035,3835.9978271465434
1036,3864.5279269668536
1037,3878.5175710166714
1038,3288.532553237418
1039,1370.5825482131359
1040,-3080.643414577255
1041,-7358.891352147599
1042,-5468.9865643853645
1043,-4731.955500786584
1044,-6736.478482618693
1045,-2049.838452653782
1046,-5407.480893988386
1047,-4376.187547597758
1048,-2749.5888204438365
1049,-1836.5128417318824
1050,1506.3721306599052
1051,1930.7959773907123
1052,2864.221519924933
1053,4309.8857309202995
1054,5882.137063812261
1055,6754.165565243674
1056,6707.436855747933
1057,6977.485197849026
1058,7388.109277562544
1059,8523.852809149372
1060,8541.020470212572
1061,7796.127164674429
1062,6874.753168267483
1063,3323.2561479426795
1064,-2029.9851914865878
1065,-7579.639402512541
1066,-7547.6849957053855
1067,-7857.885449578887
1068,-7457.467567848478
1069,-820.3569474175224
1070,-4945.56527108119
1071,-3667.268758721872
1072,-1721.3057016570135
1073,-2363.413139243527
1074,872.6935088785326
1075,1428.4758577830635
1076,1448.9051744424319
1077,2058.893993627687
1078,3027.2662232752537
1079,2374.754027581328
1080,853.3866410221308
1081,1914.516000333866
1082,1908.1143658270066
1083,1967.7161006700462
1084,2187.0545386884896
1085,1120.4775256118664
1086,536.7245084433671
1087,607.6264086118588
1088,1638.8625499953341
1089,2511.9979369529447
1090,-575.5323774516619
1091,-1803.8871600257335
1092,-2682.87342113698
1093,-2865.6114389119616
1094,65.7704547154517
1095,-39.37792902934871
1096,612.0462566479664
1097,1432.652688160878
1098,1890.6889484568933
1099,1297.8935766415311
1100,196.73834783620168
1101,-523.4810930208719
1102,140.46588182138498
1103,983.0905031619625
1104,-858.9194173352762
1105,-883.0358012980923
1106,205.48808562612635
1107,648.5356769973048
1108,974.559344220964
1109,309.54144448044735
1110,317.78661625155587
1111,380.9320953971428
1112,80.1452983082454
1113,-349.8754953984667
1114,-1927.2552094026944
1115,-3083.2402746972584
1116,-4768.415587844
1117,-2606.8517761747516
1118,781.1974556031338
1119,332.99604963669265
1120,808.6019400200723
1121,1095.8977214481317
1122,1966.8438348917311
1123,1487.1805978860457
1124,885.7250396282938
1125,222.55903500594263
1126,1323.5344740996572
1127,1532.3415572922179
1128,-16.09988684592281
1129,32.93139605115664
1130,1275.662134929807
1131,1463.9064699539183
1132,2003.5558338518977
1133,1243.990662316722
1134,1617.5732950795132
1135,1312.695905699077
1136,877.2446835790179
1137,-220.24914668229326
1138,-1837.116729304508
1139,-3972.6962330384426
1140,-5450.418944094003
1141,-4003.2162638943983
1142,-1893.0909832186617
1143,-1827.50097846107
1144,477.59897249111236
1145,1115.6021993026427
1146,1106.7330741374205
1147,737.9344913303423
1148,502.0848037256944
1149,-67.12541455810776
1150,1244.5519009548227
1151,1398.5893601319672
1152,-241.78950016568035
1153,-448.95847441556595
1154,803.6270289500638
1155,1087.862535766827
1156,1408.3366782642875
1157,574.9960376642553
1158,640.561320287544
1159,394.71729967391184
1160,436.344931374411
1161,739.2583706329875
1162,-214.64190379252432
1163,-3066.8094759593546
1164,-4812.030581440372
1165,-2439.0139831352785
1166,66.87417992977998
1167,-507.3970423133492
1168,1405.3083722112501
1169,1335.8806753555975
1170,1706.0787729901622
1171,1019.7715698517587
1172,708.0187690255973
1173,-453.5173118559492
1174,750.2366954318383
1175,1059.5366747840612
1176,-587.8684534348183
1177,-481.95296495449674
1178,163.81610614644643
1179,1029.4298334785265
1180,1040.3330420812067
1181,797.9586177164666
1182,437.03110569745195
1183,935.2365352299139
1184,-506.426095790026
1185,-1306.8570267567484
1186,-3155.212552417192
1187,-2903.7539669760486
1188,-4988.205685800636
1189,-1126.5128304015957
1190,-573.206758255367
1191,65.36969722964385
1192,-178.9371424632509
1193,208.95510712934663
1194,870.615138746525
1195,193.91498745477645
1196,-319.42961740268447
1197,563.952177531736
1198,1297.9354900264898
1199,2473.5408241234127
1200,1068.3022223738853
1201,1632.0148122404025
1202,2221.4663119797933
1203,2865.8530415983496
1204,2651.621009768314
1205,2796.064830758414
1206,2331.86953724378
1207,954.2144831229709
1208,-1422.78813948215
1209,-5768.674159027356
1210,-6100.421009934727
1211,-8429.599152385712
1212,-9384.076497530645
1213,-4414.383559679007
1214,-5907.581900174029
1215,-4114.101748192913
1216,-2529.5252515936954
1217,-2297.0406476289254
1218,230.35873762852498
1219,1086.2247404579143
1220,2394.359337389129
1221,3664.8825416153168
1222,5753.426235605016
1223,6395.9792127596875
1224,5689.315356342933
1225,6067.068998907457
1226,6499.880667182632
1227,7264.417825258031
1228,7177.116218112653
1229,5972.039480132625
1230,5014.937198289971
1231,1675.1367978913993
1232,-2614.013487235305
1233,-7086.547671941818
1234,-9585.64355294669
1235,-9657.979388826381
1236,-8853.050446409703
1237,-6013.597509929249
1238,-7358.504275690864
1239,-6297.4920547012
1240,-4666.598396758138
1241,-2857.2875075574593
1242,133.7256418822846
1243,-44.68759797994835
1244,1188.7229066028299
1245,854.9822298250797
1246,2503.985416990853
1247,1551.0616617724654
1248,510.74243035366453
1249,592.9833228520547
1250,1049.4834781874615
1251,1443.4691966112687
1252,1053.3960940237857
1253,684.225147009407
1254,-528.9609401821399
1255,-105.32345027082192
1256,396.8025338042903
1257,1915.0468706483443
1258,-445.9126857569545
1259,-1730.4973871829998
1260,-5182.146671478068
1261,-7761.461611613512
1262,-1027.8037788699194
1263,-1646.7022188911487
1264,527.4626715859386
1265,1124.5282368860526
1266,969.6984997192376
1267,368.8415779386183
1268,-833.8644935939014
1269,-1510.8742379834307
1270,-722.7878604233774
1271,-526.0267474672139
1272,-2155.252008888218
1273,-2414.8975787942286
1274,-1124.2503679922343
1275,-658.2255651389551
1276,-266.3429590900007
1277,-800.4103302474923
1278,-675.0277712332692
1279,-537.2290058846957
1280,-81.69861946056608
1281,-788.1848594462937
1282,-2292.4291742489286
1283,-5000.123886080084
1284,-7571.707923286731
1285,-5698.042706855087
1286,-2651.989223980585
1287,-2143.4266511600053
1288,-29.51132760719952
1289,402.02270746187105
1290,598.4857910676908
1291,61.23943871332892
1292,-610.5398021364675
1293,-1521.4530644545623
1294,282.4687709183763
1295,-18.839543821545476
1296,-1406.75336420708
1297,-1381.2559554271365
1298,-455.2449259302218
1299,319.46088929420375
1300,223.18280839358715
1301,205.81466199666534
1302,-145.75202458727256
1303,497.7162548022817
1304,747.1262886826205
1305,-560.706603190994
1306,-2044.5372412669647
1307,-2381.170887764116
1308,-3624.428674597989
1309,-2027.9404602157292
1310,917.3648755098102
1311,427.4301268905608
1312,1359.8354702477186
1313,371.2640918404036
1314,48.587124951833175
1315,-1365.9648450163572
1316,-979.7432003508104
1317,-1935.509035639837
1318,-370.6310728223694
1319,140.9872043987501
1320,-1881.0007100526504
1321,-1711.8876340759127
1322,-631.8370553873777
1323,-165.44168202766141
1324,-61.60431442090825
1325,-532.6476915832789
1326,-261.28178521858746
1327,-167.76907694304055
1328,-169.93800097690678
1329,-2005.6291818723032
1330,-4007.84949245914
1331,-5346.060063159059
1332,-6683.695211340511
1333,-4337.260222654991
1334,-1842.5198580443666
1335,-917.2860434117295
1336,-167.09040098562934
1337,503.22368061545944
1338,92.8441751855903
1339,-212.49937515433788
1340,-1139.4420516429504
1341,-1674.1769879595558
1342,-593.5846220009312
1343,-635.1368005200017
1344,-2358.7009181208905
1345,-2206.6941252048427
1346,-910.2884311619604
1347,-939.2993442567495
1348,-655.5607164420335
1349,-883.8974664452171
1350,-777.4484749907406
1351,-484.910739893151
1352,-701.3806503397267
1353,-2518.1600662776696
1354,-3904.6100824092287
1355,-3339.102997908102
1356,-4571.360442190202
1357,-563.8009124127325
1358,749.1853662358699
1359,830.2350839882085
1360,1557.4515524251963
1361,172.3392447536442
1362,44.70939012255843
1363,-1050.8113674311244
1364,-919.7677976460554
1365,-572.1371121761983
1366,966.2040049253543
1367,991.2603543935411
1368,-314.0566264466056
1369,265.8455700554978
1370,794.1252281040834
1371,1796.8241214279178
1372,2298.9304902493805
1373,1448.3284217131009
1374,1236.6890580770303
1375,-202.00418655229032
1376,-2850.912818925266
1377,-5340.525414140595
1378,-3472.400215323511
1379,-3033.0106187381934
1380,-3478.6382501570033
1381,2442.449445038789
1382,-429.9152285826124
1383,440.80765896968853
1384,-243.1283789061497
1385,-2228.9697605215056
1386,-501.65287553368915
1387,486.53523285438195
1388,573.8187219260017
1389,2613.566612701022
1390,3669.1740257471693
1391,4544.141241442844
1392,3627.7168909538036
1393,4606.502871788844
1394,5315.693371120844
1395,5626.529392771198
1396,5739.5018052436335
1397,4839.533904384945
1398,3532.2857541773315
1399,951.2966043604524
1400,-1036.9990477177223
1401,-2689.322710396091
1402,-2695.6077133475383
1403,-2045.901957966577
1404,-2670.9885002336778
1405,1199.5328926252055
1406,493.1523551762442
1407,-834.551251831746
1408,-1692.1044997061952
1409,-1286.1785763117155
1410,491.415620786261
1411,439.1679322445793
1412,342.83113609948623
1413,472.12377363519954
1414,1387.1010916116725
1415,1169.5183045537742
1416,-120.33560863668117
1417,408.6411176204583
1418,702.3126220584727
1419,1162.8577568851015
1420,648.8753427652791
1421,-48.06342208133992
1422,-879.5452419890589
1423,-568.5324702927046
1424,3632.0214828335393
1425,9681.314952049484
1426,7032.485638930189
1427,4514.233256748055
1428,5503.67200979231
1429,337.8471897782001
1430,636.8265376745189
1431,929.4045590455607
1432,205.987694125693
1433,387.7059583260767
1434,-374.6930988550589
1435,-1803.2409736590716
1436,-2247.052261865958
1437,-2636.202508928808
1438,-2000.496187328813
1439,-1591.6912589455678
1440,-2475.6268868511656
1441,-2966.943554721394
1442,-2512.4195181534296
1443,-1721.0946531143982
1444,-1593.3203470590397
1445,-1827.3095440124252
1446,-1928.0669332728185
1447,-866.753773879127
1448,542.7848221988788
1449,-1376.4291689937645
1450,-4536.578898302956
1451,-6403.104903570991
1452,-8862.346463082114
1453,-7168.6596064597525
1454,-5059.708949249499
1455,-3648.6684902516427
1456,-2089.221396927852
1457,-316.8423520277556
1458,259.75146891803377
1459,-1008.375776075795
1460,-1595.693957874949
1461,-1675.63317866586
1462,-866.3385047753711
1463,-325.7905374861007
1464,-1962.9617165399818
1465,-1848.3208423116514
1466,-945.4232097144459
1467,-255.71411394998336
1468,-26.501695489440635
1469,-351.7948718351215
1470,-316.5685507381954
1471,611.4161815956259
1472,1390.174295850908
1473,-2132.623174010687
1474,-6045.337793108974
1475,-6656.662469935851
1476,-6753.189912079055
1477,-4681.667206539151
1478,-4659.392360836179
1479,-4422.369763395323
1480,-2276.8938593133453
1481,-1482.5429059653022
1482,-2713.4525053434804
1483,-3506.48625337883
1484,-2452.5053885264488
1485,-2216.696233578771
1486,-1410.7657457046098
1487,-914.9332701908537
1488,-2199.5084893663497
1489,-2497.8449948473763
1490,-1738.075379244659
1491,-1239.5676222045513
1492,-795.8351826854089
1493,-1120.002271833749
1494,-1032.3171015044486
1495,-468.46452164265133
1496,-162.58213485849708
1497,-1556.4762465972776
1498,-3784.5772573718878
1499,-4198.355480350938
1500,-5503.471300371005
1501,-1074.086626616374
1502,1674.9013744242975
1503,1695.489595038891
1504,328.0262017663349
1505,-2577.9764826563073
1506,-2594.919352756186
1507,-2487.2415135815927
1508,-2118.0643298110317
1509,-2326.6118262516375
1510,-1634.0715673242423
1511,-1000.9563054045092
1512,-2377.9963028982233
1513,-2805.9571706771585
1514,-1933.9454041703705
1515,-1048.179527004098
1516,-1182.8136753587248
1517,-1273.9321045770866
1518,-1035.0744718190647
1519,-4.511361622353718
1520,1107.5267978961886
1521,-19.62576535543394
1522,-3214.707196266156
1523,-4580.871800923191
1524,-6855.437978646298
1525,-3519.8899335330584
1526,-1468.6720651168953
1527,-1264.1247991788227
1528,-1836.651098215905
1529,245.96911745514035
1530,-552.4735944859233
1531,-348.3688269595484
1532,-725.1888366179535
1533,-1.3509197412613503
1534,1707.0339656211017
1535,2803.656888683042
1536,1978.178814099846
1537,2058.503996029671
1538,2580.1502441198463
1539,3058.918359385707
1540,3419.164364335782
1541,3248.018605621264
1542,3102.255878112588
1543,2088.4639025413117
1544,-945.9034844568146
1545,-8389.4091847054
1546,-7474.067413535264
1547,-3208.2978849456813
1548,-3221.3679815474457
1549,860.2430111742292
1550,-3707.6688040291256
1551,-4582.730923226015
1552,-2306.3642183742595
1553,-2056.322893448026
1554,898.8727012673935
1555,1383.1274253377555
1556,1299.3474993157693
1557,3272.3931791474633
1558,5277.800509775912
1559,6322.800326962352
1560,6623.510682238747
1561,6566.761310328947
1562,7155.232190529535
1563,7664.074090050177
1564,7817.597878723398
1565,7301.815960206727
1566,6141.2977839807345
1567,3531.3563552605065
1568,-185.49971735638792
1569,-4894.581720057111
1570,-5449.658153179112
1571,-5560.346697189329
1572,-6550.480481815263
1573,-2811.059293847724
1574,-5301.883758774361
1575,-5240.918143901017
1576,-1797.6896282210223
1577,-1318.5326692680285
1578,900.6052747346232
1579,1858.3168562409485
1580,1328.8127455039753
1581,1678.8160445031183
1582,3313.5934041784276
1583,3461.1662398597164
1584,1925.9367619422283
1585,2919.4949787079604
1586,2070.7366244931563
1587,2362.2866122817086
1588,2501.89835216364
1589,1926.762681318407
1590,1597.6033089813477
1591,2530.043491095774
1592,5096.701714967517
1593,6440.372859230361
1594,3140.979524226266
1595,546.0225230752039
1596,-1045.554849827905
1597,-1598.0872472748997
1598,1957.577354118781
1599,3184.1450793993763
1600,2861.640426109084
1601,3183.488953020132
1602,3172.5231569211855
1603,1473.7757278542078
1604,885.0923424576665
1605,193.0087443452835
1606,624.7910352888375
1607,1613.1733313805034
1608,465.8740844024203
1609,-608.3996696414852
1610,225.9977380699986
1611,1227.5929945377206
1612,747.532783228557
1613,522.2706661178131
1614,1152.1999142340765
1615,2515.9683356425967
1616,4058.965538092542
1617,3346.7693709504283
1618,1250.5787655123006
1619,-1589.0147914868057
1620,-3609.618198315654
1621,-2204.4767980926663
1622,1093.4931891317478
1623,1855.535914630448
1624,1061.585394064141
1625,951.4192710150974
1626,1466.4358060911384
1627,147.1763080577341
1628,179.6925145625786
1629,-365.50023638228924
1630,591.333484756728
1631,2028.875393930139
1632,359.5265178182126
1633,-201.09951026732654
1634,656.5687939481852
1635,1400.852693456328
1636,1595.821246883642
1637,1434.330109198003
1638,2122.347670551572
1639,3477.294870630694
1640,4900.815049400383
1641,3642.9385051773706
1642,713.0394040061337
1643,-2128.2386313309125
1644,-4463.064186434343
1645,-2667.5975255938915
1646,-765.5066803895857
1647,979.768784999052
1648,1294.362418518903
1649,449.2305473023807
1650,-433.56541123251964
1651,-969.9456522665009
1652,-276.2830903374273
1653,-921.2712392020518
1654,499.1239850430163
1655,1440.66109137487
1656,-308.6930128638346
1657,-767.0398778965975
1658,95.91860307143531
1659,604.1135484623509
1660,464.7926121005414
1661,651.1561003438351
1662,1345.0440352462147
1663,2049.3696781301915
1664,2628.871871870926
1665,5091.349124774786
1666,6435.657312368276
1667,7789.012421013451
1668,5986.008726433611
1669,9316.542210440106
1670,11127.219273030201
1671,7890.6034322575415
1672,5625.523191254718
1673,2853.9695818653227
1674,432.69230773560093
1675,685.1119359508039
1676,-603.9943884320096
1677,-958.0204973257097
1678,348.4113656657932
1679,1420.458082021516
1680,-352.12290589279553
1681,-205.1794101636312
1682,51.30858742931707
1683,512.7248061271434
1684,1083.7410730581087
1685,703.2818074886902
1686,1422.9293587202362
1687,3095.002858034536
1688,6288.282230973831
1689,3331.531424739326
1690,94.69498509041387
1691,2535.782056300117
1692,3221.4156865412906
1693,6917.9485035277785
1694,6921.961819072229
1695,7256.3623478978525
1696,3490.7002268023766
1697,4392.091087213286
1698,2899.1418173762795
1699,2081.1229277165257
1700,1392.2626051607047
1701,1532.0351711336816
1702,3292.154645811728
1703,4253.9396975288455
1704,3851.636098979501
1705,3703.9456731128703
1706,4025.4367546624135
1707,4889.696032495685
1708,4946.5868117836635
1709,4978.263916880163
1710,4882.807120331148
1711,4179.049552528335
1712,1916.4484589230042
1713,-2424.5468669278953
1714,909.7380616951091
1715,-50.01055773683629
1716,-3079.5301630324
1717,509.7323224142292
1718,-3656.2733844481263
1719,-2165.6887695987407
1720,-419.4822035089619
1721,422.04195109090597
1722,1822.1976989106038
1723,2581.3074809748646
1724,2362.5708228113044
1725,3855.759148405745
1726,5925.732093998479
1727,8115.82210974672
1728,7234.2501854994525
1729,7035.801036730681
1730,7543.721712135959
1731,7812.342432150035
1732,8121.136113528452
1733,7289.637101709157
1734,6319.173797873376
1735,3563.5655475054646
1736,525.1555414613697
1737,-5547.643090034104
1738,-5939.706312333555
1739,-6434.967495617407
1740,-6682.070728530454
1741,-1843.7389985759555
1742,-4598.639499182056
1743,-3340.9066437470365
1744,-4152.2787343805885
1745,-2839.3436678762864
1746,-491.09196630475117
1747,-1042.9301198321414
1748,-128.7792342966154
1749,256.327627019381
1750,2142.726410589048
1751,1871.745372911676
1752,329.01984440813067
1753,382.24515072485065
1754,167.7861787297943
1755,1114.6199531626498
1756,644.4260179547264
1757,733.195638552821
1758,396.663210366557
1759,1831.5192910317364
1760,5433.879320819094
1761,7242.868244828993
1762,2601.144782950276
1763,282.85089448461804
1764,-2932.77192367095
1765,-4623.617375840578
1766,-105.53597330860885
1767,-1098.5404987430097
1768,848.1542061723549
1769,2611.724786489781
1770,970.5773882373676
1771,263.2575367596128
1772,-731.1815871772885
1773,-1342.3906413336902
1774,-685.1950475268058
1775,444.85798380864094
1776,-1037.38695004202
1777,-1937.849505286368
1778,-603.3428888811686
1779,-163.7077521495927
1780,47.41200190296172
1781,341.91093469162405
1782,305.30265560373005
1783,2123.6709580576107
1784,4216.272552218256
1785,2101.630918015766
1786,-1688.5076514926159
1787,-3827.0264478434246
1788,-7123.889011499059
1789,-5938.541382555553
1790,-3346.183883469179
1791,-3290.8779779415822
1792,-1178.8891091826652
1793,-357.46330501626153
1794,-956.7990078786272
1795,-1491.8772962033215
1796,-1871.5399827505482
1797,-2402.398240300993
1798,-1083.3975770929446
1799,625.7242859672356
1800,-1819.4063491719285
1801,-1630.479465029505
1802,-1516.1238172022245
1803,-284.8748445824899
1804,-106.84818882300218
1805,-162.98987847500103
1806,333.8390756320798
1807,1734.319888282912
1808,3344.151141453935
1809,2022.3668351831857
1810,-1165.1967928854579
1811,-4433.500196953911
1812,-7230.485431435018
1813,-4642.497604804956
1814,-2524.8155905478166
1815,-2566.8493771518615
1816,-1375.7941157135385
1817,-853.7159270414109
1818,-2447.8100209998
1819,-2911.1164980674043
1820,-3088.0710465283914
1821,-3261.7493629554365
1822,-2142.0238656433467
1823,-920.5641274019258
1824,-3477.009317856296
1825,-4708.557740147258
1826,-3159.0882806022537
1827,-2420.560727935612
1828,-2263.2279614269473
1829,-2668.1514253063783
1830,-2353.0726041628445
1831,-1220.7598030923455
1832,446.6447800182332
1833,-1483.2566872485456
1834,-3055.0872973491646
1835,-6039.055573134339
1836,-8559.207039938812
1837,-5970.600706298248
1838,-4363.098432675723
1839,-3015.8052503864583
1840,-2293.8376927541094
1841,-3063.8967384935972
1842,-3685.2588688481933
1843,-3532.363382645819
1844,-3740.326416037637
1845,-4831.406457686696
1846,-2827.022196376356
1847,-1588.1928693371729
1848,-3323.3753153052785
1849,-3307.3317147612943
1850,-2730.5148293245884
1851,-1943.4421953489127
1852,-1477.749934560814
1853,-1542.6277802487853
1854,-796.228573345109
1855,1446.8423193152498
1856,3736.6341821084366
1857,1904.817992042902
1858,253.40883479280092
1859,-878.9255040853377
1860,-3339.278943840406
1861,-756.5651103067212
1862,1087.0249749628201
1863,849.2698397063086
1864,1803.5957811156895
1865,2334.876603583494
1866,894.3466868074938
1867,-140.65124452260898
1868,-638.9570818499005
1869,-126.50989771588502
1870,1028.9646391289448
1871,2286.4017437421444
1872,1370.8613330246926
1873,1595.3021888131225
1874,1832.4287980853487
1875,2754.0878957960485
1876,3158.0825468163603
1877,3006.457377709068
1878,3543.8922021698363
1879,3445.595432481501
1880,710.6175496234287
1881,-8108.967879363732
1882,-9330.824974858459
1883,-8638.225590704247
1884,-10280.577676939844
1885,-5884.5203481540575
1886,-9398.307682358804
1887,-5369.732393945407
1888,-4343.544767178928
1889,-2398.0202647588467
1890,77.70100031831089
1891,1227.1067886277406
1892,814.6846793708355
1893,2305.7991848671977
1894,5154.225736096814
1895,6895.000641141354
1896,5752.224822898917
1897,5986.549624801601
1898,6201.050813203143
1899,6515.807061772501
1900,6394.484779786262
1901,5748.550262018622
1902,4510.312258023005
1903,2155.5830020958224
1904,-2151.2279791031406
1905,-5779.934193444281
1906,-7446.693116178524
1907,-6769.415226467665
1908,-6913.080336425129
1909,-2731.1144259451276
1910,-2873.7925797881744
1911,-2944.1142796057416
1912,-3290.5338641099033
1913,-4006.8007664538836
1914,-1996.4666170792498
1915,-1739.7469453646559
1916,-1887.5421657789952
1917,-1520.8069174427037
1918,-53.57349342986254
1919,81.81904132496311
1920,-1407.9413566903313
1921,-1033.2274978905452
1922,-1342.666301881357
1923,-1155.859310297229
1924,-1224.7555190320672
1925,-1864.5673760311292
1926,-2081.7412520607604
1927,-917.6208542170543
1928,4122.025566649459
1929,13723.634884245566
1930,13295.2950813241
1931,9073.033271388435
1932,8801.021319456462
1933,5445.9701505882695
1934,8277.488115345868
1935,5742.478545380956
1936,2281.891819880623
1937,1747.21467201202
1938,-501.757258274587
1939,-2127.1441781267386
1940,-2833.57848848216
1941,-4120.788129956616
1942,-2775.7898412407267
1943,-1471.1327553775238
1944,-3360.5419449088076
1945,-4083.4896157836138
1946,-3409.480521648853
1947,-2641.4677828118656
1948,-2546.3913969245527
1949,-2435.8031151429386
1950,-1823.8574009657589
1951,466.73027616310674
1952,3901.319394072203
1953,4142.302400111618
1954,-973.9206447850047
1955,-2184.2875619469014
1956,-3731.9719727020665
1957,-1176.830069850952
1958,2134.076177578856
1959,2265.0836067375976
1960,3722.5459149589788
1961,2408.966061493705
1962,708.9333843688157
1963,-195.70106387054693
1964,-1031.651024629813
1965,-1987.1802133911497
1966,-716.0097501224736
1967,-230.95562074289955
1968,-1372.0188861418765
1969,-1572.7174179254862
1970,-1234.9696718233713
1971,-752.7056804334193
1972,-855.6757282484045
1973,-776.7696650097296
1974,314.41631827733636
1975,1405.40938687885
1976,5266.880088178881
1977,5744.84225593744
1978,4315.025696023228
1979,3757.7799413654757
1980,2428.008974213756
1981,4210.502382965502
1982,7851.406890243168
1983,7960.30154565491
1984,5990.49036407088
1985,3094.7856978328527
1986,220.10057770964795
1987,-1261.9467777307916
1988,-1009.103515085857
1989,-2143.130864333723
1990,-737.8780287364976
1991,545.6910031532723
1992,-1244.1013675676957
1993,-1542.9536035247475
1994,-773.7629912493799
1995,-669.7710160261231
1996,44.06805987566247
1997,-425.38627801700835
1998,677.2479433140599
1999,2633.9620813118736
2000,6934.8678586225
2001,7826.969974118377
2002,4976.387952779332
2003,1887.6972119567954
2004,-1337.2712051012018
2005,1152.6223838405513
2006,3234.2808910953436
2007,3438.1036263771675
2008,5376.1948635682875
2009,5623.440386004913
2010,3567.928038090677
2011,1595.9451826174968
2012,181.0339049298791
2013,-1313.329376736034
2014,261.22727585016617
2015,933.84131143837
2016,-589.9053011994379
2017,-668.5661318974934
2018,-146.4397493261465
2019,-280.8352244168617
2020,260.13529365111117
2021,334.372940899779
2022,1052.2291252868636
2023,4280.8420112520525
2024,7837.721415906458
2025,7712.215477828271
2026,6265.335365154454
2027,4969.75169272299
2028,-96.01359675193976
2029,3651.052424367701
2030,4770.215913047792
2031,4741.5362714094645
2032,5289.804597218299
2033,5483.37480547592
2034,2464.09484874209
2035,1204.137047674705
2036,-97.28221217182329
2037,282.2802884526054
2038,1618.0072838685985
2039,3183.2748332705733
2040,2223.309946720994
2041,1891.3623351104911
2042,2578.0828070377856
2043,2934.3565329431926
2044,3213.634485399384
2045,2796.6569719871886
2046,2575.999322849597
2047,2749.515683675137
2048,1108.7762971040047
2049,-4886.989455839102
2050,-1750.8543998558944
2051,-509.99098774464073
2052,-3031.4562356992305
2053,1888.729571091555
2054,-3971.2085497412572
2055,-954.0114782616447
2056,-1373.7705959462328
2057,-2210.0165582280406
2058,-1728.544454342601
2059,-593.67263303459
2060,-996.6945478224977
2061,663.082644587176
2062,2697.136553062579
2063,4901.205997449656
2064,4000.590405639743
2065,4759.735543067212
2066,4632.428463864346
2067,5720.185623272965
2068,5605.828473955374
2069,4717.724246798579
2070,3956.3742983027887
2071,521.4515078303842
2072,-648.7520011999615
2073,-5091.94440603188
2074,-9392.199779862354
2075,-9482.04058144761
2076,-11473.647219134811
2077,-7231.847072293807
2078,-10472.71826575604
2079,-8542.986576005223
2080,-6209.362951505164
2081,-3613.8766023857625
2082,-1462.8072503574022
2083,-1890.6205596192326
2084,-1431.1596879984468
2085,-975.841680843198
2086,748.7743659662947
2087,864.508892655369
2088,192.47406077907544
2089,-411.00523212582993
2090,132.44002492622712
2091,306.0518396887801
2092,119.34443085949351
2093,-99.4682913686247
2094,-382.00273402958646
2095,2781.760842721138
2096,5931.373882966969
2097,10632.646786475874
2098,5007.527330314204
2099,337.524284051613
2100,-203.25042713342918
2101,-6265.4859882400215
2102,1532.7863011741865
2103,4486.134578104007
2104,2397.8849491195833
2105,2846.8364134960193
2106,519.0792797475342
2107,-1286.0076361963243
2108,-2573.64384491249
2109,-3534.6655085828634
2110,-2627.463409042607
2111,-842.0732401552723
2112,-2752.394574165916
2113,-3744.1149478806515
2114,-2960.172019825546
2115,-2500.2694857367633
2116,-2251.6893030446045
2117,-2220.708336128939
2118,-1520.8261429948109
2119,717.1742143133333
2120,4362.479446985323
2121,3784.002630906416
2122,1094.6450145368058
2123,-1544.3900810022137
2124,-5030.174357241437
2125,-3338.8279592813406
2126,-693.130317431209
2127,-504.8316505123298
2128,-1062.8346291514135
2129,-2520.5714239747904
2130,-2994.3939270663886
2131,-1404.9497093719142
2132,-3234.690036326563
2133,-4284.593545751202
2134,-2359.9540777618413
2135,-867.8596374866582
2136,-2780.626011874845
2137,-3149.0240870967095
2138,-2265.568671630144
2139,-1689.662069408775
2140,-1870.7787773579469
2141,-1659.4280822245971
2142,-1135.3889165293422
2143,1156.1521065552492
2144,4782.131697788733
2145,4460.444012916325
2146,3785.9622525479126
2147,2788.254623463101
2148,1516.3460944109083
2149,4117.4802640218195
2150,6152.418560291873
2151,4571.362401388382
2152,1054.159294904649
2153,-2521.851830872677
2154,-3967.594854377449
2155,-3987.9328528670985
2156,-4450.7112115654745
2157,-5261.837353556792
2158,-3829.613697315506
2159,-2478.53339421456
2160,-3872.2991601281688
2161,-4487.855400951788
2162,-3764.1203620590522
2163,-3093.1150737152807
2164,-2926.08044048958
2165,-2885.7045319357817
2166,-1821.345680862103
2167,93.5908855189416
2168,3394.9078926400935
2169,2586.1353224570034
2170,-1299.4215299222296
2171,-4275.075027287847
2172,-7870.46070629295
2173,-5909.3273821327475
2174,-4093.535302507604
2175,-2941.152507004254
2176,-2661.215331231074
2177,-1716.1609641841023
2178,-3058.884689786731
2179,-4188.932216424471
2180,-4710.96414712012
2181,-5641.832356709576
2182,-3968.322878671117
2183,-1693.4478137188926
2184,-3391.975358073956
2185,-4588.718594940106
2186,-4007.8601940228436
2187,-3237.566868746882
2188,-3165.114536930898
2189,-2952.7869944273752
2190,-2572.09279391388
2191,-399.71798259780644
2192,1961.358240604175
2193,-596.2819139361416
2194,-3863.118922409718
2195,-6715.878195190751
2196,-10160.889343920424
2197,-7052.848901838232
2198,-6009.220166531835
2199,-5890.651790243259
2200,-4973.333320686249
2201,-5320.133169275972
2202,-7329.587917128442
2203,-7821.434951652191
2204,-7907.947317710687
2205,-6798.763185710221
2206,-4856.13244545216
2207,-3369.922022582101
2208,-4959.576917382922
2209,-4800.773520305636
2210,-3840.9960863370375
2211,-3321.177607686428
2212,-2727.055164469689
2213,-3215.3388693126603
2214,-3263.060133347652
2215,-4115.2240571674465
2216,-6873.482778444733
2217,-13284.157840107648
2218,-10310.061330980705
2219,-9802.003927203612
2220,-12156.096477664109
2221,-5764.383341621633
2222,-11267.672189691453
2223,-9395.181850135017
2224,-9651.222243478043
2225,-9180.958389137082
2226,-7321.527181522664
2227,-6101.504262488819
2228,-6505.611719002435
2229,-4369.362445600973
2230,-1629.8917566167884
2231,382.95367011582675
2232,-1417.345296946573
2233,-303.70472207464354
2234,-249.64093420214476
2235,375.5785850521279
2236,716.2474345367618
2237,31.74565867354704
2238,-1629.3380664902825
2239,-4049.5690435201445
2240,-6204.180735654934
2241,-8966.582104160121
2242,-10320.650906770365
2243,-10748.436735678733
2244,-11217.331582332177
2245,-9256.377570444296
2246,-13329.715717989131
2247,-9699.419079427249
2248,-8529.066107276874
2249,-9261.438044444587
2250,-7601.237854686244
2251,-7908.31089761526
2252,-7647.180456527468
2253,-7075.365547428417
2254,-4614.3018175639645
2255,-6008.682848543052
2256,-6364.719655764833
2257,-6838.750088017261
2258,-6355.288341044627
2259,-5878.086432034479
2260,-6223.261052881027
2261,-6980.656865006978
2262,-7099.445085815312
2263,-6160.815247679813
2264,-1290.9566019627018
2265,4204.056419702469
2266,2386.453294979572
2267,3915.022329496831
2268,2193.7650012992126
2269,-445.28239591831334
2270,8265.668191433964
2271,1997.25448587352
2272,-1476.730896989382
2273,-3155.983074379348
2274,-8268.339974011029
2275,-7996.270216786214
2276,-8017.09982410378
2277,-9788.649883833374
2278,-8725.3978155578
2279,-6377.25055462798
2280,-8008.073765220921
2281,-8240.118507512603
2282,-8041.2090447312
2283,-7054.115926170406
2284,-7333.148301905613
2285,-6984.06490324124
2286,-6357.480640893371
2287,-3931.728945498453
2288,-763.7499323038205
2289,688.347600079409
2290,545.7193882774718
2291,657.9526212875535
2292,-965.9894679652152
2293,295.2710310179482
2294,583.6066408702654
2295,-3286.7838518872486
2296,-4347.080915837672
2297,-4773.141258181347
2298,-6064.115543868897
2299,-6437.15639649397
2300,-7286.948851735868
2301,-7249.208994031848
2302,-5979.475029471507
2303,-4348.003748183533
2304,-5899.432317970872
2305,-6561.595709615551
2306,-5542.042817901758
2307,-5479.9134336501875
2308,-4728.852836678191
2309,-5198.882026783389
2310,-4505.851875892502
2311,-2904.310700853194
2312,904.5222180300038
2313,544.0600444425755
2314,-3262.3174932467427
2315,-5170.614833975416
2316,-8449.69160889307
2317,-6597.438410545301
2318,-4523.6290283144435
2319,-3118.999400142785
2320,-4799.183573413431
2321,-5265.540545828893
2322,-7396.881911443772
2323,-7465.302783509276
2324,-8303.2459029683
2325,-8506.827809428803
2326,-6778.417114968694
2327,-5654.917231469189
2328,-7462.57978081404
2329,-7772.988138631835
2330,-7418.999044489942
2331,-6805.0059425808595
2332,-6639.84145299444
2333,-6885.0146364651555
2334,-6683.534211606923
2335,-4906.66492132719
2336,-1665.6371166689896
2337,-1383.6447037799037
2338,319.8688448481844
2339,1523.3290253078276
2340,-193.34150935874823
2341,1185.6159782570103
2342,3322.2106968781336
2343,-54.041125278831714
2344,-2049.1451162735266
2345,-4507.953449029772
2346,-7267.719612909232
2347,-7805.090740516402
2348,-8449.764338408997
2349,-8649.827338930496
2350,-6773.363447682426
2351,-6072.748759343817
2352,-7345.393788064948
2353,-8283.974928849284
2354,-6938.119624650395
2355,-6767.025948218924
2356,-6588.07445307925
2357,-6749.341868272012
2358,-6341.774353032444
2359,-4494.251229995404
2360,-1355.1898435280561
2361,951.4903507072423
2362,2013.1242202448036
2363,2812.3935421628053
2364,1632.6496824912995
2365,3891.632117948776
2366,3642.7224044034374
2367,658.2890198827213
2368,-2144.7557000558477
2369,-4414.893184412673
2370,-6763.029256279083
2371,-7748.755037482539
2372,-7080.30440056237
2373,-7086.499754460432
2374,-4894.436291701473
2375,-3709.0166876418316
2376,-4372.515337735795
2377,-4412.725881188964
2378,-3908.575803780694
2379,-2934.5106217312205
2380,-3140.6851642416545
2381,-2736.153535524275
2382,-2909.5351386807542
2383,-2882.3666358865685
2384,-2659.1989610575893
2385,-5004.1886734867585
2386,-2002.850700991523
2387,-1274.0354211365711
2388,-2773.0809011041747
2389,2471.796181429193
2390,-1973.105963550469
2391,-2658.5543848852626
2392,-2251.1343753612196
2393,-2963.8751563672113
2394,-1489.4848646508872
2395,-54.81185853142233
2396,-903.0477877367757
2397,548.7486247195811
2398,3137.2541528286065
2399,5252.923017777661
2400,4936.61503361589
2401,5507.6183899168045
2402,5908.939892852915
2403,6253.083469599769
2404,6257.726329564199
2405,5343.0048708115355
2406,4519.532171625066
2407,2641.169434577905
2408,1440.0685313193972
2409,-2484.821482795819
2410,-3048.000993081834
2411,-2300.0350776353216
2412,-3758.7487828410317
2413,-819.0846909234128
2414,-4244.854875298342
2415,-4659.941131411392
2416,-3806.328439445314
2417,-919.0761727395577
2418,734.5907599936816
2419,497.32685315639833
2420,27.518255420765513
2421,96.84451428421312
2422,1807.5664066800637
2423,1943.4948251687447
2424,1303.513667553012
2425,1464.2676349064268
2426,1681.0237558486679
2427,1245.351968315853
2428,976.4857211414501
2429,351.55932571128596
2430,170.17567817952295
2431,2609.388894810953
2432,10093.09321430007
2433,17419.881168534146
2434,14922.434167150357
2435,14657.118010637863
2436,10992.094734897324
2437,7743.963687671741
2438,13388.658871364576
2439,12064.028370241418
2440,10126.502814471947
2441,8523.340083528137
2442,4386.025523889784
2443,723.8381382847338
2444,270.95655679387073
2445,-2819.7191920580385
2446,-1426.5113004675777
2447,-226.0288546237398
2448,-1430.9649921342482
2449,-2106.087021403874
2450,-1128.2362509652412
2451,-1375.7497768215535
2452,-889.5140168632483
2453,-1292.5612543553757
2454,-240.20341982345553
2455,2350.6908525910567
2456,8677.8111638983
2457,11347.146083268657
2458,11450.318233113572
2459,8643.29589104068
2460,7040.8455734532845
2461,7421.20960022532
2462,10982.191446037203
2463,8025.931331222796
2464,7091.269725117831
2465,4568.013613015093
2466,1800.2044677186082
2467,-569.8136735358846
2468,-865.6486813624313
2469,-2149.715619951219
2470,-1041.8519543409902
2471,422.11702178343165
2472,-1119.6507231488717
2473,-1210.5963341234522
2474,-877.1843589194008
2475,-698.583223239174
2476,-621.4868677169495
2477,-845.9740617322554
2478,-143.45174815559432
2479,3111.220109459213
2480,8536.897212142745
2481,12030.29502930563
2482,11579.647473828236
2483,11557.588810666504
2484,8768.158373493729
2485,9662.02769415995
2486,11080.48655459613
2487,9299.155457342857
2488,8777.797394116922
2489,7521.5939848039925
2490,4235.230015265623
2491,2891.3789722367046
2492,1878.2716890739557
2493,575.9325461868934
2494,1534.1966343268368
2495,2262.4934378527755
2496,1164.9703692308549
2497,390.1505693631009
2498,1021.4427925579103
2499,1797.1096890324561
2500,1291.180365565615
2501,1338.6888373736472
2502,1777.919026153717
2503,5187.2098583092875
2504,11904.037532385026
2505,14915.11895167947
2506,13644.824580973103
2507,12003.138957065514
2508,9122.774814022656
2509,10545.247462350766
2510,11093.012445737462
2511,9910.344471752633
2512,9792.19250240416
2513,9429.031225917417
2514,5913.212140848646
2515,4200.269023775396
2516,2545.8786957115353
2517,1020.3053308807033
2518,2199.3469628450257
2519,3173.055283007602
2520,2177.5138541696797
2521,2067.815142173233
2522,2325.0850683206118
2523,2252.9881331248075
2524,2604.0857371470156
2525,1928.5952192390268
2526,3320.9836552571905
2527,6627.718856221576
2528,12705.195631862294
2529,14264.53428395904
2530,12898.712084681283
2531,12218.690969708969
2532,8032.986583036467
2533,11477.619885104627
2534,10589.969107719371
2535,10308.143920429082
2536,10457.652287056813
2537,8766.402746865162
2538,4690.170297466726
2539,3966.046427475601
2540,2582.487704804103
2541,2534.6532698487736
2542,3373.8602427591495
2543,5607.626795485559
2544,4695.416055938147
2545,4147.8529085506
2546,4754.897696020005
2547,4706.96371942203
2548,4989.201512527568
2549,4453.018203877076
2550,4371.564585358408
2551,5613.136716973826
2552,5593.768972265938
2553,-2824.2015865992726
2554,-437.9139411744891
2555,391.7965794944939
2556,-1783.7123607749418
2557,2427.559099396476
2558,-3805.9193357158383
2559,-1156.4798756357377
2560,-353.2332176695563
2561,-1371.2330402314046
2562,960.7186750294131
2563,3037.9430315128766
2564,1491.654857820075
2565,3281.1384039010964
2566,5629.369298254443
2567,7897.018645308544
2568,6434.298097746445
2569,7186.063691631835
2570,6677.662363978179
2571,6715.901033176599
2572,6755.561119720428
2573,5539.4942858020895
2574,4137.15263042073
2575,1344.7473819404963
2576,394.9709908676534
2577,-1926.8526921417388
2578,-2168.418784823031
2579,-3199.413626418177
2580,-6903.076500551728
2581,-4905.546111929285
2582,-6231.032944814371
2583,-5200.871560393631
2584,-5429.099767750748
2585,-3042.194126181692
2586,-2192.498336245748
2587,-2650.49505707385
2588,-1883.501784335027
2589,-1928.9162819528583
2590,483.29488496184877
2591,494.1386901606338
2592,693.2021947475796
2593,-888.2019641217248
2594,-508.1993658798401
2595,-513.9141860837626
2596,-1631.0755166698145
2597,-2622.969160764622
2598,-4328.802863319748
2599,-5998.731418244141
2600,-6401.9811696806755
2601,-7859.785928064745
2602,-8915.180301115699
2603,-10425.19113677302
2604,-9896.79866250795
2605,-11130.734014491885
2606,-9383.925602145413
2607,-11555.904376883645
2608,-10815.96169396719
2609,-10660.882983941861
2610,-10454.70949038347
2611,-9553.371305905774
2612,-10182.508803923745
2613,-8972.42148835777
2614,-8088.49638912762
2615,-6399.318570963123
2616,-7717.661212823447
2617,-7819.1569077050835
2618,-7391.137062689826
2619,-7309.26358498732
2620,-6996.584273889457
2621,-7412.310911880385
2622,-6880.905616958972
2623,-4094.960847186637
2624,2590.678896430294
2625,9798.863012971968
2626,4881.475786614381
2627,2921.9897096041514
2628,-822.424109565829
2629,-3832.526039823342
2630,2109.4833596996796
2631,-828.9673235602204
2632,850.3749525668154
2633,1928.3483311817035
2634,-1186.2341674776017
2635,-3798.479372952973
2636,-3162.639239042158
2637,-5201.748614543699
2638,-4538.341814413205
2639,-2058.8054841861485
2640,-4049.382085147204
2641,-4543.547626395497
2642,-3993.620878786575
2643,-3446.6991483709676
2644,-3257.412422626972
2645,-3107.4140423613226
2646,-1958.6943070423577
2647,1877.79788798539
2648,6355.118451804308
2649,4648.769513440132
2650,2789.148692266231
2651,-2028.9061726217687
2652,-5302.714281619588
2653,-1829.474152372591
2654,-3158.4613513352942
2655,-1666.8308994315053
2656,-1741.8201546198322
2657,-2762.6643324045044
2658,-4226.480371187097
2659,-5286.432522843152
2660,-5527.37434599002
2661,-6340.876634553965
2662,-4532.502416881946
2663,-4002.093570853755
2664,-5182.878617585307
2665,-5735.472761237759
2666,-4915.761907009237
2667,-4937.875136049454
2668,-4585.77254767148
2669,-4740.74900559098
2670,-4062.2194398295596
2671,-468.54491435550176
2672,3761.147202590152
2673,2942.5094290440084
2674,986.5918679925942
2675,-1256.7680207275928
2676,-5167.169365714783
2677,-2941.236671164772
2678,-2133.7350184207435
2679,-2229.6965247631642
2680,-2287.828869995471
2681,-3692.0730137679884
2682,-5443.479571156671
2683,-5565.357518044116
2684,-6709.037167501246
2685,-7219.42411852752
2686,-5988.321345721207
2687,-4146.7262562350625
2688,-5627.871751989914
2689,-5931.1694684674685
2690,-5736.808870702627
2691,-5251.511059846468
2692,-5224.473275150613
2693,-5302.919684502488
2694,-4527.013566236894
2695,-2168.2644859573675
2696,2045.662788025735
2697,259.1352068480246
2698,-2207.961684165557
2699,-4281.918033992939
2700,-8013.169184664486
2701,-5026.926678992674
2702,-5833.25509510227
2703,-5804.020120799349
2704,-6233.163537564085
2705,-8063.370142068146
2706,-8886.88900678887
2707,-8169.077931188918
2708,-8620.051765924365
2709,-7898.07112488036
2710,-5807.189644729921
2711,-3982.4599495435677
2712,-5148.357783917609
2713,-4695.101164475326
2714,-4522.856047813301
2715,-3772.9641988830485
2716,-3446.697821252575
2717,-3982.293689978723
2718,-4611.683201998638
2719,-4391.752566696992
2720,-6192.00225955569
2721,-12519.79910076722
2722,-7526.035939885718
2723,-7872.864559266885
2724,-6662.091582746589
2725,-1925.6083221218532
2726,-5674.438349296831
2727,-4701.2704347206845
2728,-7392.922121886169
2729,-7274.901996860618
2730,-6794.781677460838
2731,-5630.454403431778
2732,-6017.605725409529
2733,-5192.670469776369
2734,-2437.275087518632
2735,-353.7153663206759
2736,-698.4249872790506
2737,-1171.9832464859833
2738,-465.529712897644
2739,-454.27194780713944
2740,-382.8764685519691
2741,-1426.4048130745477
2742,-2896.4048912338094
2743,-5438.006455546634
2744,-7003.735412698318
2745,-7453.606908457836
2746,-6407.089439964281
2747,-4490.657636413244
2748,-4630.250572761004
2749,-3060.2156028137088
2750,-6464.442067544057
2751,-8373.603697321483
2752,-9808.60869955526
2753,-8296.585739219023
2754,-7901.279156893048
2755,-7832.026788172676
2756,-7843.664276053382
2757,-7443.555355481121
2758,-4414.355883336184
2759,-3647.490223352135
2760,-4542.505065645721
2761,-4782.73701110026
2762,-4936.555791270697
2763,-5257.785619805019
2764,-6077.054756091455
2765,-7610.853224391987
2766,-9714.045821341271
2767,-12955.481227809803
2768,-14858.42084050897
2769,-17710.934784513185
2770,-20603.755526635086
2771,-23100.356182389816
2772,-22940.97598194672
2773,-23544.001640222585
2774,-23100.939678515082
2775,-21263.3476262216
2776,-20730.66355154897
2777,-19733.913485203586
2778,-18155.770100884743
2779,-18022.02366789162
2780,-17131.565836252852
2781,-16310.411117478663
2782,-15185.952346131668
2783,-13634.19609950092
2784,-14501.172085708335
2785,-14759.486539254474
2786,-14234.601742183686
2787,-13449.49913555042
2788,-13266.454810242965
2789,-13421.663729874626
2790,-13399.819803412873
2791,-10736.923185926784
2792,-4112.866675399695
2793,4877.628568147913
2794,2957.0986878149015
2795,827.3081352396548
2796,-191.36942621058915
2797,-4227.992176465657
2798,3354.2759431472514
2799,1270.5928858270854
2800,-3201.7563080296386
2801,-1403.4385766051491
2802,-4108.489839589447
2803,-7410.9763106995215
2804,-6679.010883413697
2805,-7707.442027558796
2806,-7441.548726380941
2807,-3395.0544002616807
2808,-5024.0206376686365
2809,-7479.270031913172
2810,-5804.45437987833
2811,-4901.684585845111
2812,-5119.971643952428
2813,-5715.755889007705
2814,-3272.707405887042
2815,-725.9295040746956
2816,3407.9959888581725
2817,4687.1459869161245
2818,5525.338609435275
2819,3244.556324055878
2820,-166.57171934082885
2821,1795.009182624933
2822,3380.904877575288
2823,1936.5045607556867
2824,-578.3740849909625
2825,-831.1230992647404
2826,-3237.849392139037
2827,-3822.5872370069037
2828,-4983.080830431485
2829,-5493.348459781281
2830,-3458.1187981895137
2831,-3836.9369722215597
2832,-4549.169656216861
2833,-4963.855934445406
2834,-4647.3579507184295
2835,-3480.8601866577196
2836,-3973.4420361962607
2837,-3654.378561827553
2838,-3256.921482379794
2839,-625.9144130130683
2840,5613.281049702871
2841,5887.009533604855
2842,-1191.5629818062607
2843,-3584.3399909717664
2844,-6609.195172394049
2845,-2556.0261331953716
2846,-4555.764453140406
2847,-4202.48818163539
2848,-1401.4395773388524
2849,-1956.0742801423767
2850,-3062.0874927882574
2851,-4101.810224089227
2852,-5159.537297065971
2853,-6158.634337537159
2854,-4505.365474525679
2855,-2987.791546487031
2856,-4923.851584020555
2857,-5093.6939968122515
2858,-4727.360084530817
2859,-4821.367382245964
2860,-4189.877522427345
2861,-4536.541788700833
2862,-3500.0998847455016
2863,-278.5599292614621
2864,1840.595215255902
2865,1474.3179003273688
2866,1107.91332818705
2867,221.9393896747447
2868,-2934.1893272122406
2869,-1477.707073381198
2870,-1600.0111145463377
2871,-2412.740658112116
2872,-3668.120982619655
2873,-4830.515032865427
2874,-5710.683657537644
2875,-5524.538394940992
2876,-6497.907665684561
2877,-5889.2584644807475
2878,-3954.564563686082
2879,-2059.522958725486
2880,-3445.95455379174
2881,-3243.1440724556637
2882,-2354.045265994483
2883,-1770.755852197242
2884,-1690.2010822886186
2885,-1572.887604403163
2886,-1735.836594135666
2887,-1915.8036094716656
2888,-1832.685611157979
2889,-9984.908523403254
2890,-11677.79512443652
2891,-12632.213073475441
2892,-15086.24215895555
2893,-9985.856999505328
2894,-13207.702503316807
2895,-11202.49801397619
2896,-7923.016812028934
2897,-6774.687433165502
2898,-4636.743427045518
2899,-3127.6778956146527
2900,-3542.41913498095
2901,-1491.7130571470097
2902,1231.3084899356418
2903,3497.3129708960287
2904,2629.263945986271
2905,2991.3542631106748
2906,3124.1349931775794
2907,3482.1163287827676
2908,3611.9275375042616
2909,2851.085732894133
2910,1728.1280332997212
2911,-755.758648803012
2912,-3196.9667044024045
2913,-6896.313311109034
2914,-7848.57380684073
2915,-9569.261677022118
2916,-12678.57778184422
2917,-8247.125204119828
2918,-10198.702555244576
2919,-8958.720074376772
2920,-6870.836977315183
2921,-4118.422944678399
2922,-1463.5239675274015
2923,-1557.7878431044676
2924,-1467.5488081092626
2925,-1498.8406367978832
2926,500.77633548268795
2927,271.5138366180081
2928,-393.8143971717054
2929,14.383698832797563
2930,-470.20732581250695
2931,526.3822665299044
2932,104.20730088133223
2933,-1032.226989629094
2934,-1101.6390024272323
2935,1517.1685435556674
2936,8448.946882357644
2937,14577.49300143691
2938,4978.866059686898
2939,1720.8783506493546
2940,661.3666729579836
2941,-3417.69967369985
2942,1063.5274413052466
2943,1394.777653029174
2944,2228.790509134422
2945,4109.058682426959
2946,1103.2599242884953
2947,-1569.6098633382462
2948,-2300.8746029404138
2949,-3771.1994199022583
2950,-3078.1126397049547
2951,-965.8802788077176
2952,-2853.427733933552
2953,-3655.3494118477065
2954,-3053.9386961545997
2955,-2878.7317184032186
2956,-3111.0353315924467
2957,-3230.969385107229
2958,-2513.266643301329
2959,-187.96449489231054
2960,4918.454982600687
2961,7140.075711151809
2962,9579.670425068945
2963,9504.962321872783
2964,7516.5047571956675
2965,8377.219214415405
2966,9563.788740705417
2967,7405.187440979374
2968,5083.471203884106
2969,2139.335157221526
2970,-730.455364134104
2971,-2312.976325742119
2972,-3324.5401281411687
2973,-4599.976604734015
2974,-2984.729609046767
2975,-964.6085424887168
2976,-2723.2984222888717
2977,-3303.702855778997
2978,-2575.8257032490815
2979,-2109.592371156308
2980,-2199.0367149644894
2981,-2476.1665450016976
2982,-1777.9019302153606
2983,634.8920377196648
2984,5260.356949682872
2985,7845.319411659078
2986,7062.590177850545
2987,4249.173171550225
2988,-152.92276152098384
2989,-238.70495437858153
2990,1725.0298428774377
2991,1157.6730957871987
2992,649.9415837925717
2993,309.4983897907714
2994,-1154.9555621367813
2995,-2673.8521711254098
2996,-3369.2990579482575
2997,-4155.457767671324
2998,-2790.1489093452424
2999,-1135.2623411597226
3000,-2802.248482948335
3001,-3759.6423603486373
3002,-2991.3123935280337
3003,-2409.182655210705
3004,-2633.254161533967
3005,-2987.3335883242994
3006,-2254.470910350732
3007,0.6528455618240514
3008,4813.6283769260635
3009,6119.134831015068
3010,4884.931661796208
3011,1776.8083644722883
3012,-2340.020912464949
3013,-2641.699833710658
3014,118.70222094198516
3015,841.9430893586366
3016,909.1722706923315
3017,-773.5674317810069
3018,-2590.3752529810445
3019,-3489.134435948779
3020,-4548.982530415908
3021,-5589.153969142766
3022,-3865.2217358425605
3023,-2111.1268264699174
3024,-3954.9117418444844
3025,-4602.47930957638
3026,-4189.131209117497
3027,-3802.9413254111437
3028,-3425.2516087696195
3029,-3483.4435247022475
3030,-2704.098134000205
3031,-326.29275139078527
3032,4075.7543205849724
3033,4329.3068252355815
3034,-48.93368831044063
3035,-3693.4469472670753
3036,-8274.796245814377
3037,-3242.5803058413976
3038,-5029.510234820635
3039,-5247.7306173283905
3040,-3376.742360029667
3041,-2351.624245903223
3042,-3084.9719789423116
3043,-4130.702545806061
3044,-4816.8042242423335
3045,-4463.283750513563
3046,-1986.7391460146614
3047,-679.0266970622085
3048,-1632.685021577373
3049,-1280.7250081941502
3050,-708.9363156165555
3051,-324.08500600446314
3052,49.61659997591869
3053,-71.56776212885643
3054,-473.5572160927727
3055,-565.6413847963922
3056,-974.0724517751441
3057,-9384.78546649137
3058,-11714.786528591545
3059,-10624.527949040004
3060,-13819.915608088073
3061,-8324.849277343561
3062,-14254.308031178509
3063,-10336.11039901077
3064,-7069.772462996872
3065,-6883.736496912003
3066,-4801.210651864869
3067,-1996.4964818334372
3068,-2894.35190652378
3069,-1052.1986266149447
3070,2038.3417274561773
3071,4160.314185120646
3072,3200.8468563286606
3073,3514.2056961694234
3074,3861.1324119606397
3075,4136.882483566996
3076,4231.278974965448
3077,3079.525193180065
3078,2256.4984172931163
3079,-120.64689047351476
3080,-2502.117329452931
3081,-8371.004176233871
3082,-10002.610800653023
3083,-8765.417534041539
3084,-8792.269368521658
3085,-5110.30654583699
3086,-6038.926069381327
3087,-3709.298802094412
3088,-4844.853141323756
3089,-6634.846901281846
3090,-3930.776346166338
3091,-4318.576563157085
3092,-3975.0438781161083
3093,-3567.790157991356
3094,-1150.1789508010006
3095,-1688.8922334601457
3096,-2213.0624721632066
3097,-1838.491765130355
3098,-1773.325284079363
3099,-1366.653296790213
3100,-1351.6194242073161
3101,-1941.6239973170777
3102,-2299.9672666576007
3103,338.7629755326134
3104,5154.102521088138
3105,11175.825018005056
3106,5760.93875241818
3107,454.8113631172073
3108,31.255838540097102
3109,-6374.896352511024
3110,-54.367432767887294
3111,-1474.934326947674
3112,-2718.0386411018685
3113,2854.622795420496
3114,442.63904480489873
3115,-3407.6114518940394
3116,-2562.706233384234
3117,-3831.707219098237
3118,-2911.932687311006
3119,-470.56879992694485
3120,-2321.358635025391
3121,-3403.673140939941
3122,-2194.314754268573
3123,-1605.7079693321105
3124,-1843.6342496429897
3125,-1850.226235731745
3126,297.69161633539454
3127,1718.9508889054741
3128,6404.859181752869
3129,5752.061889807634
3130,1972.9993370493926
3131,-768.5364719042855
3132,-4062.2099877047212
3133,-2432.1482998010556
3134,210.05480958123212
3135,723.4756367919454
3136,382.2923361131666
3137,-700.3586423324933
3138,-923.2962644170758
3139,-1227.3557470446615
3140,-2646.765167441968
3141,-4184.1131652843305
3142,-2247.2216941486963
3143,-886.4344314519799
3144,-2427.5329870077044
3145,-2979.719837299902
3146,-2524.7208560889717
3147,-2319.091271154558
3148,-2262.704840555076
3149,-2567.9715099834484
3150,-1836.180076717489
3151,574.5508440417186
3152,4677.706885946886
3153,5990.704386903808
3154,8761.203346640616
3155,8793.33466434621
3156,5950.457173235947
3157,8358.653098616105
3158,9774.198561627203
3159,7927.30669502436
3160,4691.137930324921
3161,1751.7509177557504
3162,-1737.527009053942
3163,-3357.9596471079567
3164,-3902.1436836685907
3165,-4869.275574019154
3166,-3399.5856546441782
3167,-2204.9355065702575
3168,-3632.973370483277
3169,-4370.377243526986
3170,-4182.25400988335
3171,-3969.170669049232
3172,-3590.05127271077
3173,-4223.555114158325
3174,-3877.020526142609
3175,-1611.6558856941433
3176,2032.3918728208837
3177,4136.4745906077615
3178,6087.862014247248
3179,5090.689139499129
3180,1733.6028338677506
3181,3182.878295229024
3182,4135.542386338024
3183,1312.9993478501947
3184,-830.8537190241605
3185,-2048.762558535942
3186,-4041.451239119339
3187,-4646.021693658134
3188,-5371.89918786386
3189,-6136.260563704676
3190,-4557.677776114433
3191,-2754.5479573994307
3192,-4644.753190424091
3193,-5197.023620614082
3194,-4783.4619662857185
3195,-4457.959881990401
3196,-4224.302149348315
3197,-4531.342999480193
3198,-3950.224382853046
3199,-1854.9462462244467
3200,2000.3631619026683
3201,4099.751498499858
3202,3949.463064437393
3203,2973.2494952962325
3204,293.2098461532705
3205,1663.3166748214398
3206,1004.0100939921808
3207,450.937473036098
3208,-472.68677002249353
3209,-2701.5987603207036
3210,-3953.8769143159775
3211,-4555.511953164698
3212,-5051.716057890908
3213,-5098.569982610263
3214,-2956.4933429680104
3215,-1409.55332661779
3216,-2778.568580611628
3217,-3027.3199480428207
3218,-2297.656805474395
3219,-1695.472644668006
3220,-1641.9455081233855
3221,-1943.5166064617679
3222,-1911.408670149728
3223,-2313.8566740284705
3224,-1607.0043893494858
3225,-6139.381081004849
3226,-1834.8301711801605
3227,-351.4833234337066
3228,-1018.7771602121534
3229,4048.6732051524723
3230,-1019.4167231823185
3231,-148.16421031811933
3232,-3400.160377880956
3233,-4368.518335354947
3234,-4709.009992632987
3235,-2608.8812171616887
3236,-2802.6366742006767
3237,-1491.0960083693426
3238,1225.7617534812807
3239,3124.3079547377874
3240,2069.8244085599
3241,2393.233418593547
3242,2416.6996969008815
3243,2853.6003785953944
3244,2901.073031141561
3245,1806.4914741769812
3246,-123.69593053833978
3247,-1380.203216211039
3248,-2289.7445787761785
3249,-3259.0359160744247
3250,-5330.938045115208
3251,-6259.96348915493
3252,-7645.72280947616
3253,-2191.282779988041
3254,-4110.965326458057
3255,-4113.011171714018
3256,-5888.845268951503
3257,-5751.48708574667
3258,-2974.321744958842
3259,-3130.5443678346346
3260,-3737.7299353940443
3261,-2787.424609703835
3262,-706.3995967893898
3263,-650.5853041173586
3264,-1466.1363298850038
3265,-1296.064448001588
3266,-1763.2285734850739
3267,-742.4058796378567
3268,-1369.645822370664
3269,-1366.8697306717872
3270,-1054.1248529857185
3271,1353.0464190833677
3272,7292.691922599213
3273,15118.422022540988
3274,11835.370376885883
3275,9102.284336387718
3276,7711.431252361227
3277,5491.5023902283265
3278,8639.879566472137
3279,7681.291030361419
3280,6659.362546372115
3281,7445.457228220657
3282,5815.313583988434
3283,2414.27608046533
3284,1377.6638986729336
3285,353.04280272233245
3286,459.8585068123157
3287,2112.745833383209
3288,892.6584178307735
3289,-81.8241006214862
3290,774.1833489883938
3291,1456.068541835176
3292,857.3054199127698
3293,521.6321316335509
3294,1670.7334724954958
3295,4267.223413375879
3296,10015.448249155274
3297,13308.45170571152
3298,10576.363545846512
3299,8252.403331274
3300,7866.487349695011
3301,8415.736967770077
3302,9543.567131624632
3303,9316.687723119248
3304,8717.792199971163
3305,8671.984851302868
3306,7323.358628542674
3307,4923.269166387538
3308,3539.8888610962035
3309,1932.8134370589703
3310,3248.6902944729554
3311,3770.8989548591876
3312,2686.790624259037
3313,2678.6308741684084
3314,2954.2898511377807
3315,2918.026162492436
3316,2938.4336924094305
3317,2607.496699056258
3318,2881.494827001156
3319,5373.7907578107515
3320,11745.773996235232
3321,13659.13947885235
3322,10693.277147404233
3323,9114.626599369787
3324,6374.620348534017
3325,6657.275255946941
3326,6765.665470962108
3327,5701.585756089022
3328,5952.7210001681115
3329,6737.318752340387
3330,5171.828894479681
3331,2687.434058629967
3332,1747.0190923581445
3333,900.1567600818585
3334,1493.7164622852802
3335,2278.7745805176964
3336,980.2164393948228
3337,447.24428314964507
3338,1334.7330243728074
3339,1701.395272083731
3340,1466.3609015051572
3341,1069.2256932975579
3342,1954.8538014932174
3343,4852.867594521761
3344,10567.922925612964
3345,11646.688557080655
3346,8392.722565539561
3347,5915.757148516766
3348,1059.9131753956326
3349,2750.287677315393
3350,2807.729604428136
3351,1670.531172505236
3352,3078.8864560114203
3353,3957.5178144212186
3354,3439.1946808334797
3355,2774.8527808155045
3356,877.8471039298968
3357,-131.8269102891927
3358,677.7510953598525
3359,2755.9727169480348
3360,869.0194622421499
3361,381.03376481813666
3362,905.0964333634354
3363,877.5198317887534
3364,1256.705556455278
3365,797.1177653164525
3366,2066.5630673222868
3367,5063.00361157042
3368,9595.114175916668
3369,8484.275994157655
3370,5313.357231358801
3371,2890.347160014573
3372,-1066.6522267718092
3373,1304.6048328113604
3374,1281.245717129581
3375,1634.5663544364488
3376,2596.613901247997
3377,1324.1851705116042
3378,-459.56116964804914
3379,54.03999632071418
3380,-743.1819728860773
3381,-1104.3450011220002
3382,1239.2018383039099
3383,2548.4007109214353
3384,1447.0396606545396
3385,1779.7723501123141
3386,2152.989253045399
3387,2716.204582163773
3388,2464.8168620546044
3389,2467.746894107941
3390,2204.6759212708644
3391,3188.360788633602
3392,1659.380807517714
3393,-7184.838166289959
3394,-6115.399867335738
3395,-7846.077641792752
3396,-11133.608201492218
3397,-6163.904004820835
3398,-10732.203442002385
3399,-8311.683258026856
3400,-7144.77993530727
3401,-5571.92689324126
3402,-1823.3800759414826
3403,443.80206756348935
3404,611.9829698943577
3405,1004.5280580160497
3406,4107.144537515072
3407,6133.328272787889
3408,5110.539494913703
3409,5572.919664771971
3410,5566.641101753967
3411,5803.810614610397
3412,5821.192877591811
3413,4760.020613864463
3414,4104.497579453815
3415,1077.8176542796236
3416,-521.389088105562
3417,-6041.846038883203
3418,-8760.851914928533
3419,-8977.564735265874
3420,-9675.742803461111
3421,-6189.196051579344
3422,-9519.830921787407
3423,-7675.26899390767
3424,-8138.0182240900995
3425,-4338.8042688898295
3426,-1638.824670684286
3427,-1281.4549966106338
3428,-961.8643282199705
3429,-456.7169727610524
3430,1112.438055133292
3431,1480.2382183363534
3432,193.17799309515794
3433,329.32488836841003
3434,-82.38368626983811
3435,1360.6329726643344
3436,599.498022857344
3437,-309.32971905662725
3438,-313.5496467021658
3439,2464.8653750496587
3440,7300.749547406169
3441,13648.276117863541
3442,8643.937419054544
3443,2504.907741069075
3444,573.3220605849274
3445,-7231.8018857853185
3446,-1002.1150009461599
3447,567.2196525852669
3448,-587.4599043572007
3449,817.2351399692889
3450,1451.9557920634452
3451,-1075.1489156199918
3452,-1820.4402796679892
3453,-2502.995693701997
3454,-2718.568487098003
3455,-335.3788475832191
3456,-231.61564735333192
3457,-3215.8650243728125
3458,-2306.6074547469957
3459,-613.5398994164455
3460,-1188.7518367817288
3461,-1235.537238476276
3462,26.09239023554869
3463,3206.53632182438
3464,7459.863699687233
3465,6596.1237682077535
3466,2713.416433930827
3467,-740.1384952184208
3468,-4276.324149955837
3469,-3264.239690611702
3470,-2058.341914540078
3471,-263.8011152655083
3472,190.78864010728387
3473,-1364.3114037500425
3474,-1859.1238767185146
3475,-1113.9248820813177
3476,-1981.6132248194465
3477,-3660.0481384568134
3478,-2251.271029775533
3479,258.3975054221223
3480,-1575.6425898827383
3481,-2492.997266498688
3482,-1665.0792198947042
3483,-1017.8192905497709
3484,-1648.3570612665953
3485,-2173.1557782194277
3486,-1226.9179305161983
3487,1139.780096805042
3488,4646.292949553617
3489,4588.990928590862
3490,4697.872801351548
3491,259.24810645118873
3492,-5082.660451274945
3493,-6890.055849233735
3494,-5418.746740857334
3495,-4544.974142965511
3496,-4990.960910830201
3497,-4048.8395445333763
3498,-3741.5836326933013
3499,-4435.912935375061
3500,-4396.55864600423
3501,-4813.928624101365
3502,-3234.6475867677705
3503,-1912.0845160367057
3504,-3748.3983054180194
3505,-4624.641670887967
3506,-3890.676890584841
3507,-2966.8299529248316
3508,-3454.1761462166724
3509,-3675.0997620093467
3510,-2510.299409875856
3511,-73.89480713557202
3512,3700.200582418019
3513,4604.052516037084
3514,5266.479923400671
3515,4451.463035438293
3516,-464.5676881146028
3517,1342.1380985285668
3518,4070.560871425425
3519,2500.0422464156454
3520,279.961633609968
3521,-1544.426344703816
3522,-2179.779921280844
3523,-2708.501779673503
3524,-3659.4664152188443
3525,-4457.17526843674
3526,-2887.479148500382
3527,-1761.2420970447286
3528,-3414.265136249352
3529,-3641.2377786724
3530,-3345.9475832805965
3531,-2936.7509022220775
3532,-2967.3380607359777
3533,-2731.316898851428
3534,-1816.4742306967282
3535,395.58351718403856
3536,4659.345323641678
3537,4994.779114725727
3538,3595.1701088738773
3539,1062.8623058770781
3540,-3016.39767090104
3541,-1794.3734618618037
3542,-2451.676148144895
3543,-2736.3724970486783
3544,-3038.763232554097
3545,-2909.3249417896063
3546,-2065.0178098266283
3547,-2740.9438102678473
3548,-3376.540731411693
3549,-3085.1179249299603
3550,-1212.63416199297
3551,-148.96427419250494
3552,-431.08026296108665
3553,-226.0570699197001
3554,-241.42847810930016
3555,554.9710059694144
3556,703.585284691907
3557,-175.85407606837816
3558,-165.24326865136868
3559,67.74546900469943
3560,-314.1448426535335
3561,-5544.756149603898
3562,-3212.0756352333356
3563,-1894.1544212772951
3564,-3582.6621501330133
3565,1383.756729925995
3566,-4068.6921390590214
3567,-2445.5096301002086
3568,-2438.2470773028067
3569,-4261.588045514706
3570,-3408.680899201619
3571,-1751.2816156315869
3572,-2168.7460365309125
3573,-563.9675391257438
3574,2011.900623841023
3575,3871.936037815547
3576,2700.048327963184
3577,3201.8440120171063
3578,3200.2878673063765
3579,3699.6804187985003
3580,4112.184901617422
3581,2980.6608087351974
3582,2296.593049861583
3583,-762.9693076562207
3584,-1129.444418257306
3585,-5019.692057708058
3586,-7068.319334097949
3587,-7740.754193869019
3588,-10150.577128319328
3589,-4666.621321023527
3590,-6955.089901738162
3591,-6167.406384284736
3592,-6194.796387698707
3593,-5812.5933966306
3594,-3150.814075702388
3595,-3130.8266941360307
3596,-3403.1606554597656
3597,-2581.507045162845
3598,-1120.580996459912
3599,-829.6425331559822
3600,-1934.037147376439
3601,-2421.193692319841
3602,-2042.9661249073397
3603,-1349.3387184459316
3604,-2328.535939232248
3605,-2167.908616854288
3606,-3010.26238203281
3607,-1213.137216497857
3608,4030.674352010158
3609,12070.891630971171
3610,11611.011215780345
3611,8499.872626953358
3612,8253.918462416725
3613,5129.587635649377
3614,8811.987069688505
3615,6821.9082495622915
3616,3709.1889991970456
3617,2797.654476646385
3618,330.17597765185883
3619,-1914.642978849694
3620,-1813.4725958051167
3621,-2853.481679222525
3622,-2365.680337663655
3623,-815.2985118143781
3624,-2227.2903251821645
3625,-3411.054247735797
3626,-2697.983249721432
3627,-2221.7234434005773
3628,-2329.0609312458027
3629,-2206.1735876552966
3630,-1497.0561828066025
3631,791.8723307923369
3632,5730.885668579456
3633,8680.2037393705
3634,8642.258384798124
3635,6902.217534825708
3636,5067.900297035141
3637,5742.62549594298
3638,6275.6059014778975
3639,5371.922278441062
3640,2925.6037819006315
3641,768.3108505546618
3642,-185.94074055623133
3643,-895.4628748793617
3644,-1446.8606815694993
3645,-2575.5471993360156
3646,-1432.7549651037893
3647,326.5400963312395
3648,-591.3700842405133
3649,-814.525240008642
3650,-318.0941035321375
3651,-874.5888119332208
3652,-863.0965735355805
3653,-767.2832998421491
3654,-148.0069338851306
3655,1907.7486778460138
3656,6538.234639429425
3657,6889.222515736337
3658,2346.4774592567665
3659,-947.4310962620511
3660,-3265.065580543711
3661,-871.1984020593145
3662,960.5998746619225
3663,-324.45791063284287
3664,-1175.9204446279755
3665,-1198.5055932138243
3666,-1567.5868116503616
3667,-1936.314890995894
3668,-2021.0527642965537
3669,-2958.735381913433
3670,-1534.7982701879284
3671,-165.2839973302423
3672,-1201.7151025489086
3673,-2071.7044659989574
3674,-1934.7329194567765
3675,-1293.0564490731197
3676,-1117.1350699379336
3677,-1287.9756716384159
3678,-853.5912748907056
3679,1189.2318725817645
3680,5171.738021942422
3681,3291.5562676330746
3682,-2229.9224716482177
3683,-5629.793887229345
3684,-8205.519737324446
3685,-7774.225900240448
3686,-9472.011032947412
3687,-11313.715648171568
3688,-12182.337295430822
3689,-12024.39496327615
3690,-9181.306904827365
3691,-7749.055749358381
3692,-8459.644577895724
3693,-7369.861682759341
3694,-6099.681240229751
3695,-3789.4629297632177
3696,-5676.174393184103
3697,-5586.296958094863
3698,-5814.337437145449
3699,-6058.948650979315
3700,-6367.061621177476
3701,-7377.758484518455
3702,-8452.4493605484
3703,-10841.306181589573
3704,-14635.835928467131
3705,-25746.798382835266
3706,-27676.704860893922
3707,-26821.42811292592
3708,-28888.931683764436
3709,-22215.8535947528
3710,-28497.621528543055
3711,-28620.567224165177
3712,-24335.618788088595
3713,-20799.16226660573
3714,-16987.331316064046
3715,-16400.096148481214
3716,-15489.012744675856
3717,-14319.904853110178
3718,-10190.018306675365
3719,-10187.068701058703
3720,-10280.954403976732
3721,-8751.96114659304
3722,-8558.292466547362
3723,-8029.039883047916
3724,-7683.800851539845
3725,-8275.211603638552
3726,-10348.803733806359
3727,-12152.484152507042
3728,-13322.136778898375
3729,-21036.465509198577
3730,-25442.395792017687
3731,-26867.810353293782
3732,-25790.140303489294
3733,-24864.300854902398
3734,-22900.675177308254
3735,-21994.693897723373
3736,-20336.82454442729
3737,-16756.899523560234
3738,-13404.325348316435
3739,-11423.700377292918
3740,-9746.256356918915
3741,-7352.833847708578
3742,-4652.3130984185045
3743,-1501.9423694125453
3744,-1548.3319661024307
3745,-1231.9363612340603
3746,-252.43481886230256
3747,171.95966076955483
3748,76.13414413009559
3749,-762.466428087173
3750,-1726.0472724485844
3751,-5238.341943595939
3752,-10091.2258570745
3753,-14671.026415650922
3754,-15022.468243129051
3755,-14423.888233354899
3756,-14522.938899819823
3757,-12689.7602402188
3758,-15642.459838519928
3759,-17264.722154205367
3760,-14002.584562375932
3761,-10588.864848022296
3762,-9276.238909923955
3763,-7807.239942212286
3764,-6655.407983293731
3765,-6990.485336306331
3766,-5639.950167238946
3767,-3252.3830276584195
3768,-4399.77984217669
3769,-4425.267526307616
3770,-4273.497814381288
3771,-4647.774058943047
3772,-5092.029182652839
3773,-6288.635577206986
3774,-8522.87489466575
3775,-11062.549864195753
3776,-14439.662784844455
3777,-19339.4717908805
3778,-22752.356490116832
3779,-24220.72764341264
3780,-24483.70325606918
3781,-27236.233235081185
3782,-27181.578030614022
3783,-25104.78645527403
3784,-24132.89627381756
3785,-19802.26007572471
3786,-16128.023716462623
3787,-14893.855926615877
3788,-13840.743386583414
3789,-13309.327742598445
3790,-11767.807079949014
3791,-10478.159541592404
3792,-11400.419178801354
3793,-12010.23932715921
3794,-11234.250041443844
3795,-10291.927605961831
3796,-10506.42059455738
3797,-10573.223624917997
3798,-10535.619062640897
3799,-8509.734926385041
3800,-4436.299011711893
3801,254.55299521881898
3802,-3030.6966180186064
3803,-8286.477671419148
3804,-9840.65067505739
3805,-12816.488194885702
3806,-8224.688375737358
3807,-8861.470004745926
3808,-9583.009483282036
3809,-6740.815779264594
3810,-6118.505985906235
3811,-7562.654880152788
3812,-5808.578587248787
3813,-6593.182647754886
3814,-6364.9016381126385
3815,-3733.3447642859937
3816,-4876.32291891543
3817,-6632.400798710378
3818,-5143.141801038574
3819,-4347.519588400259
3820,-4864.604471310445
3821,-4980.376427265353
3822,-4203.210594876333
3823,-2582.205876550412
3824,377.54688635982484
3825,623.9300397399084
3826,3190.9077131715294
3827,461.8757132089013
3828,-2251.413300098391
3829,-1578.351796785104
3830,-2578.313431956817
3831,-5314.874578820328
3832,-5336.334681678916
3833,-6627.765277257073
3834,-6198.180358119063
3835,-5146.989848872546
3836,-6364.170656229631
3837,-6189.569167975476
3838,-4826.8663746426955
3839,-3722.045525385409
3840,-5893.233539293979
3841,-5786.961739895818
3842,-5622.21123754146
3843,-4716.076203182945
3844,-4642.157423719072
3845,-5036.59244418586
3846,-4328.870357319141
3847,-2531.737181050852
3848,923.9033626354667
3849,1147.727836277576
3850,1823.681233002277
3851,3327.270748467762
3852,3136.7673397627705
3853,6131.751183957385
3854,6957.794117895943
3855,4701.475064333481
3856,-44.42067540597691
3857,-2475.5774450465715
3858,-672.676436673346
3859,-2031.8795845817153
3860,-2612.122853321278
3861,-3177.062907486014
3862,-2147.8415870704193
3863,-739.6794740572022
3864,-1632.598212961674
3865,-2914.7495321548913
3866,-1582.7610695715066
3867,-1475.421240680003
3868,-1333.778457109438
3869,-906.4194025911324
3870,-372.6055940047713
3871,1399.4327270647364
3872,5584.79636278228
3873,4107.578937096423
3874,-1512.933530650525
3875,-3007.6303414105078
3876,-6838.372255906037
3877,-5908.261388145591
3878,-7545.697271197121
3879,-8289.140753343436
3880,-6323.316988310156
3881,-3097.0411233717396
3882,-2771.33820854366
3883,-2259.520667605713
3884,-1843.1935568469764
3885,-1789.7202990506778
3886,-173.63168359351766
3887,1548.893797371483
3888,70.57413469941866
3889,469.99628037991806
3890,896.0361170214114
3891,1947.2514777307206
3892,2076.936648758053
3893,2243.29434784693
3894,1806.6378338703148
3895,974.2424195040594
3896,-1506.8272481821414
3897,-10726.272762349046
3898,-9901.458900780011
3899,-10358.710222147443
3900,-15048.27363581401
3901,-9877.089297228447
3902,-14655.240130102355
3903,-9706.572229085177
3904,-9279.79913304897
3905,-8123.201949455094
3906,-3406.546917887618
3907,-1080.4170742914705
3908,-734.1627613982514
3909,642.705493585021
3910,3447.693802750025
3911,4886.926989690662
3912,4298.648872661006
3913,4089.9583627961424
3914,5480.080149070695
3915,5334.270241430175
3916,5664.503125022069
3917,4862.228227147867
3918,3964.97817230251
3919,1211.1788793339479
3920,-2215.516249238086
3921,-6821.949660370806
3922,-5088.524176229223
3923,-5426.416500319012
3924,-4074.887103683619
3925,1778.3780641436733
3926,-1907.3810018034092
3927,-2161.585303893382
3928,-3204.6687853943495
3929,-4104.75202486389
3930,-3165.7545230255027
3931,-3125.9010877224605
3932,-2135.0352292509024
3933,-2321.588792320209
3934,-359.6473661142868
3935,-638.3166302195168
3936,-1999.0769180610623
3937,-1114.2744661002635
3938,-2299.5743404402338
3939,-1653.7362755879194
3940,-2076.657146710593
3941,-2651.80895212632
3942,-3079.696937394756
3943,-1154.2793862713925
3944,1918.0395905813766
3945,10950.198176959031
3946,8217.474115822879
3947,7328.57186694319
3948,4620.908602293619
3949,2481.6456449412326
3950,5642.439867097684
3951,2352.739389459939
3952,730.0716494009421
3953,-130.42340873897592
3954,-3542.698682225843
3955,-3951.8527133062676
3956,-4007.663903135125
3957,-5352.564615066068
3958,-3848.2792539743064
3959,-1408.2465759597249
3960,-4423.0960040584405
3961,-4778.901974121891
3962,-4025.8034312940254
3963,-3403.943315984164
3964,-3049.577104260623
3965,-3216.179869001704
3966,-2735.501056717633
3967,-593.6395017704442
3968,2739.585007151034
3969,6077.325958438507
3970,6586.28252031861
3971,6615.0147564214085
3972,5795.082386791848
3973,6850.137700445699
3974,8850.188259830124
3975,5432.172551175356
3976,3706.156277706699
3977,1041.1178331487663
3978,-1930.9755139417252
3979,-1848.7134182875338
3980,-3151.4563101306667
3981,-3026.5523071403904
3982,-1672.6601232703324
3983,-409.47569181175095
3984,-2052.404477185962
3985,-2473.757840432241
3986,-1721.646170663892
3987,-1132.715793502789
3988,-1130.0375125894568
3989,-1079.5300386963168
3990,-451.2873191281474
3991,1011.4886184057091
3992,5778.104214473806
3993,8973.979314282587
3994,9455.349221461598
3995,10136.673775828194
3996,8818.907106078706
3997,9909.195674185283
3998,10710.165092181787
3999,7354.424584165499
4000,5986.822742494067
4001,2786.6917182944353
4002,55.95000674954872
4003,-1062.879204744057
4004,-1324.376414363395
4005,-1862.9183749893537
4006,-293.9856671128698
4007,1385.7646979946649
4008,-362.28940157316765
4009,-902.1109914475974
4010,-321.89963535043216
4011,74.28744737976103
4012,357.14935425143904
4013,-43.941690243155676
4014,497.0757097322338
4015,2368.847637192336
4016,6942.270350505478
4017,9270.312178009699
4018,12084.252098739875
4019,12688.54048717401
4020,10307.614341248978
4021,11402.81262882655
4022,10346.383348535104
4023,8911.235623900806
4024,6778.6600255279245
4025,4088.9147437957
4026,2096.447600623525
4027,1623.9113572978101
4028,539.7165190282716
4029,-670.0035256403282
4030,902.0060348578912
4031,2039.136752047527
4032,355.5338476492231
4033,537.9543227188685
4034,1040.7487313774504
4035,984.2687386178056
4036,980.3427896011622
4037,1054.7108986524263
4038,1753.6168139585993
4039,3218.328534038497
4040,8537.262540152054
4041,10705.401135948649
4042,10180.569158259352
4043,7353.95352720772
4044,3212.0404613617193
4045,6901.084341125536
4046,6186.083475546494
4047,5177.492325907151
4048,4101.3236032306095
4049,763.9262305702564
4050,368.702481174294
4051,1253.2083056487988
4052,163.7742941109035
4053,-65.7911432060705
4054,2474.4722379647164
4055,3244.4333419579607
4056,2373.412671910829
4057,2141.294536636721
4058,2896.23698129298
4059,3265.469479505303
4060,3784.136772401335
4061,3659.606123868736
4062,3239.1462535952896
4063,3476.32104001356
4064,3115.007904272128
4065,-2680.9563670976986
4066,-1957.309705550475
4067,-782.8256682652973
4068,-4265.213807887339
4069,2789.157193917613
4070,-1167.402634031585
4071,-1162.1882205390802
4072,-597.5973387842414
4073,-2050.4153284785234
4074,-206.9094024403871
4075,1929.7313237258695
4076,1215.606801776144
4077,3030.787928549578
4078,6013.8395651828305
4079,7738.757437165788
4080,6312.6730521727
4081,7369.772159658266
4082,7872.637578268126
4083,7734.9848471443565
4084,7722.095854476276
4085,7087.960863202227
4086,5424.816084729452
4087,2970.1237901632194
4088,996.9285385324281
4089,-1067.9382328751083
4090,-207.02459442525117
4091,-651.2029740204609
4092,-1122.3929111170607
4093,697.4265701349589
4094,-1183.752083608677
4095,-3602.5124712247152
4096,-4680.625196082878
4097,-3885.1812022001727
4098,-1114.0711529770433
4099,41.2639568100667
4100,-46.4055777146973
4101,403.8183668630254
4102,2684.261356873518
4103,2635.5214534712104
4104,1565.4596962391352
4105,1976.3493190436038
4106,1588.8447384509818
4107,1828.916047534678
4108,2166.6615651717084
4109,920.0927492172514
4110,447.8156174609676
4111,2643.2936741937233
4112,7821.354639208212
4113,11169.503534503121
4114,4163.072848061441
4115,-649.8589556475654
4116,-1103.7836119103172
4117,-3378.837971970872
4118,1186.2782074169722
4119,799.4139858601256
4120,-1240.5097020375779
4121,-935.5466035170052
4122,570.385633567209
4123,190.28993023215742
4124,-539.2739048689109
4125,-1404.0715509459628
4126,-614.0126338316365
4127,1276.1857350819864
4128,-284.73905435547385
4129,-1636.1828039274005
4130,-582.3614700126163
4131,78.42696384652436
4132,-203.97752230347373
4133,-259.47331159351984
4134,853.7106048990747
4135,2717.407162910217
4136,5683.030540009262
4137,5110.378383853362
4138,2617.852988909061
4139,189.95366449536823
4140,-1359.0765414973494
4141,242.34267235342332
4142,168.45439822702122
4143,-1454.2378082778778
4144,-2281.3318224795507
4145,-1850.8224676475106
4146,-465.8354475789172
4147,-290.25319757856266
4148,-618.0518940357279
4149,-1432.6750364955158
4150,-160.18913886108476
4151,1420.4708612024115
4152,-355.02258328934613
4153,-939.0722430722504
4154,-164.28095478311116
4155,302.82233882370133
4156,685.0480816021155
4157,445.34166838973687
4158,1040.0282494042463
4159,2900.8295238504484
4160,5830.283998115414
4161,4035.407880666756
4162,1552.30782943115
4163,-1163.6609645374613
4164,-3773.9676134861434
4165,-3279.411915573086
4166,-1668.4723404226124
4167,-1446.6102368461384
4168,-2072.567702146121
4169,-2878.3637947855987
4170,-1643.1698432878775
4171,-1313.7455889123678
4172,-2021.3983636025864
4173,-2023.017915498454
4174,-709.5824568213956
4175,159.81771064723102
4176,-1193.7939856514795
4177,-1324.2858124262398
4178,-849.8141989625991
4179,-145.15301747351253
4180,-75.78456182529237
4181,-450.9125433420006
4182,130.36313429400866
4183,1370.7993823822774
4184,3923.225898614316
4185,6363.767078145282
4186,7885.492149943477
4187,7589.483144788138
4188,5677.028427663952
4189,6929.820107987571
4190,7170.64670624984
4191,4226.066113698779
4192,715.0566720532297
4193,-809.6407713851504
4194,-1885.9294278716088
4195,-1794.7570435409075
4196,-1767.7223153279417
4197,-2049.4356143065047
4198,-216.86332533759673
4199,2383.689986476026
4200,1202.0529865322324
4201,1118.1674986458538
4202,1125.4423166487722
4203,1714.8689060537795
4204,1747.9043098325283
4205,1342.1166047235101
4206,935.0806850461072
4207,-255.19904052433662
4208,-1691.3746692680452
4209,-11256.353063536953
4210,-14102.417152654412
4211,-11769.650437995766
4212,-15144.308290875568
4213,-11800.752732860507
4214,-14770.454612427995
4215,-13427.762518880063
4216,-11286.94867789118
4217,-8307.801687545707
4218,-2645.7423086502213
4219,-710.002659800115
4220,-822.920729140021
4221,531.6066435933951
4222,2146.195747918443
4223,3118.247894982638
4224,3002.4526329685314
4225,3395.1611622621645
4226,3958.4233360208027
4227,4677.4033477141165
4228,4835.846761509922
4229,4507.322103507171
4230,3812.3734290902726
4231,2355.6190499516474
4232,-863.0804677537171
4233,-8337.15147533036
4234,-9113.217392392526
4235,-9530.98163484765
4236,-10006.086874500405
4237,-6257.13306862524
4238,-9258.493440869393
4239,-7408.397398471816
4240,-6174.829484254226
4241,-2878.331150063188
4242,1527.386678165023
4243,2944.992863244557
4244,3622.585090210867
4245,4627.026819040687
4246,6745.249869907221
4247,9328.974561627518
4248,8329.781999041223
4249,8269.141996099708
4250,8823.431664436353
4251,8767.784169616094
4252,9182.454194486738
4253,8263.770389435096
4254,6813.363372291042
4255,3236.4610524947366
4256,-1306.1496217723588
4257,-3920.865504203151
4258,-4014.109458616712
4259,-5426.097492756948
4260,-5121.572015439426
4261,-3525.6788442107572
4262,-4660.4722079728435
4263,-5893.314555692543
4264,-5753.441635648751
4265,-3132.383705133155
4266,-790.8537796543278
4267,1296.8612834491755
4268,1566.9602095035825
4269,2066.406762745388
4270,3720.8604758618794
4271,3763.988102145424
4272,2495.5704564583993
4273,2549.1598493091024
4274,2203.9426496165133
4275,3230.8087399788446
4276,2934.1261238164125
4277,2282.066165191998
4278,2311.1861568182267
4279,5281.330068032305
4280,9989.606458126356
4281,13963.225802294943
4282,6868.827938038647
4283,2855.2498751455987
4284,-2165.6012746064935
4285,-3417.930966647653
4286,4207.023207023516
4287,1734.8164893607081
4288,3782.414315493519
4289,2309.7003720587936
4290,64.61596939415813
4291,1158.4732021293262
4292,155.10728913940738
4293,-1314.8836720134746
4294,-513.120120426941
4295,1082.6168011757336
4296,-1401.3084646168545
4297,-2010.6994240953613
4298,-529.6947366040367
4299,-500.0192836855049
4300,295.11783957252146
4301,-86.63796868225154
4302,1026.6478520497262
4303,3260.797993174652
4304,6772.435894425206
4305,10007.204200492564
4306,10756.56382080643
4307,10491.012156160983
4308,9018.554043407268
4309,9631.048552369497
4310,11742.62945549722
4311,7240.519480895899
4312,6097.889642722348
4313,3310.5785585439457
4314,2377.0316156271965
4315,1928.2983905691467
4316,831.2998023009725
4317,-86.6125974316501
4318,1697.744668263881
4319,2152.128904140496
4320,1058.6049707344714
4321,-356.72560239100676
4322,1501.540442029041
4323,1464.7929157148058
4324,2185.236363867996
4325,1825.3393066690853
4326,2513.708572843506
4327,5277.366288239012
4328,7805.83797692196
4329,6373.993771592389
4330,2902.759409775663
4331,910.9721990293128
4332,-1698.7835844182955
4333,19.36810957736452
4334,3174.429482122664
4335,904.0833306496943
4336,370.2062887969705
4337,72.44213381379086
4338,645.8039482871409
4339,1371.3165232415508
4340,503.1746249845878
4341,122.35141738668347
4342,1113.0155404692691
4343,1794.9442788830802
4344,212.66523379891203
4345,-94.39084733889865
4346,643.1636963467138
4347,877.9688039206824
4348,1474.3076446594787
4349,1753.4334651308109
4350,2250.442265498046
4351,4341.1945619689595
4352,7283.377707053777
4353,6988.734226262691
4354,6379.5153822158645
4355,4442.412828995536
4356,1170.9779474618176
4357,2996.7922797963083
4358,454.1523692524072
4359,404.2636173666209
4360,-43.19658386023207
4361,690.4091403423527
4362,2345.061421287743
4363,3215.376394421849
4364,1755.416256990171
4365,1090.4042865999259
4366,2157.317245761651
4367,4022.617756364376
4368,1762.3922897570376
4369,2092.1632776336473
4370,1581.3122067426675
4371,3281.971656496088
4372,2627.9379175861286
4373,2927.0391591212647
4374,3525.0134181743674
4375,5903.903947282779
4376,7824.530431324962
4377,3333.771647469356
4378,1535.4909423717236
4379,-2740.703742138937
4380,-5246.700212215403
4381,-3567.25748553439
4382,-3158.0097349467196
4383,-4359.193521157427
4384,-1836.818130943304
4385,260.8337975800184
4386,3049.563416897279
4387,2520.8048551040783
4388,2660.8693528836657
4389,2831.8593704866835
4390,4318.52112531135
4391,5681.372306813304
4392,4757.379885509049
4393,4254.631091485806
4394,5480.326262268036
4395,5764.504689625788
4396,6328.987732193335
4397,5996.67611468876
4398,6021.7942795535155
4399,4953.203927027702
4400,-716.1448740589558
4401,-8172.533376000234
4402,-6745.854898338368
4403,-8518.80487472551
4404,-10007.599548965332
4405,-6111.524262793119
4406,-11272.733236864316
4407,-7168.536386665519
4408,-7314.2440776396825
4409,-4541.610283581522
4410,827.5439984134964
4411,3204.924724303659
4412,3767.945537161507
4413,5403.113184541063
4414,7726.937614737404
4415,9726.333155001255
4416,8560.786894154528
4417,9097.986895637103
4418,9440.615272185836
4419,9965.390273162719
4420,10496.990922465964
4421,9377.542440170184
4422,8336.013830384582
4423,4659.234591479184
4424,-1621.4881351666397
4425,-7217.950124970286
4426,-9385.111212699225
4427,-9389.646445470913
4428,-10957.107267496707
4429,-9441.299516413023
4430,-11963.624982226822
4431,-11586.314132925145
4432,-8991.231404414213
4433,-4975.3669637942785
4434,-232.96846500793617
4435,1013.3057160193807
4436,2226.7352987779905
4437,2672.8905706906107
4438,4488.76011892237
4439,4469.2720030786095
4440,2623.4350968888557
4441,3342.658702876308
4442,2791.4399974096305
4443,3594.612875194526
4444,3302.761971805189
4445,2657.9319567229977
4446,2845.8178283604466
4447,3834.2486262430757
4448,6025.832213480966
4449,12306.414765693531
4450,8908.567384348087
4451,5779.18689156409
4452,6194.79872208809
4453,4309.7608312655575
4454,10875.255568817229
4455,6316.767696030525
4456,3807.1357493633604
4457,2490.5815809049545
4458,1022.4758359948482
4459,1888.0710345922312
4460,1334.4904832273357
4461,-185.18202830460723
4462,425.052995230787
4463,2629.820050336787
4464,914.8763565464149
4465,-416.92146075446726
4466,805.6068490880396
4467,1589.852755639131
4468,1350.3018371532662
4469,1732.06080561927
4470,2694.7583851547543
4471,3943.1291049292695
4472,6467.164660046485
4473,8990.075445183205
4474,9271.152603898057
4475,6975.144828488674
4476,4597.420064961321
4477,7088.909665838017
4478,6485.344450780587
4479,4359.665051471964
4480,3056.2467088391604
4481,2858.0675385497834
4482,2099.416524560285
4483,2403.2771820409416
4484,1611.289623317864
4485,1388.4345045363193
4486,2238.6313318357825
4487,3615.311644040714
4488,2319.185070404871
4489,1624.268614045171
4490,2836.156040188928
4491,3339.270678199072
4492,3687.7865467905513
4493,3832.590054277448
4494,4605.726427832535
4495,6525.401576795386
4496,7712.386886886994
4497,5181.811140251349
4498,115.81499275185342
4499,-4346.513861331921
4500,-6115.459273140179
4501,-6825.887154478012
4502,-5659.282814947912
4503,-5648.011881759896
4504,-4360.620032320659
4505,-1830.622293782286
4506,-455.73969713325823
4507,861.2536397693921
4508,730.9719407589289
4509,149.7869554704048
4510,1535.6052893571496
4511,2873.6468426524393
4512,1671.3308147442535
4513,1033.3073635434253
4514,1949.8508943839324
4515,2477.473933868912
4516,2808.056729992768
4517,2839.330962644379
4518,3501.395177371503
4519,5115.503438370649
4520,5050.369179362679
4521,3762.6817846804015
4522,-131.3925038694074
4523,-3875.1689867722102
4524,-7621.686378110878
4525,-7354.7928666161315
4526,-6543.134965703463
4527,-6407.794513618062
4528,-5200.9360015226075
4529,-3141.332446438845
4530,-564.3689705993877
4531,384.796069070455
4532,614.535048611176
4533,707.3979860984897
4534,816.5792707245453
4535,2444.816699692543
4536,424.2049529921883
4537,125.54451012900518
4538,1085.8031683225431
4539,1974.2996633438738
4540,2070.986956311977
4541,2303.198164144051
4542,3071.7459004324637
4543,4066.290205072837
4544,3938.05299090051
4545,787.2422217383933
4546,-2997.456722394319
4547,-6389.910105766725
4548,-9375.696484188964
4549,-7632.457519723133
4550,-7275.549035243667
4551,-7126.083966410646
4552,-5658.869788140865
4553,-4078.116189215527
4554,-1598.5741818282663
4555,-589.9565887470756
4556,-305.69201702506143
4557,-64.63701635394389
4558,2423.0810935613827
4559,2681.6107941002456
4560,1938.681255291815
4561,2829.8942120146444
4562,3147.3364397627056
4563,3826.473509150559
4564,4326.810565027078
4565,4173.955151242343
4566,4473.471949648943
4567,1887.9999877663947
4568,-3774.565188053201
4569,-9775.356154737483
4570,-8909.191054670307
4571,-10373.866239494508
4572,-12528.572024334186
4573,-8139.964661090487
4574,-10748.434826662002
4575,-6772.888739109575
4576,-3256.734840339967
4577,-4344.806682089724
4578,-845.4411827477292
4579,494.11312231481566
4580,1725.3217945182025
4581,2837.7198609167676
4582,5100.701107885301
4583,6827.684546888131
4584,5289.194086079618
4585,5569.131004590741
4586,6444.672048184886
4587,6958.467805410939
4588,7209.371339340247
4589,6569.747256568238
4590,5150.780626454272
4591,1391.378462194444
4592,-2306.050639767591
4593,-4071.933801491726
4594,-6526.726002998215
4595,-7945.141476769109
4596,-9854.533748707685
4597,-7229.243430179915
4598,-10387.385218242258
4599,-9316.105064399877
4600,-8246.430528933934
4601,-5802.347501153541
4602,-1435.754484783189
4603,945.5942921788563
4604,1331.4304268031442
4605,1951.876240148261
4606,3285.747087920344
4607,2954.772494926944
4608,1961.8907362572654
4609,2312.7383932826333
4610,1786.007629782258
4611,3002.6775835214103
4612,2580.9286751408526
4613,2668.384623501469
4614,2307.2136717354206
4615,3914.371006536742
4616,5338.831430381658
4617,4643.567763951825
4618,-223.87363539578564
4619,-2968.2250864184425
4620,-6462.170498173276
4621,-10104.930535912279
4622,-4403.6753086731715
4623,-5887.59744720322
4624,-3740.0353698220783
4625,-1004.4235610844071
4626,965.9998398689349
4627,621.010180976768
4628,665.8593764745693
4629,-675.070418793638
4630,547.6179097478621
4631,1585.8462499293275
4632,-1063.325630053873
4633,-792.1917235156598
4634,-135.2611794679301
4635,250.20847017764072
4636,893.9833802492878
4637,935.1096705461769
4638,1726.8698936500641
4639,2109.7751225445872
4640,4343.174454591488
4641,5168.098655968544
4642,960.1143570257361
4643,100.61788088403318
4644,-524.1521112139471
4645,1428.5370696451928
4646,3480.395523985242
4647,-437.05066840356267
4648,-1867.989705613948
4649,-698.0341547212604
4650,-92.40787623390862
4651,1813.0949338156024
4652,615.5293396505267
4653,639.7322818442658
4654,1741.4481669011207
4655,2941.570231483516
4656,1734.393388025503
4657,921.5600504392426
4658,2137.491811096161
4659,2549.635457766185
4660,3364.8524426065974
4661,3255.146623725455
4662,3623.3004149320786
4663,5287.786347097808
4664,5440.289756787956
4665,2766.8396682528023
4666,112.16238646475358
4667,-1649.2877841826657
4668,-4601.891425021824
4669,-3255.773269289697
4670,-3255.640347678882
4671,-4365.940864962024
4672,-2268.2980807052127
4673,-2212.819098671658
4674,1385.644569959505
4675,1141.6742550675312
4676,1775.5202660385978
4677,941.4695194561448
4678,2597.4009427075594
4679,3271.4476375814897
4680,1907.7911376181114
4681,1427.3755434520585
4682,2371.9240020309226
4683,2829.347209046871
4684,3430.8840507360273
4685,3157.743042958213
4686,4074.3450266872337
4687,4601.112777416003
4688,4209.3075771331105
4689,886.6935351108691
4690,-1108.2674690701251
4691,-3934.719315709728
4692,-7489.19236132558
4693,-7196.499572189785
4694,-5133.837055913309
4695,-6296.119325642655
4696,-4048.6851314482633
4697,-3350.800292885937
4698,241.08000296270575
4699,1599.7093370001346
4700,1831.4784846521184
4701,897.9402768838775
4702,2018.5749628685276
4703,2850.0983984321756
4704,1026.8116579979423
4705,511.9535193035506
4706,1338.802192283707
4707,1859.1535038522102
4708,2106.5884240577625
4709,2303.2091025437867
4710,2652.500177293242
4711,3156.4067515115357
4712,3061.619868380402
4713,955.7655836760572
4714,-1615.8206917718699
4715,-4867.058288495461
4716,-6158.567615970136
4717,-2633.147505948143
4718,-874.7802292178658
4719,1198.541203242704
4720,3322.2398906723856
4721,1523.845069116791
4722,671.5450202005868
4723,-428.42296906347747
4724,-207.292500925088
4725,-79.86233747447102
4726,1854.6964186793377
4727,3297.265019649166
4728,2045.4707580009588
4729,2012.4397148436988
4730,2682.72567708132
4731,3216.325725544159
4732,4133.1202091777
4733,3571.8876875927554
4734,3599.3286305273195
4735,1155.1676867854776
4736,-2230.2134654109514
4737,-7207.503600948169
4738,-9763.960966166793
4739,-10750.58448635038
4740,-11905.992054864288
4741,-7870.037468343286
4742,-11300.10553341727
4743,-8305.774044050933
4744,-7996.474061826197
4745,-5827.620821765818
4746,-2298.096731901336
4747,657.2114843146569
4748,1789.4488011099843
4749,3030.664674551213
4750,5541.153219252106
4751,6754.176987640537
4752,5678.187638314252
4753,5581.023501650095
4754,6324.394719678888
4755,7224.282462048299
4756,7062.3245482462435
4757,6528.253147225057
4758,5704.311967073478
4759,2082.1380671882102
4760,-1887.5666155952285
4761,-5361.710789040058
4762,-4565.802081846574
4763,-3889.1718745705184
4764,-2841.5118141848106
4765,-687.7692176273304
4766,-5973.171532061271
4767,-5576.234484873333
4768,-5817.522824168223
4769,-4913.799823209925
4770,-1431.1776364734587
4771,-537.0729996264076
4772,413.0997117896154
4773,974.197739252425
4774,2307.9966171708547
4775,1854.4767432956332
4776,504.96632620123
4777,673.8231114266518
4778,712.4200133089435
4779,1107.591421078505
4780,1223.920751882507
4781,835.3360481481395
4782,-19.588370619908346
4783,557.7153120296011
4784,5946.810185220103
4785,9230.216523206189
4786,5519.732476823603
4787,8052.61711795464
4788,6721.968187062528
4789,5241.478059351142
4790,8882.232224705502
4791,6460.917338734287
4792,4408.717565728002
4793,3653.3158347856506
4794,957.1571164252091
4795,1523.653806238075
4796,134.63754870514708
4797,-871.5631674775773
4798,298.31441196552055
4799,1207.6889197791852
4800,-524.5313612681284
4801,-1137.9489200291484
4802,190.96582802847752
4803,664.2986070664208
4804,1030.4091366643256
4805,1047.3987529731514
4806,1435.312867881181
4807,3119.9623606297064
4808,7338.7936216817525
4809,7833.293519854292
4810,5862.931674698784
4811,5699.951819636637
4812,-707.6183697429205
4813,1046.403496591529
4814,320.0967315589178
4815,-749.6648958449659
4816,-269.5788629309882
4817,-928.0128067589312
4818,-623.9638653713787
4819,1927.4571538771465
4820,833.047783588441
4821,721.5259653230005
4822,2021.8544442822908
4823,3095.5797929139517
4824,1294.858767457624
4825,681.0600533834536
4826,1786.5630136245281
4827,2221.0385497992456
4828,2392.538880179064
4829,2719.6007245909987
4830,2967.0937125642813
4831,4777.217386380336
4832,4497.156572581383
4833,2203.701429768511
4834,-957.3344326063225
4835,-8320.614769629035
4836,-6467.151181347668
4837,-5465.375682355376
4838,-2089.5816204890043
4839,-1878.1637900446103
4840,-2798.922761494141
4841,-1902.2175197153422
4842,-1489.0453017113784
4843,172.8513959316358
4844,4.144339609915733
4845,-122.23994839848888
4846,525.1167040498676
4847,1696.4049263095337
4848,-823.0321469926482
4849,-664.6017206615232
4850,-165.84321208025472
4851,938.7815299507488
4852,957.4235297184487
4853,814.2680844811744
4854,881.0282450241721
4855,1318.7203010567077
4856,5128.111908047609
4857,7562.043382625747
4858,8390.386752313936
4859,9331.880362745676
4860,6607.634463928405
4861,8234.390094070633
4862,9039.573429982387
4863,5297.464881225031
4864,4477.22111767965
4865,1646.206115152756
4866,890.4725332134567
4867,1290.4193732437025
4868,365.05826434910216
4869,-94.61413385246738
4870,1474.2625187051312
4871,2418.036866186015
4872,574.0026784968495
4873,745.9468267768689
4874,1421.9992587188783
4875,1441.7596077480334
4876,1697.4038298423675
4877,1613.8240128788625
4878,2131.441418720952
4879,4289.293369593815
4880,2928.7676876304113
4881,568.3499972479704
4882,1559.8203784535526
4883,930.3919556675701
4884,2918.9249740970226
4885,6427.740268552652
4886,6280.506360715124
4887,2744.8433629572855
4888,-2092.287920970638
4889,-2508.8299747586807
4890,-1821.1592686308686
4891,872.6402481852251
4892,667.3199216030603
4893,1557.3269999894546
4894,2388.782338774293
4895,4451.012081928493
4896,2455.532644630637
4897,2776.5021727140693
4898,3717.0747061721445
4899,4241.713694781011
4900,4992.157719644512
4901,4744.2621752095365
4902,3824.10063838029
4903,1579.0092581216231
4904,-4454.0788206540365
4905,-9751.7531699051
4906,-6050.633518311703
4907,-5293.823087994749
4908,-4917.106545349237
4909,-4633.029887850427
4910,-7041.767473810786
4911,-3914.9624797533543
4912,-4924.613465439314
4913,-4286.112256124135
4914,-1414.323436633931
4915,151.95871342834891
4916,2648.401551451985
4917,3281.0907447172963
4918,6116.62268081979
4919,7038.129348729942
4920,6560.608012143609
4921,6677.509467739145
4922,7304.818817874473
4923,8197.433137454163
4924,8152.375804176658
4925,7706.075449725891
4926,5445.954578930547
4927,1106.8404356504484
4928,-4728.880969213624
4929,-8755.388734804503
4930,-10565.702795222884
4931,-11327.172600492746
4932,-12292.265259575148
4933,-7411.752313228227
4934,-9606.046249225492
4935,-7512.946554697639
4936,-7700.126147844014
4937,-8532.696846906922
4938,-1901.238864785597
4939,-732.0549055063443
4940,526.3844038008863
4941,146.1202272050632
4942,2101.5910839865683
4943,1726.3225419973496
4944,-46.29739588193661
4945,1255.972157781689
4946,1127.7780774739667
4947,1803.5265776599745
4948,1189.3216357027677
4949,1164.8163810955048
4950,177.63249326114328
4951,226.80936474019381
4952,-504.0795468193646
4953,1181.127122949696
4954,-4217.956298360359
4955,-3910.4217727033893
4956,-9478.360908679217
4957,-9513.394707734564
4958,-5751.961116514483
4959,-8915.734658830386
4960,-6167.485419002038
4961,-4686.134580826889
4962,-1674.9509109288542
4963,-1113.0408681698611
4964,-946.7377034457147
4965,-1389.9118220521718
4966,-173.84932869597787
4967,315.740939372826
4968,-1803.8476982168063
4969,-1876.7603221796614
4970,-604.8281786807242
4971,-535.2393105843182
4972,333.7935641532297
4973,-303.34128204657236
4974,-54.089456225860886
4975,-1257.4588727469013
4976,-573.4227495566784
4977,-2751.6793240726565
4978,-4880.3136916751555
4979,-5511.519271572966
4980,-9120.479441811052
4981,-5671.236567997259
4982,-5493.391291847776
4983,-5027.603903407086
4984,-3322.6207678505825
4985,-3777.2051741610658
4986,-1997.4960012912943
4987,-1062.078138966397
4988,-689.5434611985659
4989,-1273.8132561489192
4990,478.203981521738
4991,144.46959979239983
4992,-1388.9282342227682
4993,-1688.6391469952255
4994,-395.072013134342
4995,285.920036969728
4996,644.8893643481058
4997,-77.24250193681036
4998,310.04760671701706
4999,-264.64370742190295
5000,3525.253389837034
5001,3958.5144868074076
5002,6270.954778587315
5003,4747.602845829135
5004,4178.535272664893
5005,4547.020202786887
5006,5517.339429951839
5007,2618.884462833923
5008,1208.4017390797326
5009,-170.42234907425245
5010,-1828.1850546579926
5011,-378.374458894634
5012,-1450.306558258295
5013,-870.8749954839035
5014,-106.52322294247881
5015,434.13923703268983
5016,-1214.7430510407062
5017,-1281.4261465555041
5018,-433.7795223133547
5019,114.40643518608363
5020,487.24676919530134
5021,180.43229300141516
5022,-509.7183725534619
5023,652.8807768068382
5024,1204.7646542378388
5025,3240.529112803257
5026,329.04422369306303
5027,543.1360039476858
5028,-366.58211058720826
5029,713.4334708229508
5030,1026.7285433767402
5031,-1043.4123776859233
5032,-1530.9122922905026
5033,-1697.3756635740142
5034,-1882.17381269793
5035,-759.5556234197438
5036,-795.1596310841996
5037,-832.554910290977
5038,-170.7413025551724
5039,184.23766186812642
5040,-1603.97003663837
5041,-1515.38708118552
5042,-740.5058332610878
5043,146.70089764558492
5044,56.65658339731266
5045,211.69563409963553
5046,70.54717288327056
5047,751.5051592077325
5048,1351.7092593821028
5049,47.20811427888293
5050,-1711.3292514855152
5051,-3374.9688278193216
5052,-7630.493396370456
5053,-6936.694082640521
5054,-6557.670402915411
5055,-6150.972882535862
5056,-6424.595063936131
5057,-6550.906763916954
5058,-3259.433792486427
5059,-729.8873481558712
5060,-354.37681168353174
5061,-584.3571742891372
5062,754.3000582366794
5063,1557.766740934489
5064,402.16064143456424
5065,686.3747016322504
5066,1853.2822446004475
5067,2413.3284336315555
5068,2817.059258903648
5069,2476.7400688238113
5070,2137.7029496346854
5071,-233.37404074361962
5072,-5115.4961462699775
5073,-8997.048806337829
5074,-6982.189856234117
5075,-6142.0074543974315
5076,-6877.1050010278295
5077,-1470.336687228044
5078,-5458.06510708952
5079,-8780.242276752399
5080,-8488.93287963338
5081,-8313.922381740533
5082,-2425.4630847470253
5083,122.53379014804568
5084,2015.9645238557932
5085,3509.3666875558
5086,5237.606480564229
5087,6222.777673871762
5088,5490.389791338506
5089,5750.293369626489
5090,6231.040891944625
5091,7478.972796416141
5092,7665.905802171457
5093,6713.6851760571535
5094,5046.19390747946
5095,982.2456379995642
5096,-4994.355185390201
5097,-11805.43144436993
5098,-10494.803491489944
5099,-12863.342690281126
5100,-11597.381525802115
5101,-7992.239304789567
5102,-13445.683394739153
5103,-10711.636244795238
5104,-9147.401810476831
5105,-5964.144268034643
5106,-2510.0251541356697
5107,-458.3790101606629
5108,-50.5536206593556
5109,1345.6721082608892
5110,1745.506441298333
5111,1437.4549315505128
5112,-623.7384722708994
5113,459.00526396255736
5114,617.3041037415069
5115,833.8943916928565
5116,525.4830402381467
5117,138.08456420359926
5118,-1510.782625356469
5119,-1538.4201695177653
5120,-395.57592182254666
5121,698.0712448082704
5122,-790.2653229212956
5123,-1127.514410493508
5124,-1232.0302772317646
5125,-2280.548864557695
5126,1200.1044649037867
5127,173.5702970254206
5128,-985.5994080174751
5129,-1271.5594533797293
5130,-1859.2416786627737
5131,-183.39726253213883
5132,-970.5591935069924
5133,-1923.423114377275
5134,-625.4681234715076
5135,-589.9787284579991
5136,-2406.748345825924
5137,-2682.6498885355977
5138,-1107.5208335746393
5139,-595.0531453826259
5140,-290.85942947993976
5141,-923.8957447845984
5142,-779.2574326822212
5143,-1194.0592155565948
5144,-2207.4996992003694
5145,-3967.0598482778696
5146,-5835.013649002185
5147,-8560.190417541642
5148,-10895.264080401552
5149,-9106.442256959956
5150,-7830.1694407857685
5151,-7905.339777615914
5152,-6397.3397653354605
5153,-4631.217892990076
5154,-2921.558283753305
5155,-537.251680080258
5156,-610.739071745315
5157,-946.5703364412917
5158,318.845416765324
5159,686.4346638657834
5160,-467.2943882836812
5161,-1259.540467267203
5162,522.601803366543
5163,564.6972727823224
5164,714.6284965472405
5165,246.55446128794733
5166,-1198.0265152004336
5167,-4697.84190482342
5168,-8775.819064422963
5169,-14387.078366077561
5170,-13916.70315797142
5171,-14240.274341742868
5172,-15250.132510487132
5173,-12293.213123431096
5174,-14934.862146713293
5175,-12937.744633097114
5176,-13389.25024601701
5177,-12362.913238765464
5178,-7885.195852276777
5179,-5386.008306799607
5180,-4827.081555964352
5181,-3660.2525213030026
5182,-2762.5697156286283
5183,-3540.883232336648
5184,-4326.100102959608
5185,-3515.203105331947
5186,-2743.226837676709
5187,-2707.12407359122
5188,-1874.8023902450332
5189,-1900.6815779472981
5190,-2909.0524645787455
5191,-3063.7090728601606
5192,-880.2620453556247
5193,966.6753999056145
5194,-1674.2328094181503
5195,-3378.5814322029855
5196,-6174.253595189037
5197,-5375.9613985801025
5198,-4085.4943148883485
5199,-4804.470260302063
5200,-5115.9340481948675
5201,-4529.431146184442
5202,-3719.111034072708
5203,-892.0489004921901
5204,-1200.1421397001636
5205,-1468.2267545191876
5206,-607.6706559576601
5207,-1092.7406732787003
5208,-1752.231182000377
5209,-2822.524729512191
5210,-1242.8716663522566
5211,18.834073962148068
5212,-316.74307506180844
5213,-649.2214591581496
5214,-1501.8970464418037
5215,-3070.8941075187213
5216,-4077.8194846538063
5217,-5717.626884801006
5218,-7382.070101420704
5219,-9626.815846495207
5220,-11293.283118036601
5221,-10062.537230060116
5222,-6399.530230938645
5223,-7161.96595728514
5224,-5863.853945754683
5225,-4193.305029182577
5226,-3294.435972187597
5227,-1698.1756766268384
5228,-771.6438580166879
5229,-518.5055415545919
5230,98.1947547040786
5231,1663.9512269642446
5232,-100.5064477395149
5233,437.194149069403
5234,1454.2270682609276
5235,2513.0427082121655
5236,3240.5869323308434
5237,2962.1166661361476
5238,1168.8732927228984
5239,-1948.0024353752308
5240,-7254.44720914328
5241,-13146.154330173042
5242,-12286.04807216816
5243,-12542.511919289016
5244,-12444.838396810475
5245,-9122.422096365955
5246,-10176.683575719842
5247,-9836.216877644738
5248,-7180.783388573872
5249,-6239.210403330903
5250,-1838.3341075518956
5251,494.6830051358934
5252,1828.7200023840683
5253,3508.852658176355
5254,4530.799135939287
5255,6437.377693472559
5256,4841.456206189907
5257,5839.338492568248
5258,6623.201234857725
5259,7595.546928583622
5260,7408.435419243221
5261,6209.529146412887
5262,5015.366286810461
5263,570.6678835082785
5264,-6219.678059200586
5265,-11501.290730993667
5266,-10813.715464229137
5267,-10787.455936504977
5268,-9790.690968937037
5269,-5750.765677954891
5270,-8169.023651297197
5271,-7367.667353564366
5272,-5420.669906180469
5273,-5388.85730335866
5274,-1894.4168323140088
5275,648.1896101934921
5276,1315.6821056098283
5277,1539.84955476626
5278,2610.398732607731
5279,1141.4063252252618
5280,-181.2426711269827
5281,882.6290161424231
5282,664.813194637094
5283,1442.454033011497
5284,802.8926418095998
5285,-39.143554529478024
5286,-1125.4563750164734
5287,-1248.3584505448503
5288,3214.6185942563734
5289,8096.480001274256
5290,7576.181507336929
5291,6605.593185254402
5292,4995.037225203068
5293,5517.379482277935
5294,7446.928681941594
5295,4397.430343386692
5296,2631.5258398948845
5297,796.7737273434905
5298,80.06294410094961
5299,597.4414372153242
5300,-502.39096663671944
5301,-1405.0697696213178
5302,-624.8232350359553
5303,166.55953597080952
5304,-2547.5888668168013
5305,-2077.1907869702072
5306,-683.3951749049306
5307,-121.34315041603395
5308,-175.6920851254331
5309,-714.808571044574
5310,-1397.24289162974
5311,-1483.1275924058637
5312,1254.7043777161043
5313,1601.3691690723253
5314,10.007642963826584
5315,-2656.1837332951472
5316,-7063.721741029042
5317,-7571.299152375184
5318,-5925.277400378455
5319,-7657.521412744427
5320,-6192.44938073041
5321,-3583.3363019818307
5322,-1314.7277439589052
5323,647.0014650403691
5324,203.20910963331767
5325,144.42443974128446
5326,475.03153802683175
5327,1025.3520407084397
5328,-959.0316727354639
5329,-679.9034956362266
5330,517.8171311382321
5331,717.3452280912452
5332,1189.091290667946
5333,1146.543502813915
5334,-130.4990134228741
5335,-493.2827154451986
5336,-2126.857518428793
5337,-4325.567307319116
5338,-7241.833273765231
5339,-8320.696054559427
5340,-10927.292953574666
5341,-7083.269194844174
5342,-5748.87604694402
5343,-5483.826058453795
5344,-3138.663049843004
5345,-4654.7883766803125
5346,-2395.754797990119
5347,-1256.8276525138617
5348,-538.1304075153824
5349,-1285.6450820480418
5350,718.771089213159
5351,-685.2107598965922
5352,-1281.3547909827885
5353,-1872.1734762668034
5354,158.38411639293156
5355,-521.6598111542405
5356,858.3176818262963
5357,-872.5920124335414
5358,-426.56119287317995
5359,-1816.4979124480137
5360,-4046.610722952618
5361,-5936.083726855684
5362,-7766.366619340264
5363,-8546.87120330525
5364,-10402.781031487073
5365,-8307.802940302303
5366,-6138.760460593235
5367,-6235.981054700338
5368,-5230.724879122821
5369,-3623.548445618311
5370,-2210.2340185618536
5371,-182.52469632921145
5372,-541.9231690616147
5373,-895.992937826762
5374,-275.17593963721845
5375,135.95186239270615
5376,-1949.1330497701472
5377,-1340.0438484428532
5378,-296.9538442581485
5379,245.47451848904387
5380,256.69786328034616
5381,-653.070962419656
5382,-1334.5646916356873
5383,-2647.4550444064935
5384,-4469.767318457811
5385,-5916.365862783093
5386,-7213.9077341951215
5387,-8658.650660774892
5388,-10006.712445798516
5389,-7252.378864205478
5390,-5779.840899125878
5391,-4918.892457823603
5392,-4063.5487737980247
5393,-3131.892303240677
5394,-2480.2966209670926
5395,-157.3060964668216
5396,-142.1758583712931
5397,305.35802187225863
5398,1179.9935147376023
5399,2319.833189687582
5400,844.5209520982107
5401,1299.3575813812313
5402,2537.4498524424384
5403,3215.797884886633
5404,3322.333897598275
5405,2658.037029985351
5406,1130.5156421184774
5407,-722.1976017963175
5408,-1585.5808994262024
5409,-993.4422856607844
5410,1403.307094247244
5411,948.8806803250081
5412,2275.6667752611556
5413,5481.809546541514
5414,845.8331068189691
5415,2976.524460791423
5416,744.9662926830306
5417,-930.7029162668596
5418,703.3909780637136
5419,2137.6367255804666
5420,2830.9535864755185
5421,5022.045146713281
5422,5710.392779170206
5423,7510.478042867813
5424,6986.1014923066905
5425,8764.358534508443
5426,8376.948957645014
5427,9032.299597204834
5428,9541.403970902986
5429,8105.039095835014
5430,6448.095741856905
5431,3779.1820127635965
5432,2378.0333919871914
5433,682.1632549327164
5434,385.9485010057342
5435,1486.7164132635453
5436,1768.6629196346234
5437,5098.588194986503
5438,3019.4941267269787
5439,536.6566936435811
5440,-458.4509855537367
5441,-1124.3050132463877
5442,620.004072615475
5443,1847.061247987116
5444,2209.9166075604335
5445,2296.836646921384
5446,3564.093561445326
5447,2018.4397593841159
5448,1350.5687661384218
5449,777.7664482736091
5450,2067.5576727085518
5451,1835.2934884743336
5452,1545.5697423516422
5453,625.4019874949781
5454,-288.2815225928962
5455,527.0359763352944
5456,3474.920191785256
5457,6128.90039865916
5458,3817.5877291822353
5459,2789.813849650098
5460,518.1261257100086
5461,-2386.2170871420694
5462,1137.388881447072
5463,-296.30286942167504
5464,-1571.607118395988
5465,-816.9283049192542
5466,-973.7910946838824
5467,763.5248466181248
5468,503.08669567693687
5469,-257.9008061556458
5470,122.77633627286332
5471,366.60982177794153
5472,-1521.9375657873452
5473,-1458.2541436537524
5474,-853.1353125792621
5475,-110.50622071958833
5476,-214.13861755872858
5477,-884.3870456233891
5478,-1394.2478130745253
5479,-1688.6853212979022
5480,-3309.0093283062333
5481,-6258.569429899042
5482,-6875.381579220222
5483,-7698.397947357389
5484,-8264.986268681467
5485,-5077.795732020552
5486,-655.3050624333166
5487,1043.6075581261346
5488,1153.3984239507845
5489,-577.88457343909
5490,-63.75169394543855
5491,318.9514809470726
5492,429.11919991966147
5493,92.12062868328019
5494,640.3071424749351
5495,989.6443161468035
5496,-183.03261566151878
5497,-746.8706014421621
5498,67.19971877454384
5499,985.7021342802252
5500,1659.449558388559
5501,623.5344781824974
5502,-81.9829552922372
5503,797.5387429091566
5504,1741.1592876670284
5505,2198.5438853915803
5506,1951.56290744949
5507,-1382.5675062297341
5508,-3651.676409302984
5509,-2334.185065860588
5510,-434.48192805569715
5511,-2436.3722570545306
5512,-4525.961051576513
5513,-3604.8355418862475
5514,-2900.7212425502853
5515,-614.4921278491295
5516,329.01152414094395
5517,-273.34856453407065
5518,656.4565387397336
5519,979.676782926765
5520,-727.8536728464251
5521,-1144.375977836258
5522,141.8410833819246
5523,735.0335835866804
5524,1083.0713876350474
5525,520.1840759292501
5526,50.78024800234289
5527,-608.4920177198792
5528,-1581.6391305041243
5529,-2597.5744412891445
5530,-4944.357241104355
5531,-6782.318448070988
5532,-10385.669096614396
5533,-9476.748573441302
5534,-6929.564769297197
5535,-7207.742843621298
5536,-6099.909418814967
5537,-4453.474523898027
5538,-1506.4020695840327
5539,-17.976839905529232
5540,212.92265490503857
5541,-95.71624305441838
5542,658.0136458827416
5543,864.9584852939638
5544,-1333.3613548900544
5545,-1123.5537902954943
5546,121.52646528603543
5547,896.0677347355762
5548,1332.9372823127135
5549,617.3399978018708
5550,235.8710324232693
5551,-666.9211744336708
5552,-1105.009071019737
5553,-2725.768401659113
5554,-4213.288780176903
5555,-5551.779159467477
5556,-7199.489060074411
5557,-3612.006461045111
5558,-2975.115976281866
5559,-3071.8501459271492
5560,-3560.4719296531543
5561,-2731.1105173267433
5562,-2379.278233351594
5563,-453.0268062591483
5564,729.6518281728376
5565,1242.920201069607
5566,1810.2296436127476
5567,2796.2019353353953
5568,1371.3029429815797
5569,2048.2446260540696
5570,3223.261613519298
5571,4130.718196167592
5572,3638.4680135217923
5573,2886.5039666874663
5574,2095.1864596189307
5575,-1844.5153058948429
5576,-7916.936523029037
5577,-12210.722562315768
5578,-12391.495047128257
5579,-12077.164171763274
5580,-11449.22961621062
5581,-7404.44583486348
5582,-10322.846325338476
5583,-8960.447791651364
5584,-5790.848998243955
5585,-5981.9191637855965
5586,-1149.5198061253232
5587,2022.1471266756616
5588,2509.830776577023
5589,4260.436480644232
5590,5660.797306665825
5591,5840.310829243064
5592,5709.151440329587
5593,6894.714625177626
5594,6891.476942668462
5595,7942.1352101570665
5596,7738.131667574451
5597,6804.890190600496
5598,3967.6257230806586
5599,-1308.7901658328592
5600,-5687.246554701216
5601,-8546.405642286356
5602,-9733.569187625108
5603,-9619.067746662884
5604,-8918.510792580979
5605,-5222.813629750387
5606,-7809.425920451311
5607,-7115.714184552814
5608,-5101.95042726578
5609,-3538.1751072437796
5610,-4.984029193208471
5611,1252.449538478561
5612,2829.132672861195
5613,2656.201334165584
5614,3387.936316664208
5615,2251.1468586187475
5616,1384.1064385426807
5617,1486.168645455
5618,2185.909499816393
5619,2184.6361772391083
5620,2355.1850190788946
5621,437.20741248869126
5622,-1052.112107277011
5623,-852.9868698925875
5624,4036.7265105797087
5625,6437.673770230809
5626,4931.729844871454
5627,4642.466380223701
5628,4498.2611627469105
5629,1557.285689315644
5630,7129.064173201653
5631,4825.887408790049
5632,2283.2163838190263
5633,765.4029514494459
5634,-288.0465385941452
5635,1884.7560620988384
5636,604.3341035320614
5637,13.423327117544432
5638,378.46005413468174
5639,541.833654618847
5640,-941.6733528720933
5641,-1156.6477485114924
5642,-225.35260039604464
5643,853.7063748707276
5644,262.2622381740266
5645,-9.662165454364413
5646,-1363.0746745427816
5647,-1917.3714710893923
5648,-1191.8222811991964
5649,-644.621355123656
5650,-1919.6283159419672
5651,-2776.979004102541
5652,-4414.955680328034
5653,-2985.606496614513
5654,-1847.487885078478
5655,-869.1527700714578
5656,703.1159309349732
5657,-1268.0949201036992
5658,-1307.3439125665022
5659,20.891643687618398
5660,-1.479091157726998
5661,306.3162995500049
5662,867.7381353452777
5663,1260.4748370949758
5664,-28.17897268415868
5665,81.09019744514808
5666,865.7782990049184
5667,1675.7821155012612
5668,1130.3301772643035
5669,-202.7774633476218
5670,-1861.8613195235976
5671,-4739.09306199643
5672,-6178.798690939549
5673,-9738.76478891009
5674,-10806.406101775188
5675,-11491.615625755858
5676,-13405.69128762521
5677,-8513.652135839071
5678,-11071.762041366746
5679,-11246.979444914985
5680,-11403.430607711416
5681,-11574.088202670366
5682,-7977.768713959973
5683,-4803.221173063854
5684,-4453.2184079558465
5685,-3492.5075408754706
5686,-2907.8989004804157
5687,-2145.554147855564
5688,-4031.3410905905694
5689,-3034.2863713776346
5690,-2314.7012541685926
5691,-1408.5595872817958
5692,-1797.366728731537
5693,-2193.02761170645
5694,-3290.0619162061103
5695,-3958.748304926603
5696,-4782.205401149995
5697,-5834.771362601699
5698,-6891.491228021163
5699,-8362.320187293177
5700,-8530.559122430146
5701,-8904.230355710912
5702,-5375.6882806807525
5703,-5759.984526102915
5704,-4926.273910037728
5705,-2866.2662295301852
5706,-1601.9582132410487
5707,606.0063357471945
5708,1022.5293496108552
5709,134.46964830835714
5710,987.5896840100045
5711,608.7970294908182
5712,-1114.7067305862256
5713,-1005.7083327062965
5714,190.21260440849255
5715,880.7417171726443
5716,644.4433322033046
5717,-119.93108952127568
5718,-1283.9779102994441
5719,-2339.9808428445717
5720,-4887.0325467331295
5721,-6749.728603892894
5722,-6527.714059844506
5723,-7819.080020966808
5724,-9065.123612867206
5725,-7463.615968299298
5726,-4562.5578919967065
5727,-5004.13976142091
5728,-4261.415508364751
5729,-1718.4653198759247
5730,-863.3983937754488
5731,588.9027466514258
5732,1335.146447413467
5733,1776.6067950039715
5734,2399.3334773394663
5735,2952.7927225590465
5736,1700.1530253363767
5737,1864.997058775094
5738,2827.6494542851615
5739,3550.2255765984514
5740,3632.3379146006764
5741,2706.398480113019
5742,1026.0075750935569
5743,-2825.022700807879
5744,-8227.69774690534
5745,-11951.162281984904
5746,-11378.94808720428
5747,-10066.007441427548
5748,-10525.256959137008
5749,-6107.149292310074
5750,-7372.575164894689
5751,-6575.018692399993
5752,-4863.513452075591
5753,-3690.403795523585
5754,-672.3282617077443
5755,1370.518883893771
5756,3038.3192973438895
5757,4430.068512150314
5758,5890.204609439195
5759,6337.828672556684
5760,5725.890277904458
5761,6517.289590441444
5762,7513.057797609914
5763,7961.236556042637
5764,8136.038529963831
5765,6812.769076240946
5766,4501.9572458100465
5767,2087.0425841235783
5768,974.2415624843889
5769,423.285237256865
5770,1429.1192100697044
5771,2588.0270664668606
5772,3705.4728948316006
5773,6779.355693487237
5774,2383.238705245889
5775,1001.2529344519517
5776,716.7387722239409
5777,-1503.9922456942222
5778,252.4687504126714
5779,1304.2947452129306
5780,1208.878366184771
5781,2215.5430379819913
5782,3110.7676310753536
5783,2341.8527315898937
5784,1333.589181219485
5785,1755.5083790777753
5786,1998.1233390525285
5787,2008.341820214102
5788,1407.4342495572964
5789,-106.35592777981674
5790,-1786.365103769038
5791,-4618.405939586859
5792,-5101.099680476423
5793,-4565.945406881269
5794,-4239.834315212798
5795,-4950.952272998857
5796,-4927.123085248015
5797,-4223.031555934755
5798,-5361.812199163995
5799,-6135.577019436249
5800,-6956.379374069067
5801,-7725.322370618215
5802,-7562.888316403811
5803,-5760.718348920566
5804,-4054.4722699720623
5805,-4252.017391868788
5806,-4030.650122269658
5807,-3899.933646023388
5808,-5265.64398628705
5809,-4834.683552177949
5810,-4297.805666799345
5811,-3417.247991045243
5812,-3563.5757436985996
5813,-4144.822119250072
5814,-4880.901629992721
5815,-2717.3531019987245
5816,1237.2813987888985
5817,3763.334227299676
5818,2726.563598820003
5819,3100.5100631864034
5820,2262.8727718891532
5821,2047.5527993421729
5822,6293.866288143621
5823,2653.5192178341385
5824,1125.7175014524291
5825,1593.860631098245
5826,-77.0295938966292
5827,1428.1822845312
5828,676.2743059483246
5829,37.470787151114564
5830,686.3389660794355
5831,1854.7135374015743
5832,105.43425105017468
5833,-126.23428230801437
5834,1203.8458376749213
5835,1373.4868893070943
5836,1787.0020030056876
5837,1267.052960522819
5838,1436.1859675956057
5839,836.6778366106537
5840,-1704.136841003431
5841,-5339.709545868308
5842,-4799.87359439572
5843,-5604.690153227009
5844,-8247.733985895575
5845,-6892.625386894626
5846,-4858.578218427718
5847,-4971.898054531333
5848,-5551.808701678402
5849,-5409.29541009123
5850,-3226.9947153580433
5851,-1248.0037858156043
5852,-6.781844440634359
5853,420.80281269427405
5854,867.30531260002
5855,1093.3313614728957
5856,-435.51559766097336
5857,-950.4063691603749
5858,390.0561865653174
5859,838.294083995652
5860,659.1936441504643
5861,-373.55553553390996
5862,-1202.3095535039297
5863,-2926.0765655029186
5864,-4836.135700738722
5865,-6099.113971656374
5866,-6877.878580905186
5867,-8173.614365334561
5868,-10784.002461107877
5869,-8416.92671857034
5870,-6523.68993271342
5871,-6170.756227234626
5872,-5032.135335411457
5873,-3917.060579978708
5874,-1522.3902189994901
5875,566.5890119667233
5876,961.011358099904
5877,39.749385618686006
5878,734.6197066337238
5879,1049.713015381745
5880,-655.8693925156583
5881,-721.0991814548813
5882,680.5961642923587
5883,918.8701246519015
5884,1022.0206521805686
5885,-82.30083840874966
5886,-934.5513924622012
5887,-2933.1574701141935
5888,-4346.620792470794
5889,-5821.571044414918
5890,-6813.980760187547
5891,-8206.683166070869
5892,-9814.022998462675
5893,-6705.760371979609
5894,-5299.232992472668
5895,-5488.990689595205
5896,-4180.341134977082
5897,-1481.8872152377344
5898,-1343.3501785400483
5899,743.8122001547773
5900,1108.353837574366
5901,1878.8439997739063
5902,2690.437776498298
5903,3286.6739857579823
5904,1993.319114497056
5905,2665.734117175397
5906,3321.9838600761655
5907,4491.612298950534
5908,4290.71771991989
5909,3593.37779425271
5910,1675.9430487243458
5911,-2372.6050227249443
5912,-5884.415847918505
5913,-7972.644474731353
5914,-5283.887805217766
5915,-5190.835232009447
5916,-3801.2595445490815
5917,1393.0502425885225
5918,1302.208342918132
5919,1958.0249670245448
5920,1817.7546619775744
5921,-162.96562713121057
5922,2328.424272190305
5923,2974.379648163625
5924,5117.754492049625
5925,5631.0218680768085
5926,7234.948071119567
5927,7785.184330325379
5928,6974.151265941919
5929,7584.513294114497
5930,8685.014368858156
5931,8982.537457881266
5932,8562.08728967353
5933,7393.423272529586
5934,4298.478058527196
5935,451.6976956027979
5936,-3558.6327545184313
5937,-8036.13632298375
5938,-9390.454424343396
5939,-9472.953571589529
5940,-8191.934718251463
5941,-3990.788170437243
5942,-9611.62482390647
5943,-7977.012880079066
5944,-6650.120346276721
5945,-5515.403041088707
5946,-1455.1334320253654
5947,341.295237659579
5948,2256.523032455292
5949,2456.8471243503463
5950,3061.744806406081
5951,1843.8816952908073
5952,458.6304734696114
5953,1342.9837342909805
5954,1501.4431059136496
5955,1472.1188825554364
5956,1903.9263401084072
5957,-450.5505491908407
5958,-1252.9039082766494
5959,-3573.04970692841
5960,-3803.180087012039
5961,-2709.459186189344
5962,-4540.792808221108
5963,-5324.953704912325
5964,-7571.568607167233
5965,-8360.997001743955
5966,-4337.187450675117
5967,-4529.506589641367
5968,-4002.999062757718
5969,-2514.516465027156
5970,-1295.9771342651015
5971,1280.7504387271683
5972,200.60680843828322
5973,134.71982240026455
5974,-205.10073636438437
5975,243.66197850603544
5976,-1590.5768681479312
5977,-1766.1707490682425
5978,-639.0235329590093
5979,234.18136972416596
5980,-402.7979564678378
5981,-1015.1185793015736
5982,-2073.1640585994073
5983,-4241.270793453716
5984,-5692.2149193978885
5985,-6398.2270085120035
5986,-7357.235221385145
5987,-8389.69693604946
5988,-9365.817616378406
5989,-7962.466929227964
5990,-5066.169272406768
5991,-5768.464145714962
5992,-4475.578550786284
5993,-3284.8964204145086
5994,-1648.5395518462467
5995,338.77882138834275
5996,596.3356663552405
5997,240.76690009897914
5998,1769.0740676761027
5999,1075.6863848266835
6000,20.044496672592004
6001,-101.65742100913144
6002,973.6133867077888
6003,1226.9825198060616
6004,1075.4458278191369
6005,-143.14068222527476
6006,-2537.8429694220326
6007,-6425.925368520234
6008,-10569.795004903372
6009,-12383.087135131957
6010,-12729.508725327454
6011,-12056.538038673114
6012,-11803.97734972399
6013,-8452.08738897171
6014,-6630.697740075063
6015,-5181.947273588747
6016,-4189.777523287873
6017,-5485.288333317371
6018,-5839.621111519302
6019,-4657.682139801307
6020,-3700.0003119249313
6021,-2806.2822494489346
6022,-2159.3033317451645
6023,-3055.309077045269
6024,-3666.2993819579265
6025,-3515.372918137911
6026,-2330.165154804098
6027,-1693.7913949435915
6028,-1921.2693239576693
6029,-2870.802372669061
6030,-4429.329071176084
6031,-5384.722950982587
6032,-6240.450093543433
6033,-6417.946900194049
6034,-7911.684885849182
6035,-9655.971407462515
6036,-12387.033934899095
6037,-10534.104907045601
6038,-8477.01884474996
6039,-8782.556069808717
6040,-7463.463906547575
6041,-5668.230821269172
6042,-3495.7576347597637
6043,-764.8539900484548
6044,-514.5914398080467
6045,-565.7232181365898
6046,-576.1266480053773
6047,120.60895176915255
6048,-1681.0521936400482
6049,-1427.061691947175
6050,-323.8653849236239
6051,274.8643499824261
6052,12.40500693346712
6053,-915.3263408862945
6054,-2690.760912696876
6055,-4821.372093411712
6056,-4819.433659796201
6057,-5528.648014185495
6058,-7023.32845588465
6059,-7842.334687683551
6060,-9311.940984993345
6061,-7001.673042231278
6062,-5193.042768567018
6063,-5715.306082394412
6064,-5094.020958070131
6065,-3916.0970230594903
6066,-2642.9230098119497
6067,-547.0905930220686
6068,50.174179710945396
6069,101.4681319307631
6070,939.1959205033513
6071,2158.790615495941
6072,445.63643684024873
6073,952.7154711786434
6074,1883.5440519153572
6075,2565.5909188025794
6076,2643.5442867674915
6077,1783.333567729771
6078,-390.7712852282584
6079,-3890.764627019661
6080,-8127.08833019239
6081,-11700.945688598873
6082,-11026.400417779492
6083,-10680.113428058728
6084,-10651.683927061962
6085,-6482.735764327983
6086,-8798.07775560525
6087,-7552.264936774434
6088,-5704.533115022806
6089,-4649.337332660853
6090,-463.9610324069831
6091,1571.24180357995
6092,3293.1106375580953
6093,4863.155828089837
6094,5453.744373917691
6095,6467.14436518046
6096,4738.813749187648
6097,6212.6273373386375
6098,6474.346690980448
6099,6861.466009360165
6100,7322.838132151772
6101,5861.3234050393075
6102,3630.5178410421995
6103,-623.9925141468048
6104,-6218.247411411021
6105,-9960.731353300724
6106,-9521.35291232635
6107,-8851.221995916801
6108,-8855.286056031087
6109,-4380.748061781531
6110,-8527.146839886707
6111,-7864.891036751718
6112,-5696.40927077437
6113,-3853.59902797834
6114,79.32359259986617
6115,1522.4035942743872
6116,3491.315281612559
6117,3317.121110458252
6118,3590.6579320534756
6119,1859.2339892308764
6120,1043.9403645514958
6121,1460.46072165037
6122,1699.361828381052
6123,2293.123779246438
6124,1484.613024209195
6125,-104.1335795524601
6126,-1861.1620335269308
6127,-3102.841823535452
6128,284.42195702498793
6129,2744.397616395514
6130,734.2521620327716
6131,-451.224145731082
6132,-499.0377736937726
6133,-2085.201503735785
6134,1025.2061369036483
6135,752.5385584822006
6136,699.5203396215202
6137,1311.992389799958
6138,963.7771517070414
6139,2496.994103629247
6140,2510.2373809803876
6141,938.9638324181444
6142,865.8023359839899
6143,965.232403407035
6144,-1243.589703843817
6145,-991.0019865735912
6146,288.0410903940956
6147,489.0768390769954
6148,249.59878906749407
6149,-983.9207063364627
6150,-2126.992016928805
6151,-2522.853939225943
6152,-1133.598922527573
6153,97.5558017188414
6154,-1378.2345584492823
6155,-3227.3576102483394
6156,-6083.153882231046
6157,-4554.580742569649
6158,-1150.4831722374515
6159,-1992.447019523319
6160,-517.5193059261944
6161,184.8356033539826
6162,1323.8210648329164
6163,2469.885024215401
6164,1960.8010018709806
6165,1666.8975253589615
6166,1625.6992200622312
6167,578.4978689063007
6168,-340.50892307288336
6169,-395.95645835466485
6170,445.50082858359514
6171,1421.010260818234
6172,1856.9994869758862
6173,189.5830683568122
6174,-451.0222878543949
6175,-1603.5492040128415
6176,-1065.784238916916
6177,-2696.136886514702
6178,-3660.021213600742
6179,-5097.5269370876285
6180,-5573.198366484069
6181,-3177.427788447321
6182,-767.686673902223
6183,-386.9215334060507
6184,161.3138089938434
6185,-128.05416745087086
6186,167.68159276122537
6187,1475.2746623943451
6188,2056.1517975489937
6189,1187.8769002823872
6190,1541.2455376301928
6191,1002.166468667125
6192,-1021.5920390557435
6193,-914.5784285495602
6194,611.5867764514109
6195,777.2246404754893
6196,342.3202631608515
6197,-560.3914930272718
6198,-1742.1489142588157
6199,-2466.744854503633
6200,-3114.417190134056
6201,-2887.0196476245887
6202,-3922.493860353463
6203,-3952.935787643745
6204,-5200.173084028196
6205,-3206.277997701014
6206,-1364.7798765307884
6207,-1397.1808535153307
6208,-899.5200240688422
6209,147.75099151656343
6210,1730.6255415466746
6211,2654.056636894245
6212,2437.783228593974
6213,1368.0064028524232
6214,1479.372242036594
6215,880.9341558804676
6216,-453.34944664714203
6217,-300.4544019128941
6218,393.42922185647984
6219,1115.0919467908038
6220,662.9363194601083
6221,-458.78036191962326
6222,-1602.2925713154889
6223,-1919.8606674968491
6224,-1266.000817034004
6225,-1890.1535121164743
6226,-2232.7190072446424
6227,-3306.5786306616296
6228,-4374.71013206539
6229,-1362.5981230065665
6230,0.45149476351957674
6231,27.728720895884635
6232,822.1624834670404
6233,617.7589332014878
6234,125.23943772637313
6235,1237.6201972018189
6236,2079.8882815474462
6237,1771.4620177928748
6238,2060.4039437526258
6239,2247.257511767777
6240,658.0176568051093
6241,1334.3647285711586
6242,2263.150584026216
6243,2830.802035533882
6244,2331.8905918628743
6245,1544.9942821580362
6246,-1.6627126998439508
6247,-1474.202783647118
6248,-3763.814891446935
6249,-6381.768054327906
6250,-5564.401755109742
6251,-6035.705675929641
6252,-5233.849265989912
6253,-1388.320555332121
6254,-3050.343392364285
6255,-2202.645245895045
6256,-2520.8960024195185
6257,-3488.7174225738563
6258,-395.3847947877416
6259,1199.6515011311235
6260,3574.753880566324
6261,4400.077881673717
6262,5389.3615332888785
6263,5776.884627709292
6264,4932.0628241048125
6265,5763.416698822954
6266,6327.655288196373
6267,6677.668256637951
6268,6647.078631661965
6269,5050.586957571448
6270,2923.584336190872
6271,-1285.54707407651
6272,-5273.091790125848
6273,-7426.491959247649
6274,-6129.8600263047965
6275,-4556.896713217384
6276,-3239.8404231313853
6277,2213.429831208112
6278,288.38115162273107
6279,-379.3397074449167
6280,79.04019835399822
6281,-632.7674229611771
6282,1091.0358193262932
6283,2342.9752170946285
6284,2304.3229949765096
6285,2856.6824416579475
6286,3267.4189147467387
6287,2182.352302821214
6288,701.7656317266419
6289,1748.6294135922017
6290,1573.2891633663303
6291,1574.4316362511963
6292,1328.2282908545512
6293,-343.1394922012132
6294,-2293.420603814636
6295,-3278.5043737933634
6296,-2769.0393338545355
6297,-506.5455045488079
6298,-2391.9795817069075
6299,-2653.8275652550565
6300,-2421.884879146258
6301,-4254.2154453815865
6302,-1764.667146818119
6303,350.4171817516225
6304,-481.52105307302327
6305,-1115.8416148941487
6306,-943.0059838837692
6307,37.98083207544323
6308,531.5245940710483
6309,-368.102279032536
6310,-394.7919112241002
6311,-354.5123508218885
6312,-2196.014876083684
6313,-2688.3759832478954
6314,-1509.2431564684393
6315,-402.7997190898034
6316,-855.7272774607966
6317,-2117.1410195391873
6318,-3258.19691136636
6319,-4144.271101005506
6320,-4416.993314023206
6321,-5402.831724772339
6322,-5301.142200442472
6323,-5604.404683998861
6324,-5779.536257926869
6325,-3169.2174345728135
6326,-747.9977526330717
6327,-1355.8063043800116
6328,-2078.562885951737
6329,-1513.173409031507
6330,-144.0126691377518
6331,1399.503470954269
6332,1294.1369687965255
6333,559.9144415574947
6334,770.9066502919081
6335,-13.743777936486367
6336,-2097.6548791053538
6337,-1628.4698568014182
6338,-391.2799836683648
6339,38.0285898367913
6340,-509.3250674981107
6341,-1590.9577005190288
6342,-2640.1149387585374
6343,-3809.553342895593
6344,-4714.896403884157
6345,-4560.177715741881
6346,-4152.645302288961
6347,-4485.0719823222735
6348,-6010.203561109631
6349,-3959.7728657437324
6350,-1228.3477427635248
6351,-1253.1236017260828
6352,-1558.6381768520766
6353,-967.8223205093005
6354,-182.6550123520654
6355,1046.8628352879693
6356,962.0634389293506
6357,-26.17667205807595
6358,5.822902700286818
6359,-937.2065045082522
6360,-2622.6223831699617
6361,-2277.4095325982503
6362,-1499.5437748360803
6363,-798.7534414584294
6364,-1178.1011344727394
6365,-2473.7530350475713
6366,-3533.5940426099364
6367,-3727.9428413176297
6368,-1780.0041096052473
6369,-643.9884628603418
6370,-1332.9528644312127
6371,-663.8803750363713
6372,-1393.6319997857809
6373,1104.3517037429547
6374,3192.53425322814
6375,1577.0065427734444
6376,2272.69460855133
6377,531.5863054563272
6378,-857.2352206947894
6379,-298.4459861020821
6380,312.37777593981093
6381,-882.7920503050161
6382,-891.79383494026
6383,-960.4372835352723
6384,-2485.4053042993364
6385,-2366.088272882106
6386,-1495.7463882145717
6387,-939.9969087202161
6388,-1194.7895094910702
6389,-2350.2986922777663
6390,-3166.218263738595
6391,-3884.189590773871
6392,-3820.6944698662946
6393,-4150.679594167297
6394,-3995.121659747745
6395,-5907.80775986876
6396,-7676.018981685283
6397,-4201.778629173401
6398,-4191.845440585658
6399,-3302.5827472602214
6400,-3428.428621202087
6401,-3132.553104037064
6402,-1294.7992539373404
6403,-347.6965579259147
6404,-444.4102485641928
6405,40.7672446419773
6406,459.1541189880969
6407,789.4783628267005
6408,-126.63441863285789
6409,421.3173361000536
6410,1332.529376404109
6411,1768.2749293973047
6412,1687.9688319377037
6413,598.3164099018632
6414,-628.4397236205173
6415,-2895.2423968809007
6416,-5468.936021079262
6417,-9472.824319764564
6418,-8914.271689733903
6419,-8288.863142315211
6420,-8860.836871949396
6421,-4358.406089416683
6422,-7795.4454928871
6423,-8322.67825208829
6424,-7183.82056041912
6425,-6647.5039038926625
6426,-3031.596146699324
6427,40.498592635768205
6428,1115.930374472628
6429,3038.5837078872432
6430,4169.551775359576
6431,5242.992458143314
6432,4508.391725641868
6433,5268.737452024232
6434,5327.593870195934
6435,5466.234576564728
6436,5442.777933207424
6437,4082.5576771692445
6438,1390.5083386538256
6439,-2735.74520916889
6440,-6832.845321928109
6441,-10283.803636922647
6442,-12010.889496373355
6443,-10712.79762933602
6444,-10122.3677344343
6445,-5193.2165246265595
6446,-7948.738708709324
6447,-6985.385105814001
6448,-6704.686516540787
6449,-4556.843590210434
6450,-2308.9890522679275
6451,-1025.8413466847658
6452,1075.5133173185127
6453,1288.5266006686006
6454,2046.2266235368438
6455,229.21886629701385
6456,-1205.5922154097461
6457,-950.9590973433278
6458,-134.80907435682002
6459,230.29135999287791
6460,-723.5129371961675
6461,-2516.9885948293504
6462,-3671.845782059773
6463,-4390.3224275790635
6464,-4548.642108111794
6465,-2155.282740389044
6466,-2030.0355238001648
6467,-3998.9091197549415
6468,-5690.871992305366
6469,-5409.887549353178
6470,-1900.8774503530103
6471,-1367.5963786503125
6472,-1911.28898306271
6473,-1479.7712596775982
6474,-580.0179927291642
6475,40.927418171309455
6476,-133.3946523216946
6477,-1523.0499128229176
6478,-1586.6191285320042
6479,-1721.5446203728354
6480,-3404.859773704782
6481,-3680.589403106831
6482,-2580.6914298941115
6483,-2129.527327702365
6484,-2597.9697859767466
6485,-3742.0856010166026
6486,-4830.243883486299
6487,-5881.713996960159
6488,-6193.761442160687
6489,-5720.73261446985
6490,-5405.333418004026
6491,-5918.3350236894275
6492,-8079.002036605189
6493,-6554.284622866189
6494,-3529.450813232513
6495,-3061.0276195204456
6496,-3130.706922925424
6497,-1715.676304196261
6498,-422.3204658709964
6499,368.359412275415
6500,384.1044632126029
6501,-256.7829999571327
6502,-608.0718953180308
6503,-615.2733331173008
6504,-2423.8058000737046
6505,-2285.7936762900003
6506,-1308.1086745704763
6507,-672.1269783126827
6508,-1171.3183653818628
6509,-2394.5818509555174
6510,-3548.610331034643
6511,-4662.46726597577
6512,-4603.266995230739
6513,-4247.480485125887
6514,-3710.0841902735974
6515,-4245.435185976189
6516,-5213.509174281884
6517,-1804.565201661851
6518,613.5911507364754
6519,539.6090857840063
6520,858.0008854132907
6521,-319.6267074615703
6522,-1457.713909667606
6523,-1268.7562374534787
6524,-409.5380603303936
6525,-1219.6227305207785
6526,-1090.2716264579342
6527,-1336.2157938524456
6528,-2320.5584093992393
6529,-3056.192046270743
6530,-2196.4236102805985
6531,-1562.1106369475124
6532,-2324.525657328856
6533,-3698.861080636078
6534,-5595.333939159374
6535,-8210.159794623272
6536,-9633.722447380695
6537,-10369.598482423793
6538,-10775.865723620693
6539,-10507.672259699635
6540,-10167.713328270895
6541,-6074.155489738448
6542,-7797.708254312231
6543,-8867.06087139042
6544,-7020.407421404751
6545,-8670.28410165575
6546,-6817.867844026513
6547,-4344.762108305473
6548,-3322.21077576007
6549,-2967.2071684322937
6550,-2533.3867113627925
6551,-4097.021884702678
6552,-5700.793592322695
6553,-4710.16631183387
6554,-3974.2760386259433
6555,-3639.0879905499282
6556,-3716.4253996759026
6557,-5139.517839895255
6558,-6602.503732764191
6559,-7891.281668134037
6560,-7922.652561744722
6561,-6546.673142020692
6562,-6264.528542837993
6563,-5293.347142584549
6564,-4627.939273954225
6565,-3534.122645147563
6566,-993.7985869802324
6567,-267.1088537474625
6568,-1601.1263163496806
6569,-987.9591984892359
6570,-1620.3744838926186
6571,-1206.1192703760998
6572,-530.5814933085603
6573,-1322.5543703250073
6574,-1311.304481282731
6575,-668.3446250075622
6576,-1898.4441564884733
6577,-1246.8429835886905
6578,-915.955626711574
6579,50.76867545873756
6580,-71.87612559786658
6581,-1520.7658787978735
6582,-2881.2602762652236
6583,-4439.359277777177
6584,-4572.450338174603
6585,-4542.58922788673
6586,-1257.1176941605281
6587,116.70992197879332
6588,-205.71994982131764
6589,2813.0519252820777
6590,-1724.8950371434394
6591,-2454.106829146006
6592,-4174.32572134236
6593,-4403.98302721067
6594,-2103.712980794373
6595,-356.4618525711478
6596,1587.7787693164796
6597,2273.1245202066248
6598,3334.3017273800415
6599,4160.976119948144
6600,3280.113080513581
6601,3844.860977521441
6602,4539.851417465881
6603,5521.115974225654
6604,4573.041737258356
6605,3421.9698172176186
6606,1178.0201001108385
6607,-1792.055278349907
6608,-4160.259694500135
6609,-7683.124947069593
6610,-6782.210432230784
6611,-6513.204421321983
6612,-7410.625660406951
6613,-4044.247043220016
6614,-7715.091937895737
6615,-7471.663274119167
6616,-7197.22695780861
6617,-5910.818285097032
6618,-1215.9987105567823
6619,650.6157755325748
6620,1564.9219693588918
6621,1475.5440052190434
6622,2156.998920194058
6623,-513.4421251182466
6624,-1065.699521931343
6625,-1426.2783860964764
6626,-919.2547668790003
6627,-863.5184142197631
6628,-1700.2283924037683
6629,-2825.4885837701568
6630,-4415.286384723529
6631,-4390.716559780009
6632,-2265.3541493138873
6633,1280.0203318944878
6634,44.13422779700704
6635,-94.94259964678804
6636,-2122.072193838979
6637,-1570.3269417529882
6638,2718.374254403694
6639,1811.5559816644818
6640,2915.2883418227575
6641,2264.6839607357006
6642,-496.0699653578504
6643,1929.5809257403903
6644,2178.7506743955
6645,762.9144880775492
6646,-93.37994742629792
6647,-1062.5065782083875
6648,-3140.53273692248
6649,-3034.426528943235
6650,-2113.63991395271
6651,-1972.2714094351577
6652,-2524.661797363
6653,-3894.626396999172
6654,-5344.536167528107
6655,-4946.567000096058
6656,-4076.216323623842
6657,-1477.4978000496762
6658,-1166.923979525345
6659,-1380.8783799653431
6660,-2248.218850165428
6661,-1442.6829343656764
6662,3769.154359500655
6663,1822.0506267901378
6664,3699.8450031815046
6665,3030.4369573783433
6666,1628.1601742888733
6667,2233.2236044824604
6668,3853.4760903507577
6669,1279.659671426005
6670,1048.3617150608964
6671,-156.3069174458542
6672,-2248.4036050526347
6673,-2445.5873108149303
6674,-1350.6252840308825
6675,-1395.0597494611716
6676,-1614.4180387988847
6677,-2831.656174057347
6678,-3903.0237049251805
6679,-4336.785570371282
6680,-3177.916426052181
6681,-1452.854755400234
6682,-1107.614912205441
6683,-1178.1992899632871
6684,-2896.8860806564644
6685,230.88079528803564
6686,2968.2617975432127
6687,2448.0903970204245
6688,2967.1806492216147
6689,2151.845216187271
6690,2717.8094508418544
6691,2233.575605764063
6692,2203.5264525349257
6693,947.89996223119
6694,534.0881595573258
6695,-215.87376147876222
6696,-2376.710350132865
6697,-2644.0630853258076
6698,-1715.0106234535979
6699,-1633.4659819087776
6700,-2269.0245549515275
6701,-3360.59919635748
6702,-4509.791680914363
6703,-4534.144420622355
6704,-2866.7455503612564
6705,-1319.1255469295554
6706,-251.79735669072625
6707,-354.5933942598151
6708,-1100.139655159063
6709,1050.3520378330402
6710,3930.147608083111
6711,2454.615048052439
6712,3367.5132900190047
6713,3332.180433948622
6714,3547.184149166579
6715,4142.316221176504
6716,3389.4047870310114
6717,2011.0322421682226
6718,1129.3922151211038
6719,-165.1693517199434
6720,-2161.1804611700154
6721,-2487.092957636307
6722,-1822.2919218567158
6723,-1697.0856968711028
6724,-2102.522392694425
6725,-3285.9225509162334
6726,-3999.060785924714
6727,-4145.239455022058
6728,-2423.0353260127495
6729,-129.54899486595252
6730,865.1393956860456
6731,1182.5433812982892
6732,806.1746718181657
6733,5101.066756195431
6734,5572.975196210707
6735,5969.948724364354
6736,5552.574097368378
6737,3939.6138018263355
6738,2892.473264700315
6739,3368.975117658052
6740,3179.2124611599243
6741,3054.3371999975125
6742,2120.4739518270276
6743,2718.4822832641225
6744,118.52576166612062
6745,1104.6394192471562
6746,1175.2497312110572
6747,1550.0872531761643
6748,1294.7227803539436
6749,183.97863741640322
6750,-1191.0503094338237
6751,-2779.4734749978047
6752,-3954.9200841892243
6753,-6460.439972296757
6754,-4347.180275724452
6755,-1730.4908829547699
6756,-247.43735696772455
6757,4406.953998584075
6758,1925.3411839935325
6759,751.6408294528555
6760,342.02273480774784
6761,-578.9206224769132
6762,2348.1188822400895
6763,3757.611307051692
6764,5589.628719417382
6765,5314.839901559904
6766,5961.611949033242
6767,5962.789937967381
6768,4747.473844678564
6769,5077.515215380376
6770,5470.04327310871
6771,5843.283791567533
6772,5377.53906574881
6773,3464.5816103672114
6774,1098.1780082575615
6775,-2580.290405218412
6776,-6031.600516424832
6777,-7317.156777124666
6778,-6991.0301399256405
6779,-5980.627782942597
6780,-6814.679888658686
6781,-2761.077851256153
6782,-5271.122666811152
6783,-5309.975181731041
6784,-4420.246058511502
6785,-2826.1782451857252
6786,223.41594846481712
6787,2684.831364104277
6788,2191.2493467556515
6789,1744.171658005439
6790,3100.8229875925504
6791,-74.98366015360443
6792,-1829.6962975250408
6793,-686.3297145253273
6794,-1281.4749495603282
6795,-1133.812455960393
6796,-1546.731866027274
6797,-3806.8553290626096
6798,-5165.811765120739
6799,-5690.1794099055005
6800,-1872.2128352526024
6801,4410.980256776978
6802,2689.0331914075723
6803,2904.0663156569244
6804,3363.505201021442
6805,817.782106683334
6806,7945.200942625343
6807,5622.114998585957
6808,3536.127640798367
6809,1406.4511453973291
6810,273.16396964950894
6811,658.1968019103738
6812,1085.2139936318745
6813,-1095.1602356925564
6814,-1928.9676733580864
6815,-2218.627919544796
6816,-4142.185673118188
6817,-5160.42342148758
6818,-3986.7101556317807
6819,-3323.3825395769354
6820,-4006.4182463808093
6821,-5394.137429411497
6822,-6083.974136969588
6823,-6132.07545786853
6824,-4855.755298988169
6825,-3153.811384086601
6826,-2029.568423896605
6827,-2265.395962950256
6828,-2930.774742533292
6829,-336.15838267626805
6830,1617.0527819012377
6831,2468.673557710139
6832,2466.3648796265716
6833,2760.377602916995
6834,3263.7860074815317
6835,4077.4111773249197
6836,3115.1934153887805
6837,1032.8247162845241
6838,1015.8906835371072
6839,116.11090281019096
6840,-2558.4061271494616
6841,-2897.5511278600334
6842,-1576.8365089986528
6843,-1618.0282186349118
6844,-2251.20019491286
6845,-3460.567478554616
6846,-4463.408036694051
6847,-4715.939654013508
6848,-2227.987035789452
6849,989.678230432919
6850,2008.7678378049004
6851,1718.3001908445449
6852,1179.2734935595481
6853,3771.4653093151046
6854,5941.672333285066
6855,6178.481464646715
6856,6215.39399584061
6857,7130.726304961163
6858,6342.895683046614
6859,5192.162464930441
6860,5957.538640897208
6861,4220.158881157853
6862,2376.0646353960165
6863,466.6781273770416
6864,-1810.2892389682622
6865,-2927.0380487783154
6866,-2179.54134831741
6867,-2166.528011325422
6868,-2796.640048930051
6869,-4069.0925139289734
6870,-4844.487035361454
6871,-4375.438607638216
6872,-1128.7218305309896
6873,3303.237276502329
6874,5664.0793472164005
6875,6525.519908833762
6876,6034.036907715348
6877,8111.788951797587
6878,9403.422167047604
6879,8231.862126211261
6880,6886.259452470977
6881,4721.821229983166
6882,3035.430135461243
6883,3323.865918666492
6884,3489.5846543470316
6885,1569.3634048933986
6886,898.933498571784
6887,-388.3776025301713
6888,-2936.4806657180206
6889,-3109.334095846837
6890,-2740.428249394977
6891,-2355.1912426974714
6892,-2905.9554423637255
6893,-4064.9200932231865
6894,-4635.466171812621
6895,-4442.8928059956415
6896,-1740.967815955348
6897,-139.77675231512603
6898,1805.54342746157
6899,2234.6018949556646
6900,837.0429000727745
6901,5502.85696489912
6902,5330.8636910561345
6903,5872.132484977041
6904,6372.078680936706
6905,3699.78229949273
6906,3152.7782522846055
6907,4422.634104670478
6908,4109.095420656837
6909,3481.182270195327
6910,2400.9880696943674
6911,2223.1495763716753
6912,321.14625120815754
6913,1264.6200218871154
6914,975.0994354415529
6915,1742.1300641070102
6916,1330.3934403913063
6917,116.40737792878372
6918,-1198.8083416585118
6919,-1531.5422672866907
6920,-468.06713923539724
6921,420.89544823568053
6922,4329.626127086856
6923,5332.879620109854
6924,6173.053238070737
6925,10357.277920013828
6926,5350.160343677928
6927,5499.85022058531
6928,2710.9004907544463
6929,-12.457121378601187
6930,2371.7624436638425
6931,3980.1137414556893
6932,4390.174980378617
6933,5173.786749992785
6934,6283.917115383279
6935,5882.822919568989
6936,4652.142376097767
6937,4787.523641878304
6938,5360.131876451083
6939,5473.93918601891
6940,4577.675717592327
6941,3142.1673662688695
6942,1818.1804636853262
6943,227.64966635418477
6944,-575.3866995254618
6945,-287.93460272925086
6946,192.48577670113355
6947,2158.2644455062054
6948,2637.1695204275397
6949,4231.002192805112
6950,-63.97839916416706
6951,-2779.7976586531986
6952,-2701.5382022368667
6953,-2055.1564824206152
6954,1592.7242965546197
6955,2874.6580661686103
6956,4645.761017546134
6957,3600.2868774944145
6958,2863.7035107387583
6959,494.80594865666353
6960,-1422.9427021483516
6961,-1660.1138886311346
6962,-1083.349796892161
6963,-1594.6647143258851
6964,-1638.1858749972635
6965,-3822.036892166112
6966,-4259.000402687812
6967,-2598.6174604663747
6968,1831.5576119479713
6969,8704.988333409518
6970,6465.350089949149
6971,6176.263324033295
6972,3993.105871415726
6973,-215.65636343373353
6974,5265.056804943389
6975,4822.113872653335
6976,2934.4384130379585
6977,2911.396309622477
6978,2929.093919423005
6979,209.03827018739503
6980,-92.02555687997301
6981,-374.38128186422637
6982,-2628.3839842962916
6983,-3580.7169944872094
6984,-4026.4181387436674
6985,-5683.58888949909
6986,-5227.852728291371
6987,-4264.709434530117
6988,-4794.179511252416
6989,-6700.509513188707
6990,-7059.704759790994
6991,-6348.069810568462
6992,-4825.091801879091
6993,-2920.443272581837
6994,-2258.4817393589547
6995,-3581.2306157718685
6996,-4738.8559193281
6997,-2203.0572616436493
6998,-1134.2328274754273
6999,-1441.1523535480192
7000,-2716.126863175732
7001,-3014.362280902462
7002,-1505.1146849077763
7003,-973.6547992634487
7004,-1640.1065361309984
7005,-2688.4917446538357
7006,-2242.2995220800567
7007,-3218.1087666056937
7008,-5560.9899531128785
7009,-5468.217498713473
7010,-4560.382151612499
7011,-4238.401012919251
7012,-4967.728321278118
7013,-6125.3809866054125
7014,-6695.423887008706
7015,-6606.52345922149
7016,-4639.98167322602
7017,-2898.4117686770905
7018,-3084.5716777254097
7019,-3509.235758250894
7020,-5334.716802075781
7021,-2532.5607876421172
7022,-1495.8870032456584
7023,-1244.2884638495875
7024,-1523.6454914645929
7025,-2528.3411728497326
7026,-926.7567391971884
7027,747.8743864197795
7028,-74.81901602290986
7029,-2135.127447840405
7030,-2229.0569075756125
7031,-3666.6924492914723
7032,-5698.330158589525
7033,-6324.423158905483
7034,-5162.152097164622
7035,-5553.110378605061
7036,-5235.756741012243
7037,-6686.17374961494
7038,-7505.629592886679
7039,-7222.890035399382
7040,-3918.0335312853526
7041,-831.296691930218
7042,1150.0229230286532
7043,2225.5156008693375
7044,895.2791141438756
7045,4343.902547913105
7046,5203.390388313428
7047,3000.335528821679
7048,2044.0912470356652
7049,-414.2876485084878
7050,-1878.2018511979247
7051,-1024.4873455595625
7052,-1437.91457495928
7053,-2499.8187423744957
7054,-3317.1715702642587
7055,-4164.366717437219
7056,-6454.434900928602
7057,-6480.2758011036585
7058,-5694.157477408608
7059,-5690.4790380003005
7060,-5917.45399297805
7061,-7402.23440798013
7062,-7762.321118372072
7063,-7315.466765332067
7064,-5121.92561532991
7065,-3960.9733943197134
7066,-3674.7347841400547
7067,-3486.7606929881276
7068,-4256.448436275821
7069,-1875.84750663852
7070,-800.264529005286
7071,-743.4641327193794
7072,-291.2988216097074
7073,-492.6233559711484
7074,-490.22755512419735
7075,434.660660864467
7076,120.50173402628025
7077,-715.9457151247152
7078,-820.527127218455
7079,-1779.157630289671
7080,-3039.611637545662
7081,-3374.6446173678696
7082,-2529.578186713885
7083,-2602.5569559623536
7084,-2777.787088899098
7085,-3779.7598024848057
7086,-5502.3901566846835
7087,-6741.281326887822
7088,-7980.985673040879
7089,-9584.56316890551
7090,-4960.426628046168
7091,-2242.645892709673
7092,-1146.5876083868975
7093,2894.206762382963
7094,1334.1954414120664
7095,4196.511801602242
7096,1967.9006007291591
7097,21.991328990697866
7098,1729.8457069615026
7099,2023.9909177908585
7100,3360.7893429449146
7101,2959.200033899691
7102,3577.611586545405
7103,3661.8508280420738
7104,2550.465075718861
7105,3416.3561408523483
7106,2892.2766248331773
7107,3777.4043606213236
7108,3304.0525136789547
7109,1145.4736000031016
7110,-281.2393575557908
7111,-2034.7816771759544
7112,-1528.1014577722635
7113,-1074.5488936226575
7114,612.9793874330317
7115,156.95054888784307
7116,415.9779675225427
7117,4774.332348193371
7118,-339.4858842547019
7119,-1546.0717875080627
7120,-3462.4484178748153
7121,-4002.607185432683
7122,-1429.276656860804
7123,-333.4541677623697
7124,916.4106245280559
7125,666.68078191117
7126,133.97862067892083
7127,-2234.5623692311583
7128,-3936.156575433146
7129,-3814.6884362045325
7130,-3876.019997418859
7131,-3308.384143086223
7132,-4813.322850263851
7133,-5660.8449070555735
7134,-6310.281605862812
7135,-5338.174210750937
7136,-1316.529800780031
7137,3712.0582270872865
7138,2327.142031924762
7139,2383.8713297314016
7140,-112.2935804642932
7141,-21.077465434036867
7142,4085.0440749670433
7143,1408.827809007198
7144,2921.9737406219083
7145,1531.9351219989348
7146,2004.332570458237
7147,2138.981765342052
7148,1938.7514588402219
7149,-676.7367763229879
7150,-1581.4805925127614
7151,-2621.7287419614895
7152,-5210.316073400614
7153,-5748.918626046716
7154,-5090.241223363671
7155,-4967.446384643857
7156,-5449.736551519922
7157,-6252.055486879872
7158,-6538.287665824649
7159,-4061.0864316834777
7160,1027.7235213994127
7161,4935.113752910901
7162,6493.315141254309
7163,5782.068468583078
7164,3409.697622397773
7165,4300.269852809983
7166,6279.007803409915
7167,3653.418635824143
7168,3136.3914910767226
7169,836.6535608064846
7170,85.87336134445104
7171,223.24270804536786
7172,127.1735462313734
7173,-1474.5965961031823
7174,-1309.485599955481
7175,-1871.4551860251029
7176,-4200.755494281825
7177,-4497.773995109786
7178,-3489.6794462692155
7179,-3680.149075928829
7180,-3611.445474396276
7181,-5104.118379462721
7182,-5167.547705998707
7183,-2801.500181499362
7184,929.9526151069126
7185,3612.859433764595
7186,3185.448131750918
7187,1560.4317876932778
7188,908.523870444963
7189,2129.2343137391454
7190,2548.548373653816
7191,891.6655411763327
7192,370.8051785131938
7193,523.2157454003636
7194,-755.5764967700379
7195,749.591591359733
7196,787.7348136532262
7197,-594.927595578523
7198,-1504.77981238094
7199,-3046.038488775795
7200,-5330.098712941265
7201,-5181.5770332641205
7202,-4678.05178842246
7203,-4282.715896589459
7204,-5236.763475698462
7205,-5824.499761303629
7206,-6706.27580862771
7207,-4786.107723243681
7208,-3081.2106720706042
7209,-986.666156081963
7210,-1178.8776981499655
7211,-691.963330111751
7212,-1658.8361112973666
7213,1397.126505919381
7214,4242.546793899653
7215,3759.3780852694995
7216,4247.819863375131
7217,3363.249072309928
7218,3339.1348852984734
7219,4695.699089433589
7220,3897.5572138336825
7221,3091.3217168816186
7222,1243.7656733576055
7223,-540.9146925112418
7224,-2661.6843862244395
7225,-3623.753176156595
7226,-3369.9550600908174
7227,-3793.0236049313357
7228,-4273.677487465983
7229,-5826.437094200381
7230,-5776.898201834778
7231,-4057.6061628604775
7232,-1430.4841457814289
7233,853.7003443190388
7234,1149.4475240345032
7235,-183.1490799468844
7236,-2195.5382816351353
7237,827.0315321277662
7238,1193.33499289161
7239,372.2363077460677
7240,968.5196916351583
7241,767.2722167340244
7242,564.1934183003359
7243,1182.3250106561177
7244,1617.1561805934389
7245,224.95926115123393
7246,21.448132861795102
7247,-867.374990904189
7248,-2670.4119625040394
7249,-2852.9640800336524
7250,-2113.7046595282923
7251,-2357.9903376633206
7252,-1934.9702432835852
7253,-3779.923705304707
7254,-4138.292867174675
7255,-5551.611291396574
7256,-6264.228611045966
7257,-6367.919550476852
7258,-4271.151299093868
7259,-2400.248155646828
7260,115.82511611549944
7261,4908.925639057578
7262,545.2573702252871
7263,3420.1493195359867
7264,2145.674385000895
7265,141.02685125497362
7266,2190.123865321398
7267,4289.604084005452
7268,5084.839329201731
7269,5142.321369925066
7270,4490.591116383652
7271,4124.779407717086
7272,2222.1368419778973
7273,2454.857145338937
7274,2209.5480316594585
7275,2729.6838046255525
7276,1969.821504266678
7277,439.8219417389537
7278,-1651.0221349177586
7279,-3170.9604064571267
7280,-2945.548029543248
7281,-2954.4921261499708
7282,-495.07762765986035
7283,2888.128079733552
7284,2337.7590878446135
7285,3515.8265690001176
7286,991.0181915073181
7287,-377.56598327518714
7288,-296.0165471543223
7289,-955.0180203899408
7290,1744.674421058803
7291,1922.0444813286954
7292,3625.296046668079
7293,2172.667973525972
7294,1694.445987050818
7295,-805.1784252712623
7296,-2891.24591821807
7297,-2387.142027021224
7298,-3190.207195700794
7299,-2609.8643504098363
7300,-3826.081115440811
7301,-5227.614415364282
7302,-5480.796634576201
7303,-1927.418610541013
7304,4969.297161795315
7305,11399.989642367207
7306,12485.748354314395
7307,10555.738859835348
7308,8977.088561005874
7309,8573.762833875297
7310,12165.96583920133
7311,6446.757093100892
7312,6291.890082384464
7313,3224.7780974380385
7314,2220.2940880599645
7315,1966.9169460925555
7316,1124.7702129295849
7317,-1630.0872901478854
7318,-2147.4814888388523
7319,-2913.6415979977155
7320,-5340.462091090392
7321,-6233.906904937135
7322,-5461.7309773591305
7323,-5549.205992054442
7324,-5730.479356235512
7325,-7216.841433345991
7326,-6136.662161148024
7327,-3752.703653280925
7328,1443.4740495506612
7329,5702.699227010107
7330,6643.382269957513
7331,7591.432068870655
7332,6442.445537320178
7333,8051.456394465397
7334,8196.460427873959
7335,5808.263541604041
7336,3618.5694080158746
7337,1447.8778287406903
7338,555.65326156325
7339,373.4717008619534
7340,18.38378505558444
7341,-1884.747207942206
7342,-2469.496950141452
7343,-3249.9823541564697
7344,-5993.874426013092
7345,-5689.166708597889
7346,-5161.839609686213
7347,-4951.641991229108
7348,-5358.208867468308
7349,-6386.211788368911
7350,-6142.070468673455
7351,-3691.501714364312
7352,98.64812878847215
7353,3744.7689185990844
7354,4724.582068490101
7355,3936.7839817257636
7356,2421.460518195704
7357,3904.590360865398
7358,5328.980021354051
7359,3345.870051041558
7360,2753.3989227352267
7361,1947.5571998550095
7362,64.74478726109163
7363,-12.229242953220535
7364,9.450500424252994
7365,-1708.0544139491321
7366,-2471.042180365238
7367,-3505.0320410625827
7368,-6524.85179356314
7369,-6456.432894227468
7370,-6384.339983384405
7371,-5740.349721418598
7372,-6600.797762230017
7373,-7552.615880922311
7374,-7150.79318261426
7375,-5819.762928589591
7376,-1907.630704424943
7377,1323.0932779866598
7378,1730.014215865805
7379,1855.6001774959168
7380,874.3514366785371
7381,2369.6684532370427
7382,3318.673723250864
7383,2677.983182162888
7384,1207.062987239451
7385,210.63042230820724
7386,-621.5392527405438
7387,-54.37687819352118
7388,-968.7028871409891
7389,-2534.966055749447
7390,-3086.8522986759103
7391,-4651.1957107067465
7392,-6847.685621767855
7393,-6819.24346120775
7394,-6585.066201060249
7395,-6432.5537756242975
7396,-7047.5004253102
7397,-7666.562254613165
7398,-7543.418427933051
7399,-5828.795602361795
7400,-2561.1837818463437
7401,-165.77608985189192
7402,232.9603711404484
7403,-842.8856695653039
7404,-3015.305860674288
7405,-287.3448778021648
7406,631.615886066073
7407,-65.41357736654754
7408,1252.2340227314035
7409,242.49521757881166
7410,-73.9112067370229
7411,753.5940853896576
7412,767.5304598711712
7413,-166.51399532423966
7414,-1236.952911207448
7415,-2665.2008385066006
7416,-3665.6030410871344
7417,-3928.5592176270493
7418,-3748.5580084903995
7419,-3603.429983842667
7420,-3573.8052442110998
7421,-4916.282029876659
7422,-5727.057407954098
7423,-6772.1256448836075
7424,-7761.693932988354
7425,-11342.39283041835
7426,-7652.635780742419
7427,-4551.6270003705185
7428,-2745.713974161292
7429,1971.9449812076405
7430,-2364.3176937050494
7431,-1136.0483993071375
7432,-1037.7617609763333
7433,-2815.8560171574104
7434,939.8094427681667
7435,1378.32224335699
7436,3159.5211660242485
7437,2819.7186733789986
7438,3520.2328040265293
7439,2481.7340192814117
7440,1289.5107729401461
7441,536.8972284475276
7442,1089.2887547393584
7443,1242.961668003264
7444,639.0475537654056
7445,-875.837959773502
7446,-2773.4074831411317
7447,-5402.264734378072
7448,-7128.749199581916
7449,-6241.899285716194
7450,-3889.5885288889576
7451,-1640.7868734584931
7452,-1605.0213866157621
7453,478.3302932020108
7454,241.33392447789265
7455,-2076.1322260618635
7456,-4364.529308677687
7457,-3075.0406821660126
7458,-162.93667633269274
7459,379.62056662996883
7460,1202.4631030184423
7461,493.9121466829092
7462,-317.3086632873801
7463,-2762.035189502976
7464,-5325.3628031057615
7465,-4522.605083631336
7466,-5199.740617760253
7467,-5075.897094060181
7468,-5653.102644889723
7469,-7740.979741577356
7470,-8180.521274233088
7471,-5916.660261429177
7472,-1697.4904079663338
7473,5769.131890706281
7474,4304.407361025063
7475,5985.589236908396
7476,6050.0978008146685
7477,4942.678699495008
7478,7085.1908018116765
7479,4270.058406650629
7480,4527.393558524327
7481,4270.6057386627845
7482,2291.9110896189422
7483,2732.7502925141152
7484,2194.314515656429
7485,-253.04830397288976
7486,-2281.972742640448
7487,-3577.386396958151
7488,-5985.929056811271
7489,-7523.491459227171
7490,-6306.287147880301
7491,-6747.552873205364
7492,-7115.468048754019
7493,-8117.6231521216905
7494,-8147.487902931739
7495,-5713.640235374256
7496,-1123.3818632114564
7497,3367.7980844770855
7498,5545.630290186517
7499,6736.182044441753
7500,5613.973052546007
7501,8155.747137479397
7502,8030.419092519268
7503,6254.446554853901
7504,4714.887811397093
7505,2138.717282117939
7506,1175.1223945782917
7507,1518.011445257011
7508,1005.9867646057111
7509,-1613.5510517278108
7510,-2461.5237464451156
7511,-3399.09201004787
7512,-5971.9006770548685
7513,-6525.436122473029
7514,-5852.704909847582
7515,-5728.945490291337
7516,-5864.054206037333
7517,-7336.7495884938135
7518,-6687.983243863433
7519,-4191.600346347998
7520,788.9681030989855
7521,4375.60809426043
7522,5935.341542562878
7523,4501.1148972460105
7524,4842.716768251004
7525,5891.578371296095
7526,6827.628398304233
7527,5070.533460752699
7528,4358.498316385588
7529,3902.2433834838416
7530,1461.9472124495055
7531,2381.087535514079
7532,2139.5953087968246
7533,-481.5566977243991
7534,-810.8253738329968
7535,-2663.713271955283
7536,-4860.378010938295
7537,-6066.082666753545
7538,-5138.57033369295
7539,-5458.116021019905
7540,-5542.869594254407
7541,-7211.78458847652
7542,-6199.870899649431
7543,-4093.341165873181
7544,797.9309579539996
7545,4757.058691484074
7546,8326.936300929798
7547,8359.583962999877
7548,6945.588190134826
7549,7283.079455157831
7550,7608.345261988203
7551,5147.100945646904
7552,3418.028119184818
7553,1096.694821494595
7554,813.1085690676387
7555,1629.5132996412822
7556,309.8849704069223
7557,-1311.4571888275327
7558,-2368.7530820440397
7559,-3525.2054816658983
7560,-6047.984281127165
7561,-6199.692216114641
7562,-5872.9564288022075
7563,-5685.918589751038
7564,-6551.363173443255
7565,-7003.427485988345
7566,-6813.104308579159
7567,-3965.92682102038
7568,373.88332681311294
7569,4672.703050988039
7570,5421.599047585719
7571,6950.029366860714
7572,3322.174248044085
7573,6530.073119047491
7574,3781.4523547790727
7575,2182.908797054141
7576,3061.3923114688264
7577,2051.071128841984
7578,1352.6251164541322
7579,1760.1855948919588
7580,1475.6709244631782
7581,913.5832864671956
7582,-7.206378867462718
7583,-1178.2563644246325
7584,-3372.0997647768463
7585,-3930.1560951925667
7586,-3638.4366002725096
7587,-3453.967402104199
7588,-3818.4308939739913
7589,-4974.4242499022885
7590,-5101.15953162977
7591,-5752.9065031884875
7592,-4541.035282407556
7593,-4243.678886948908
7594,-142.41620175577373
7595,1642.4991487944872
7596,1993.661034786487
7597,54.026123209288926
7598,-3216.0936464893084
7599,-2169.4306860470842
7600,-1251.7510625989744
7601,-1715.7627447746154
7602,1937.984368741963
7603,4975.457158482739
7604,4975.003426102481
7605,4595.7863724230665
7606,5213.437566935709
7607,3625.6040846354
7608,1809.54384279464
7609,1896.015447785262
7610,1363.2336393342148
7611,1404.5731962875761
7612,1029.4084046222397
7613,-761.8108801951603
7614,-2589.3171263051518
7615,-4055.6894586802023
7616,-4664.933947813368
7617,-7205.7450424909985
7618,-4952.068247377857
7619,-3919.72843767126
7620,-5750.776810230304
7621,1282.2591619669442
7622,-1552.9875534087914
7623,-1847.4327624536509
7624,-1127.684218928474
7625,-1700.888726691337
7626,3668.0315690830926
7627,4462.959432186845
7628,5211.152476261733
7629,4352.5331626973075
7630,3547.383980645279
7631,-124.54265281768039
7632,-2719.885047402344
7633,-2641.4014563377686
7634,-3088.218088873722
7635,-3130.580643389142
7636,-3830.2502392154306
7637,-5513.9315817130555
7638,-5808.036532937862
7639,-3828.191202975742
7640,893.2063282362788
7641,7830.2520057757065
7642,9432.250550082466
7643,9232.014224466857
7644,6577.190176845816
7645,6631.45627546011
7646,10640.85771825829
7647,7561.779689418581
7648,8225.157531885387
7649,4871.003585089634
7650,6973.489266804447
7651,6099.441398473646
7652,5657.328235475417
7653,2223.732577928082
7654,893.4067836854081
7655,-1169.0293703760149
7656,-4234.541705312136
7657,-5295.472694183229
7658,-4674.3290334467565
7659,-5201.044011813847
7660,-5220.68001708806
7661,-6459.618431233269
7662,-6306.080897533671
7663,-4293.926931936877
7664,1461.7746074010956
7665,8299.817647113627
7666,9492.45220570363
7667,9532.385715221712
7668,7496.881153752159
7669,8862.57048776451
7670,10491.72970116668
7671,7606.031190810984
7672,7527.976691115296
7673,6663.373835787591
7674,4812.439789491529
7675,5492.761166262311
7676,4485.121735081694
7677,2189.30430784363
7678,951.1323767079789
7679,-1423.408683370263
7680,-4186.763684780886
7681,-4918.912983390413
7682,-4484.28558494686
7683,-4528.532148917144
7684,-5208.7638414089515
7685,-6128.849478475023
7686,-5712.846854670915
7687,-3261.0982060033334
7688,1648.6611801308493
7689,6044.597605875448
7690,6456.96235415447
7691,6015.578576453
7692,5134.996490867686
7693,7999.439546913252
7694,8776.915151034515
7695,8079.2059642936665
7696,6981.147762663273
7697,6781.913084436395
7698,5658.924061628381
7699,6444.843354989089
7700,6118.885820641734
7701,3712.193073253323
7702,2038.9336592281174
7703,-682.2419152846928
7704,-3835.932155394202
7705,-4815.228738051902
7706,-4388.852912028845
7707,-4886.176503213971
7708,-4985.744125167516
7709,-6435.87947335581
7710,-5915.464420106582
7711,-4450.919573339245
7712,229.41580159813543
7713,4166.360991420218
7714,5574.53162562083
7715,6363.500815435917
7716,6325.31654361957
7717,7509.649024571899
7718,9508.624977989932
7719,9499.704323211776
7720,9978.879606373768
7721,8777.285469670876
7722,7734.639923506545
7723,8243.899440651545
7724,7457.755351506697
7725,4487.705481288291
7726,1730.290048374815
7727,-108.0782000910259
7728,-3510.3981462182387
7729,-4318.021927075298
7730,-4713.019796881797
7731,-4562.726476431747
7732,-5166.124222880994
7733,-6408.636284770685
7734,-5951.918667339992
7735,-3757.8854070467205
7736,1329.9526522155043
7737,4648.4472322382335
7738,7587.302746625701
7739,9071.24833691936
7740,8040.853916951251
7741,11898.626827015778
7742,13260.526558105681
7743,11444.472861778253
7744,10036.408769383888
7745,5942.078242645477
7746,6052.080116630532
7747,5703.9766383997185
7748,5616.806439629077
7749,4234.715725449796
7750,3257.8131098800377
7751,1311.647657100077
7752,-992.135659797259
7753,-1507.1838200178026
7754,-1652.0733351594981
7755,-1671.5551250044873
7756,-1974.922451032135
7757,-3388.5228455771635
7758,-3895.8285010146706
7759,-4243.3466350228255
7760,-3140.2826382917337
7761,-2748.291293258435
7762,131.29614905225753
7763,2930.0802896049363
7764,4127.011724169405
7765,8270.539596628945
7766,3691.644409654411
7767,3572.103223780703
7768,3144.339001604896
7769,2748.2520392393535
7770,4917.84134268434
7771,6850.1969543477235
7772,7673.403457627763
7773,7208.102554519441
7774,6726.7996009812205
7775,4786.352169830601
7776,3120.0054949065816
7777,2887.056599341073
7778,2680.5556188376354
7779,2480.27661869407
7780,1839.6071023883821
7781,90.5225090409208
7782,-1499.6963147262968
7783,-3599.860452445579
7784,-4090.3157375074074
7785,-4587.720945071738
7786,-2795.8141334806533
7787,-866.5045018144483
7788,-1435.7358219289417
7789,2166.917083062895
7790,947.7609515451945
7791,324.73802072479384
7792,784.4333554826721
7793,1370.5115981596782
7794,4985.311783710236
7795,6799.1678019422125
7796,6138.043125565228
7797,5042.183291509709
7798,3826.520671406235
7799,474.6591538560324
7800,-1959.8672187196407
7801,-2405.8722625744686
7802,-3405.251501183412
7803,-3720.107608307395
7804,-4789.066529412328
7805,-6565.138997409167
7806,-7413.095573236136
7807,-6339.99281707504
7808,-2618.0716083438747
7809,4265.678288939807
7810,4913.857892616222
7811,3105.8304112727355
7812,3603.294590421331
7813,1612.9980447066873
7814,4024.36254480604
7815,3238.241798813897
7816,1636.171592818871
7817,2809.37237513316
7818,2074.9037459513756
7819,2294.201990034699
7820,1849.7865904945438
7821,-1521.1933109657748
7822,-3406.1357008816576
7823,-4509.520030560234
7824,-7511.341412391426
7825,-8407.536909007315
7826,-8729.373377502148
7827,-8734.363356760543
7828,-9230.98114946334
7829,-9863.777677491502
7830,-10214.442263911777
7831,-8816.640301818532
7832,-5222.919633313296
7833,-2432.0739700540066
7834,-549.1400183935457
7835,-104.33858709436299
7836,-424.39189695992354
7837,1308.2885540118828
7838,2578.349279124138
7839,1546.0688555902937
7840,1330.8657074196462
7841,2065.738256646153
7842,3057.3908950023174
7843,4212.972900535495
7844,3319.142451406591
7845,538.8360716579973
7846,-1090.5884320476816
7847,-3890.8377113296337
7848,-6869.2081986223975
7849,-7965.90421052192
7850,-7490.828079015248
7851,-8032.511437448698
7852,-8728.915221439589
7853,-9799.517370412388
7854,-10051.099451518194
7855,-8821.44368437778
7856,-5804.204478954868
7857,-3751.374905482333
7858,-2204.7534720480635
7859,-749.2221284949339
7860,-1550.5918621774927
7861,1123.4235068760513
7862,36.665218451367764
7863,540.2328223466086
7864,715.6396835718333
7865,1986.4539081991475
7866,3528.61577738298
7867,4365.452703387256
7868,3115.30025458522
7869,986.0578962860825
7870,-991.8886974334525
7871,-3977.529964512773
7872,-6585.197484943101
7873,-7789.436811032467
7874,-8095.411217778377
7875,-8286.399898219843
7876,-8834.296290983313
7877,-10191.439928282218
7878,-10429.26742521865
7879,-9659.685443813314
7880,-6864.860373413093
7881,-3372.8822983762757
7882,-1035.1219814348415
7883,-709.1664781597417
7884,-757.5943729258234
7885,1342.6328098641495
7886,210.30019742176523
7887,294.35584928926596
7888,789.6836642889834
7889,2010.1279442044975
7890,3835.3111318536467
7891,4378.37021870359
7892,4136.515232091211
7893,1306.166935897506
7894,-710.2738628846206
7895,-3207.6178292727473
7896,-6344.83135413187
7897,-6831.559102972172
7898,-6901.865824019119
7899,-7076.334186643704
7900,-7849.845726008872
7901,-8761.013534609494
7902,-9008.147042924666
7903,-8341.555565545146
7904,-4721.60216609943
7905,-1367.3235097536972
7906,156.98351116856088
7907,593.0086840519414
7908,1695.9991576873906
7909,2031.2520162335213
7910,3445.1728835811564
7911,3286.9754586747504
7912,3680.9368566354615
7913,4544.704015341149
7914,5444.246081851174
7915,5539.467519014175
7916,6101.394646120465
7917,3841.1141169113625
7918,2436.2806279469396
7919,711.488243030024
7920,-1442.121971251955
7921,-2474.3303326522673
7922,-3150.615686735437
7923,-2928.4537218080404
7924,-3401.5320377571697
7925,-4543.928414602743
7926,-5346.716174106398
7927,-5736.05574787338
7928,-5296.05364959401
7929,-5779.7083634864175
7930,-2574.681326704279
7931,111.33087106450307
7932,1277.8318652778248
7933,4132.549282243731
7934,2783.8515458894035
7935,2460.377846357038
7936,3955.5577208795576
7937,5098.999405972989
7938,7834.575802601508
7939,10225.176757040523
7940,10682.145509019792
7941,9550.218047688179
7942,8722.31311663075
7943,8101.176365905023
7944,5512.148369907322
7945,4502.700461221636
7946,4526.676463441079
7947,4511.639910562706
7948,3601.946500540608
7949,2435.9226536156166
7950,509.89279925880874
7951,-1396.3990104698078
7952,-1922.356438027029
7953,-1098.0288554782437
7954,640.8631891840123
7955,3800.4755413346816
7956,4119.044200118809
7957,6642.9671964617655
7958,5770.045921533695
7959,5721.992269801984
7960,6956.391117999511
7961,8438.695894283712
7962,10288.853649874254
7963,10882.38978615619
7964,11638.928004417916
7965,10303.571611272031
7966,8541.747723409015
7967,4367.574336505531
7968,1341.1234578907397
7969,294.1668330610182
7970,-149.6596449975441
7971,-686.9298202014725
7972,-1775.14047214538
7973,-3052.097417136247
7974,-3923.880334317998
7975,-2194.52270154043
7976,2776.258798958813
7977,10485.104852027283
7978,11995.454003026112
7979,12500.904120376043
7980,11923.32023680503
7981,11188.258493308382
7982,17376.093369424198
7983,15429.483058576789
7984,16422.923386357026
7985,14298.535181770327
7986,9487.873590948506
7987,7606.860879504819
7988,7499.869297204226
7989,3335.8074404946956
7990,2103.177754395547
7991,-652.2645576592804
7992,-3457.4217816604632
7993,-5373.456276981122
7994,-4236.61840324312
7995,-5131.820416826226
7996,-5229.062546338053
7997,-6719.389004267618
7998,-6835.694476251803
7999,-4271.608654424252
8000,-464.524414121106
8001,4463.678547049728
8002,4381.486301678981
8003,5179.21711342114
8004,6237.269562836747
8005,7266.910071010065
8006,10179.485322972727
8007,9793.888335335341
8008,10433.595410417129
8009,10136.788602849374
8010,9935.581759553077
8011,11636.173364361279
8012,9930.601130586123
8013,7279.820884957937
8014,4757.281016482586
8015,2120.354042432568
8016,-1043.9305314331623
8017,-2593.6463085428227
8018,-1900.3441137004056
8019,-2392.946033150556
8020,-2949.0549860577335
8021,-4364.961327654555
8022,-4414.933224303486
8023,-2125.986434748253
8024,2526.5980077357854
8025,7334.496001594829
8026,9026.566871003582
8027,8293.699465332922
8028,8218.674485249036
8029,9442.065457664834
8030,12654.074243395404
8031,10585.231244339378
8032,11743.882175387396
8033,11494.591218932093
8034,11011.174524578142
8035,11416.290440286233
8036,10063.882149125768
8037,6609.302453286654
8038,4751.922951105445
8039,1982.5406399932033
8040,-1128.2482861302692
8041,-2308.9022673412946
8042,-2140.026056992343
8043,-2437.3512250916638
8044,-2992.5287158002716
8045,-3700.831810964322
8046,-3790.1521241210867
8047,-1437.28970513219
8048,2772.7859717605206
8049,6169.799477234548
8050,8889.25520552691
8051,11233.111958733805
8052,11516.789123095008
8053,12689.833238758283
8054,13980.782181313696
8055,11197.819539535614
8056,9569.9975147675
8057,9622.392030847957
8058,9209.57012212586
8059,8965.923205793602
8060,7952.2989234581555
8061,4969.771618082989
8062,2880.177905375702
8063,505.00712439555423
8064,-1945.4890757986068
8065,-3000.632530263743
8066,-3023.143545797439
8067,-2922.3266581812454
8068,-3722.863117159125
8069,-4670.7467055513835
8070,-4211.733201776348
8071,-2167.7627258688326
8072,2094.8147194730705
8073,5582.147008707228
8074,6893.037969002937
8075,7741.715091347386
8076,6733.49060380654
8077,9629.90318997002
8078,9617.272891164934
8079,9951.312032862526
8080,10307.277269651033
8081,10459.467410735106
8082,10209.58610049142
8083,10550.269337128317
8084,9698.144240903392
8085,7616.895541714865
8086,5488.6888419742845
8087,3686.4991309398797
8088,1328.6988423396629
8089,537.6796148937224
8090,627.7772398219104
8091,321.9424903511658
8092,-159.88423830908414
8093,-1552.782845183578
8094,-2037.4256120038558
8095,-2183.256302064196
8096,-1870.2785670067783
8097,-3830.136149873435
8098,582.9290306788689
8099,3636.4051654834957
8100,4870.670148996668
8101,8066.0403168861985
8102,5899.397441026153
8103,6924.708315522306
8104,7254.12352280613
8105,6372.187455213579
8106,9097.8515908596
8107,10941.336398669438
8108,11079.051757771664
8109,10206.18805183368
8110,9102.644767946058
8111,8894.640651888132
8112,5908.358966173759
8113,6300.423267667109
8114,5464.495513206475
8115,5662.669416795647
8116,4688.252188013859
8117,3411.6242571045905
8118,1936.7146539949044
8119,-847.9366836070708
8120,-1788.9841108884762
8121,-2379.3853233624673
8122,-313.7608201759058
8123,769.1144350864138
8124,1408.720239306635
8125,6259.877355303712
8126,3826.774330091715
8127,4368.982347045825
8128,4879.00640946422
8129,6607.582793303427
8130,9930.549733482923
8131,11684.937688387652
8132,11264.08991553499
8133,9873.357578409052
8134,7777.045313067856
8135,4257.977690994576
8136,1809.3087424683072
8137,692.0571082062961
8138,686.0624626684066
8139,28.58972699444712
8140,-550.6042240949864
8141,-2029.1885339628852
8142,-2444.996322153266
8143,-312.8617885132617
8144,5314.093436496751
8145,13808.463506744762
8146,13274.300063251852
8147,12755.519773514075
8148,12037.200089980994
8149,10581.55292942863
8150,16264.645754297278
8151,13904.22126958615
8152,14243.127602532162
8153,13343.013168517515
8154,13518.822413738966
8155,15305.047854979248
8156,12403.703689076816
8157,8867.180174481673
8158,6021.2105369659
8159,3800.4261740548354
8160,-243.87404164586133
8161,-1069.3849938305034
8162,-995.1024327230964
8163,-1343.5668643211786
8164,-1944.2864724889669
8165,-2664.6305141441926
8166,-2487.55128332791
8167,-164.87774173138496
8168,4362.311801749311
8169,9500.645893067871
8170,10367.34448535937
8171,11142.17256016859
8172,9625.196207618914
8173,12350.969096338307
8174,14212.086092522786
8175,13433.934926396189
8176,14520.721482312436
8177,14893.22187589232
8178,14265.595654846566
8179,14036.309241032395
8180,12830.592120028343
8181,9041.736054360039
8182,7000.4409406756295
8183,4134.430801243905
8184,1082.788932456121
8185,-351.8104694429303
8186,282.7451675307568
8187,-506.3508912376424
8188,-361.2302193287628
8189,-2125.169642942258
8190,-960.3631436929807
8191,676.5908665918734
8192,5756.935824041875
8193,8885.836253373807
8194,10896.048058802164
8195,11135.66575898247
8196,10850.133272562378
8197,12949.566793312855
8198,14912.866937771027
8199,13631.855416587174
8200,14658.925614681664
8201,13933.293751731953
8202,11931.519167964565
8203,11744.147300626639
8204,10090.80756353274
8205,7140.541197631663
8206,5849.611095143526
8207,3680.192536750804
8208,1146.0866566662767
8209,-624.7310345653348
8210,-224.16613112714506
8211,-1091.85031036631
8212,-1606.048966832529
8213,-3162.1197867286683
8214,-4008.6868053575663
8215,-5239.966899892847
8216,-4726.108140909804
8217,-4663.179493153149
8218,-2230.3335147867056
8219,801.3180543932413
8220,1979.8556426896484
8221,3560.757619248354
8222,4212.150169371389
8223,4087.9555193522247
8224,5323.66864453627
8225,4329.36815331268
8226,4367.571947983325
8227,5953.601357487138
8228,5132.507289661469
8229,4827.464809848901
8230,2487.995143447542
8231,-344.102726623325
8232,-2849.657578398487
8233,-2602.5677157963346
8234,-3538.341422068898
8235,-2606.824442157205
8236,-4220.067821772844
8237,-4548.572176346611
8238,-5280.392560387829
8239,-2853.5405786666556
8240,666.7802295819747
8241,6179.816758654415
8242,6753.321526141157
8243,8696.036592417819
8244,7221.573791920167
8245,11840.218187300317
8246,12504.309906695977
8247,12989.412584763995
8248,12320.569897167381
8249,11243.51902502486
8250,10984.686522281632
8251,10230.455937303632
8252,10235.516368603085
8253,6484.02834594639
8254,4943.420971494307
8255,4133.507112500137
8256,1623.9882546973568
8257,376.7590294233669
8258,1230.4483203527434
8259,951.1599638670896
8260,475.3765198715955
8261,-783.0550577776844
8262,-1426.3140878928784
8263,-2166.6241138292125
8264,-1856.202062135906
8265,-2396.087440467375
8266,1515.77253491203
8267,4682.507978404586
8268,5686.16237009018
8269,9721.134311639476
8270,7685.820909741999
8271,9520.336056746544
8272,10077.797283971542
8273,7875.063650140155
8274,11170.220409397589
8275,11469.90144625138
8276,11865.493875498643
8277,10616.843956675539
8278,9729.572580323145
8279,8948.386820500149
8280,6577.8959299568705
8281,6815.777670558084
8282,6321.063662442717
8283,6471.497243858362
8284,5619.450586916869
8285,4340.448521360544
8286,2628.066563310933
8287,473.4064574604554
8288,-194.059541130639
8289,-2154.534542826167
8290,875.8851242835196
8291,2998.2147960822044
8292,4083.9103408236506
8293,7904.64315512496
8294,5905.64515954677
8295,6493.908651313595
8296,6037.799788708139
8297,8157.358119660393
8298,9451.270862747911
8299,11236.298665615319
8300,11663.005893077541
8301,8312.68324079353
8302,7740.304425049901
8303,4028.5428085128306
8304,1336.137145899932
8305,1309.8831983605323
8306,719.6040702061082
8307,159.20385418735077
8308,-469.1839618837721
8309,-1715.1547400649524
8310,-1534.7762710187358
8311,809.9205894843135
8312,7116.450127397871
8313,15062.617827733451
8314,15234.242540514238
8315,14583.859855649276
8316,13333.054279649936
8317,14065.659792004733
8318,18614.795375785954
8319,17057.043300229812
8320,16974.565921188332
8321,17553.90274631997
8322,17105.903934966012
8323,16604.936243099088
8324,14405.709407531176
8325,10918.432801166437
8326,8177.498417527067
8327,5648.614204006287
8328,1685.9070829674417
8329,346.39792639116075
8330,661.1257690482141
8331,329.46516678569293
8332,-172.03774549941602
8333,-1381.826806570052
8334,-1433.58029236542
8335,1323.9364331530505
8336,7328.672677554455
8337,12673.61930516761
8338,15273.36147492795
8339,16098.033673388958
8340,16927.001502405703
8341,18635.36781192234
8342,20543.308886880324
8343,20390.85050013126
8344,20320.671585976732
8345,17209.5747596626
8346,16751.050339087862
8347,17643.308302245576
8348,16534.868679618354
8349,11516.781280497084
8350,9953.76566380472
8351,6816.405623090602
8352,3395.75409914625
8353,1696.8454383744513
8354,1961.4607270146817
8355,1640.2086818884382
8356,887.7551882119633
8357,237.42913636662888
8358,532.0384640641441
8359,3752.6020424189082
8360,10898.890044722946
8361,16283.284327510191
8362,18056.099026201984
8363,17799.2736828423
8364,15069.263575491135
8365,16400.025110991566
8366,17486.704140146318
8367,15791.920909515837
8368,13891.884092002601
8369,14629.06120586121
8370,12822.12254558832
8371,14358.362296864312
8372,12682.660046302302
8373,9649.523486097114
8374,7126.815551485703
8375,4841.583361188308
8376,1712.962742536732
8377,603.5203747540809
8378,446.96973247655114
8379,738.9723239871802
8380,-350.44116416383326
8381,-864.3075297934793
8382,-271.76800026084265
8383,3010.8168157993973
8384,8506.031082928173
8385,13476.210814227477
8386,16867.05101801423
8387,16513.727146934587
8388,14331.03467926646
8389,17511.102434064633
8390,19006.14341578056
8391,16802.666263651136
8392,16001.418462151176
8393,13516.692946620717
8394,12801.649136255715
8395,13065.989996426943
8396,11727.742614845296
8397,7968.144155409543
8398,5696.917584778494
8399,4071.356430991759
8400,819.8638813654732
8401,297.0932062221923
8402,263.09981084873937
8403,-84.97327307922075
8404,-411.43075992279336
8405,-1031.6989535375535
8406,-209.94665041779717
8407,2390.092576423786
8408,6713.156187645287
8409,9175.312822142943
8410,10316.278389550356
8411,10550.49934717376
8412,10672.089494227932
8413,12649.864398756672
8414,13514.821564971222
8415,14034.378978060322
8416,13593.22875389427
8417,13044.307731575736
8418,12714.259520041325
8419,12428.19530397583
8420,10571.902943009718
8421,9002.135404306495
8422,7007.095017191659
8423,5534.286447939486
8424,3633.3723462442285
8425,2627.273334386428
8426,3727.093750058983
8427,2853.842310351445
8428,2546.576435754485
8429,1935.7860744426462
8430,1192.7829041642035
8431,940.5292897159889
8432,607.3191647419153
8433,-262.11469683027826
8434,3819.50723761462
8435,5824.203009796867
8436,6763.103731963382
8437,10176.780843917866
8438,7398.980040556135
8439,7087.949196946451
8440,8964.442171401466
8441,8122.316605063561
8442,11369.404626547086
8443,13501.291650353134
8444,12151.351041063888
8445,11667.36201861683
8446,10809.048402258712
8447,9641.93210919459
8448,7346.597316483461
8449,7847.408612645626
8450,7356.656084422255
8451,7362.528254812809
8452,7137.91821151797
8453,5318.497399769606
8454,4351.283234140272
8455,1915.5527234416613
8456,1505.5479273172373
8457,1882.3889802964636
8458,2757.0324651336623
8459,4430.534763584374
8460,6198.217125910469
8461,10907.238983053561
8462,7564.809444642587
8463,7585.748163146649
8464,8366.023187825322
8465,8119.938324742533
8466,10505.808588816906
8467,11820.6823505861
8468,11150.664060738298
8469,9153.158764908992
8470,7911.4791985861675
8471,4552.5944422249395
8472,2320.409259385666
8473,2825.063533529812
8474,1466.3218189745903
8475,1938.311845362805
8476,843.2122036446845
8477,-92.8583596808312
8478,-698.4142177279723
8479,2575.3995877062907
8480,8931.627816454924
8481,16954.43196730756
8482,16199.537807758676
8483,15376.042488775953
8484,14752.51478320125
8485,14030.138279768395
8486,19213.24150976599
8487,17098.01422758299
8488,17338.569254532686
8489,15382.77156820488
8490,13864.240931439657
8491,13652.145838415636
8492,11292.463963097913
8493,7648.003029689203
8494,5801.632835227315
8495,3598.8714481730913
8496,797.2922358866017
8497,-95.92114420773373
8498,111.25861799669792
8499,88.49990181077487
8500,-402.98897519522825
8501,-1098.063957135097
8502,-718.9610056841252
8503,2309.3254478353374
8504,8063.487817401282
8505,12564.478709828227
8506,13718.041272946606
8507,13411.359076610954
8508,11437.049860077095
8509,13484.668018065968
8510,14522.866753187698
8511,13455.0401718215
8512,11019.463201908056
8513,10937.65834283344
8514,9095.85154393678
8515,9269.609214012176
8516,7061.125777172512
8517,4401.976764977375
8518,3011.0510032995408
8519,1927.2841906674798
8520,-1006.7146902659404
8521,-1454.2000019193326
8522,-1175.6800180881971
8523,-1093.6400616937258
8524,-1647.0722145481545
8525,-2097.6989619173764
8526,-2141.7311006128984
8527,494.4676532279668
8528,3036.7725793277705
8529,5701.618214770455
8530,6408.509091681732
8531,6486.887427113979
8532,6275.7321639695465
8533,8507.572500600385
8534,11358.246782997292
8535,11009.142398525477
8536,11281.299247177738
8537,10810.022852475493
8538,9875.096002699722
8539,10591.513650012093
8540,8825.769302418143
8541,5536.999161986616
8542,4254.74476910541
8543,1918.1241554692638
8544,-487.85683214644484
8545,-1553.780254544076
8546,-1125.1606630190124
8547,-1214.6388005511108
8548,-1844.6386650019344
8549,-2522.0887131809404
8550,-2074.8244080146474
8551,81.2539094454911
8552,3169.5500050726405
8553,5749.545876993055
8554,6938.491974752496
8555,7502.316102384913
8556,6619.358108133039
8557,10117.417609476372
8558,12277.614587732949
8559,12633.228669040585
8560,12235.354697567209
8561,12026.402421685627
8562,12344.101036090085
8563,12128.750309824574
8564,9305.511694576066
8565,6257.280845560358
8566,4554.136824728151
8567,2694.713660415438
8568,40.85924587274292
8569,-951.1264930814237
8570,-291.4454881271049
8571,-397.52008941109807
8572,-795.5396941467609
8573,-1633.977266604953
8574,-1261.7003619895836
8575,476.2274884931928
8576,3953.022036772816
8577,5729.632448363764
8578,7316.711006258078
8579,8222.375128749152
8580,7570.170068401649
8581,10954.336288305298
8582,12579.11999498989
8583,11735.48685571725
8584,12684.407231761541
8585,12956.641963879312
8586,12609.399967094134
8587,11893.579123943084
8588,9584.936256110559
8589,8323.592669244199
8590,6677.853845385827
8591,4884.300160953513
8592,2674.123563341967
8593,2458.636432426256
8594,2066.964701128927
8595,2779.1622798139506
8596,1664.5292103369616
8597,908.184531524942
8598,489.0315445404012
8599,-716.0585767787522
8600,-3150.5534190136686
8601,-5169.368459670382
8602,-842.9548703729306
8603,-55.197945428174535
8604,1077.5496665661658
8605,5233.442955367057
8606,2978.119942961828
8607,5166.967405370633
8608,6369.566665197783
8609,6074.03796215072
8610,8883.136603608411
8611,10826.081478862063
8612,10452.857690445733
8613,9851.939155964932
8614,9380.266004249926
8615,8379.143883614219
8616,6223.58132023912
8617,7302.067564258314
8618,6748.661273191377
8619,6423.852253042027
8620,6252.401532658634
8621,4991.905344758978
8622,2854.7543250459644
8623,-335.81437900260016
8624,-1604.8031016282048
8625,-2915.9797719205308
8626,-1715.4397107740315
8627,292.4215513676098
8628,654.2044887284628
8629,4022.7136667102923
8630,2484.449396964332
8631,2498.762001424582
8632,3610.951038394638
8633,5312.9783091652625
8634,7777.334687666581
8635,8498.958881062095
8636,7789.526411277668
8637,6339.565869791781
8638,5314.365574102096
8639,2855.099393528625
8640,955.8562429650765
8641,733.6352594168875
8642,639.9325760199272
8643,806.1121566101156
8644,-312.2249989756947
8645,-1132.0156260543772
8646,-2044.3452694203788
8647,164.7477545796637
8648,4302.2973320033325
8649,13883.59974107616
8650,12739.561469991202
8651,13086.630489556437
8652,12262.079832763828
8653,8119.627084035783
8654,13437.507491225439
8655,14320.408828252515
8656,12556.802485600201
8657,9823.142750663
8658,7264.049382941386
8659,7512.848970913694
8660,6171.5109726726505
8661,2745.256809815747
8662,1456.7868048717314
8663,726.4952631559008
8664,-1551.6494961290614
8665,-2040.793970765663
8666,-1255.8563603229222
8667,-1366.7598546617319
8668,-1297.8220668290237
8669,-2255.880220918655
8670,-1867.592842161128
8671,-634.7767961381751
8672,3303.28225755524
8673,5359.711531355424
8674,5821.210149044075
8675,5168.418786435022
8676,4934.685232148053
8677,7281.37736329734
8678,10837.292321343532
8679,8987.463037580863
8680,10698.709874694923
8681,9022.897553063176
8682,9563.36828678747
8683,8233.092958749521
8684,7092.626659783769
8685,4237.483725490334
8686,2764.8498767465744
8687,1775.400597705469
8688,-787.8975478358327
8689,-989.1235731659658
8690,-538.8338940544113
8691,-551.9471803370129
8692,-766.6082618539235
8693,-1640.1167451637168
8694,-1584.13275408027
8695,-492.15577311723604
8696,1590.2912773073867
8697,3344.6445715288182
8698,4142.793690346827
8699,3933.4543950275383
8700,3479.503855629615
8701,5626.941669071842
8702,8973.441302068557
8703,9424.005825670998
8704,10167.242551246814
8705,10350.786202395204
8706,10521.69972828664
8707,10003.37325009131
8708,8277.76103365844
8709,5488.394514716999
8710,4259.597335230154
8711,2994.799282778994
8712,560.9409171448783
8713,-339.70546031582387
8714,167.68176026081346
8715,711.5025757519707
8716,-55.30304695695065
8717,-1114.9180772380414
8718,-522.5966479820975
8719,854.0276825055885
8720,3441.7559100786193
8721,6403.418277864577
8722,7826.55285187004
8723,7584.559768889383
8724,7617.137663622429
8725,9600.710855299534
8726,13307.200040050038
8727,13362.744603655903
8728,13215.926099332495
8729,12677.555269562119
8730,11141.62848471165
8731,10719.69066340505
8732,9629.157835405123
8733,7047.596069100616
8734,5638.655964975973
8735,3991.266091172998
8736,1939.0977367106843
8737,946.9214840994173
8738,1598.941470749508
8739,1721.3434937109491
8740,1273.7024216834757
8741,915.3935434374519
8742,996.5425126419846
8743,2657.0671360294828
8744,7858.845450339213
8745,13362.226951069526
8746,14005.515994033625
8747,14299.067443561455
8748,12315.662503139618
8749,15987.643046878833
8750,14873.310134306876
8751,13327.505104098496
8752,12299.113396055584
8753,8470.479014156987
8754,6814.0445234869985
8755,7376.237187200774
8756,5780.595024461763
8757,4996.971030016284
8758,4371.0560539780645
8759,3984.7956879636786
8760,1989.4183518183722
8761,2715.5384603521634
8762,2712.97768021019
8763,3070.192329628184
8764,3152.017127956179
8765,2522.1417628048
8766,2509.1666008623583
8767,2589.202579969491
8768,2020.6789916386979
8769,1310.242516720171
8770,4627.2973440891
8771,6153.069828348809
8772,6460.724187353461
8773,10825.598588432156
8774,7352.932338928586
8775,7588.036617177973
8776,7096.10714243054
8777,6032.113543706926
8778,8841.475732289715
8779,11155.841007242898
8780,10013.479620987098
8781,9735.599099417315
8782,9859.568259870086
8783,9369.465141870513
8784,8045.703879391971
8785,8260.66255999601
8786,8226.051728276627
8787,7887.043488935609
8788,7940.318826009317
8789,6593.790926096919
8790,5582.377488297479
8791,3205.111031159282
8792,1535.9163710360808
8793,-906.3793734358387
8794,-1037.2987554905849
8795,1987.717162060715
8796,1762.2895387069002
8797,7115.036969082846
8798,4826.13623867167
8799,4086.2657614924715
8800,6202.58752276845
8801,7980.069958712831
8802,10927.646608137662
8803,11118.267251148802
8804,10366.86569358755
8805,9002.308053797868
8806,8132.524748661917
8807,5021.653495619159
8808,2847.2014438790357
8809,3072.9006844160413
8810,2745.132727335942
8811,3482.6323871678833
8812,1866.3505041417084
8813,1318.2257330671364
8814,991.6869512750523
8815,3217.2620876070346
8816,8229.519171448472
8817,14694.269880538384
8818,14308.486207958831
8819,12695.295964721061
8820,14497.968308908381
8821,13306.70501149187
8822,18204.26369721681
8823,18073.597795641188
8824,17607.99776287692
8825,18036.76958533643
8826,16874.160274206894
8827,15626.789725795097
8828,13717.849965134288
8829,10174.155556827389
8830,7393.308249210393
8831,6040.214280868897
8832,3616.505560473136
8833,2240.088808708227
8834,2734.7709232799225
8835,2963.9697537007096
8836,2297.724857356358
8837,1584.3566057527569
8838,1952.452358411641
8839,4045.411844390179
8840,7629.19153616636
8841,10100.561129675356
8842,11749.961614418615
8843,12799.277214814241
8844,12219.980425240008
8845,15804.118252722998
8846,18465.87440507411
8847,17921.446981179033
8848,18869.14436467847
8849,19746.958360042743
8850,19852.139840097556
8851,18736.150724121995
8852,16177.620088045114
8853,12929.777427104542
8854,11042.079637748833
8855,8868.023562486214
8856,6195.899342268587
8857,4945.525434106501
8858,4920.538762687145
8859,4927.259781732691
8860,4587.960392182058
8861,3987.4758857686966
8862,4312.763739967041
8863,6277.936634451414
8864,11502.135298433981
8865,17418.73634220998
8866,19952.504843326642
8867,20494.968436731186
8868,19738.979147458682
8869,22356.205895781208
8870,24073.440709039358
8871,23563.349125475746
8872,21703.623695260932
8873,19347.765896855977
8874,16429.08280641916
8875,16893.982435580736
8876,15263.901362111594
8877,12050.045974943649
8878,10058.370544066267
8879,7815.586891160258
8880,5028.358262594335
8881,4483.139720072596
8882,4811.115695578875
8883,4577.785193938125
8884,3946.143350075471
8885,3694.606195873293
8886,4159.051496652957
8887,6457.850386956262
8888,12709.614027842972
8889,17445.30173920218
8890,17434.88289463568
8891,17451.209484157862
8892,17362.805054889322
8893,18706.02443350804
8894,18845.164672851013
8895,18155.208022938445
8896,17536.40321751499
8897,15131.39374926487
8898,14589.737050811385
8899,14575.138348733148
8900,13026.586661292702
8901,10419.615197536645
8902,8602.45411125492
8903,7160.049835578313
8904,4309.600947421666
8905,3761.6631289164293
8906,3790.2305828148583
8907,4080.4947402200196
8908,3877.9508052096644
8909,2967.6402385965243
8910,3623.4016856443927
8911,6617.611360683674
8912,10810.875752894572
8913,13327.918609576172
8914,13825.404954666092
8915,14514.087723142698
8916,12689.566251481994
8917,16598.99624366981
8918,17303.52528643825
8919,16112.533744979346
8920,14140.309731783476
8921,11994.729965301018
8922,14309.59297175738
8923,15445.844746201581
8924,13545.731373473753
8925,10268.97572661543
8926,10793.702492458386
8927,8700.630797391454
8928,7026.441742442708
8929,6162.654292895099
8930,6534.969857950593
8931,6681.22053080909
8932,5857.4032630798765
8933,5562.92742825165
8934,4938.2467167437335
8935,4150.678413177117
8936,2550.1039780749234
8937,-412.2670726320812
8938,4285.877978253753
8939,6917.194547731059
8940,6833.359534438357
8941,12664.092831430142
8942,7164.268871989796
8943,8682.58487863587
8944,9257.265106415925
8945,10861.812472947533
8946,14312.471998388204
8947,14748.973748833923
8948,13784.812188068789
8949,14033.51746288758
8950,12855.337868623985
8951,12996.72963555396
8952,10225.079096746587
8953,10740.258406542376
8954,10005.563306677912
8955,10143.520737633646
8956,10009.376269635535
8957,8404.215765709501
8958,7341.509374695171
8959,5210.131897901929
8960,2918.6135964181585
8961,2897.7422571988604
8962,4572.0931058062815
8963,6613.337600767554
8964,7643.34479473405
8965,9781.921996050254
8966,8918.843999934259
8967,8426.216532030958
8968,8515.330913901294
8969,10299.294568688996
8970,11641.99953751611
8971,11986.736920099636
8972,10071.9788412638
8973,9038.813973217795
8974,8300.63296327566
8975,4706.8381225338135
8976,3187.5047625215702
8977,2517.5239667438946
8978,2083.9482839657394
8979,1620.5419588268414
8980,-18.516498481676535
8981,-1663.9980326992827
8982,-4429.365073249302
8983,-7031.651308444763
8984,-9548.872441978765
8985,-10097.736246688342
8986,-8970.110944036154
8987,-7188.588556598419
8988,-5128.809800644878
8989,-3924.9097630900833
8990,-3515.9201491421463
8991,-4104.532193418243
8992,-3454.8292336764207
8993,-4035.126420944296
8994,-3551.5231708316096
8995,-2019.4724288746147
8996,-2983.5966425871666
8997,-3552.931285130766
8998,-4159.834631972393
8999,-5123.467997866752
9000,-7375.327817251
9001,-7503.292414303065
9002,-7225.95020038964
9003,-7212.80631639728
9004,-7826.228910076983
9005,-9221.617032368737
9006,-11454.204100130319
9007,-12615.307819077037
9008,-14522.512694463341
9009,-15962.904438018142
9010,-16652.47218488622
9011,-15623.15070103034
9012,-12734.470681737213
9013,-9795.048503207187
9014,-10074.237368725106
9015,-9795.240464050417
9016,-7764.65225357376
9017,-5874.968623645962
9018,-3730.457098874515
9019,-2727.5712958905065
9020,-2080.997131738372
9021,-2417.0875224880165
9022,-2647.452536130799
9023,-3456.544069158772
9024,-4689.568375444296
9025,-5129.232702297506
9026,-4683.741253007782
9027,-4925.971493317937
9028,-5537.680944851943
9029,-6445.648125899665
9030,-8348.281282407244
9031,-11226.592193197643
9032,-13774.78060633676
9033,-13112.389185621567
9034,-7554.023592045649
9035,-3932.595418781857
9036,-1477.9861126276974
9037,-1147.114448990069
9038,473.0894774032495
9039,261.3153067876592
9040,478.8579990887174
9041,1691.2620343005974
9042,2699.3746309713406
9043,4042.145293569536
9044,3247.5709116964317
9045,1945.2853568219998
9046,-171.13788489552098
9047,-1913.7419218408236
9048,-3913.9117884832667
9049,-3770.9600678582556
9050,-3766.0577760927995
9051,-3818.7917647039444
9052,-3942.4116877393653
9053,-5041.226786790531
9054,-4996.190131386456
9055,-2369.8595554856656
9056,4176.98094563688
9057,13015.641609046499
9058,13122.186273642274
9059,13932.270364364453
9060,15239.132733007922
9061,14323.116043723256
9062,19878.493594079904
9063,19989.833221658813
9064,17610.159449773015
9065,17767.282243462
9066,16715.105050820726
9067,16228.984884077334
9068,16402.365556081837
9069,10617.028537275388
9070,8343.605647248163
9071,7477.800072673457
9072,4469.121882215165
9073,2352.5256770077276
9074,4034.745659080576
9075,3794.221912780102
9076,2778.0348448127206
9077,2801.0063634081075
9078,2565.1774353533146
9079,6773.022475067495
9080,13538.479558123105
9081,18445.53042294301
9082,21686.9905828084
9083,22506.692902978546
9084,20900.26700109978
9085,20902.46385283699
9086,22252.635655255068
9087,20174.627806782224
9088,17250.449833465344
9089,16113.735494852182
9090,13380.624534622431
9091,13943.177427376011
9092,10533.311289762967
9093,10365.042492942213
9094,7537.901164258852
9095,6397.208971371636
9096,5598.021900463994
9097,5177.468615990925
9098,5039.598923003462
9099,5148.767768143187
9100,5513.512589338727
9101,4760.592035833303
9102,4412.271499673124
9103,4663.443602799077
9104,4623.141786061173
9105,4814.2403935692855
9106,8241.216836605538
9107,8792.095965158787
9108,9356.13404393202
9109,12621.86553686827
9110,9236.143587659817
9111,7591.147434435592
9112,6788.816104326586
9113,3811.5642935592787
9114,5785.459041009641
9115,6820.6778878066525
9116,5571.704206061571
9117,6516.488171099712
9118,7178.033429169593
9119,8133.592204254846
9120,6418.438123476463
9121,7030.0172667974875
9122,7726.746356072779
9123,8161.534441623686
9124,7753.739589568352
9125,6536.716306834183
9126,4503.66954922859
9127,3276.6224962737915
9128,215.9942857560045
9129,-1560.92187017173
9130,-1164.035800282396
9131,93.99588529739776
9132,1078.5185213923487
9133,4807.137160030982
9134,2822.49685232476
9135,1557.2835009747314
9136,265.61135603579896
9137,914.3496385871686
9138,3490.91770590873
9139,3807.2781798863
9140,3330.1545332893465
9141,3026.4618979347906
9142,2547.4380090667764
9143,968.3465500658976
9144,201.03566657435204
9145,926.4175210656786
9146,758.477346452526
9147,1112.5933997882548
9148,537.3043886391133
9149,-569.8591321715685
9150,-1075.1694111769439
9151,-667.3744159228588
9152,1205.9743041726142
9153,2523.812440391772
9154,1066.5192144501925
9155,209.48866183632586
9156,-465.63012031270955
9157,-2364.429706136096
9158,2977.240493130912
9159,1247.6689739717435
9160,2923.082746589903
9161,4616.004302791454
9162,2837.00343597682
9163,2198.1797811080105
9164,1357.055296959694
9165,-2009.971563353858
9166,-1370.9277761682583
9167,-890.7430152534891
9168,-2670.360026235715
9169,-3807.8491573823535
9170,-1622.3937075085637
9171,-1823.914412392035
9172,-2282.3191316260736
9173,-2147.534296253956
9174,-1822.7916596865264
9175,-1641.9581088950508
9176,-1732.2313477177217
9177,-3821.153547907652
9178,-3656.7048146036154
9179,-4204.444724481752
9180,-5626.289449068599
9181,-582.7567601397022
9182,634.3633149838688
9183,2011.78618555659
9184,2235.284231417492
9185,3341.1131775312497
9186,3658.4115477569794
9187,3858.6129734859087
9188,1382.267389205541
9189,497.17116123708956
9190,476.4737302912199
9191,-384.20898578204515
9192,-1029.3499478416315
9193,-1200.339594791018
9194,-301.5886251040506
9195,-8.743088800781607
9196,277.03936202938985
9197,-1040.7332620429677
9198,-792.6523412666825
9199,-624.709688513113
9200,-121.02766590754436
9201,1197.0326918234514
9202,3085.0662715705985
9203,2803.04461099952
9204,1198.7846349020692
9205,3403.310958220298
9206,5570.0382822301035
9207,3834.425833774696
9208,5810.497110566888
9209,5701.6369596431
9210,5169.640153845421
9211,5269.3038680250465
9212,3518.151203234831
9213,2254.877469686288
9214,1352.5137326371407
9215,1291.286748630602
9216,-923.3448874114883
9217,-646.416198155531
9218,84.05056738143492
9219,573.4282205167668
9220,-38.86249452744727
9221,-107.41103396264975
9222,-726.150399484342
9223,696.461411272152
9224,2522.679319519982
9225,4565.39720535987
9226,3596.5685210025267
9227,3846.161277095071
9228,2613.292253234664
9229,6597.6680880993335
9230,8093.582451558541
9231,8617.378655634311
9232,7864.232965425747
9233,7913.571400225861
9234,6761.171183417739
9235,6522.593886941931
9236,4497.3598837012705
9237,2799.784520090841
9238,2723.744387693017
9239,1872.714916232171
9240,65.5343712977616
9241,211.161780494524
9242,1138.5454992236869
9243,1184.335409138665
9244,927.6523168798283
9245,261.86943366321475
9246,811.0943524551237
9247,1193.1451466027233
9248,2709.7340739404267
9249,3935.2078060537124
9250,3934.4555985084776
9251,2613.959563979835
9252,2225.989779029498
9253,5640.517688777194
9254,6443.1376668495395
9255,6386.482372559144
9256,7635.36044948262
9257,6308.263670762548
9258,6586.406019974085
9259,5524.667448850265
9260,4349.461083803185
9261,3653.846317153294
9262,3537.7171707494476
9263,3627.168124600744
9264,2227.3546850986177
9265,2667.3525054102456
9266,3392.8270587320303
9267,4098.791127538889
9268,3860.5514764517447
9269,3501.892016950644
9270,2355.3062086270324
9271,608.3955025796479
9272,-1937.4245815178638
9273,-6110.117691967273
9274,-3318.9681930780744
9275,-1924.4486507656802
9276,-1509.150932130935
9277,3764.674911961735
9278,1320.6813533074474
9279,2631.555301484722
9280,3815.990579966865
9281,2336.853779554951
9282,4954.159278455945
9283,6140.728482976638
9284,5738.771553943153
9285,6208.167498467308
9286,6790.818373221598
9287,7341.811202514838
9288,5851.9984222896965
9289,7135.240964003532
9290,7584.483516085247
9291,7798.071691021801
9292,7664.258479786283
9293,6795.519852932287
9294,4830.464552638334
9295,1672.8095511026404
9296,-1964.3999142006055
9297,-4863.310956670174
9298,-4312.120213843995
9299,-3888.8688791843633
9300,-2984.2697301922844
9301,1010.1892732397096
9302,-1565.8879913698038
9303,-979.3993614155888
9304,-341.6765905424645
9305,1601.0511161585023
9306,5817.045507290886
9307,4745.614531448688
9308,4711.716188202234
9309,4224.8011399573425
9310,4474.412907050701
9311,2745.601553065443
9312,1671.048376694639
9313,2227.0255075648984
9314,1920.235569374434
9315,2329.115425664333
9316,1720.2011869931903
9317,513.6908559240856
9318,-325.16797454514654
9319,52.75114777934823
9320,675.5769912897208
9321,3492.328766976636
9322,2869.5368037691387
9323,2478.854428628808
9324,1369.4860031198955
9325,-56.46620274622683
9326,5962.14519735561
9327,5778.436339734342
9328,6983.517983680097
9329,7007.219610106088
9330,5901.918465546649
9331,4593.367251949886
9332,2883.47736581785
9333,1301.78319461192
9334,1160.8962922874243
9335,1077.9416078661757
9336,-825.4005006604516
9337,-756.72742325528
9338,-56.64002036164129
9339,-68.74381747397365
9340,-534.0629128673902
9341,-1140.0940504492937
9342,-2119.1915977833132
9343,-3755.8027653279632
9344,-5099.634961010366
9345,-4326.369805492815
9346,-2071.9157981658227
9347,-614.9231645152847
9348,1098.2954796398358
9349,3757.779602330132
9350,2310.997900405276
9351,1242.820804513848
9352,-49.056445364344654
9353,-3036.1392936154007
9354,-3086.0882425621494
9355,-1156.7079442908516
9356,-3631.738780593303
9357,-2549.7159984076334
9358,-2616.807736907732
9359,-2086.883506991673
9360,-3056.6829605779117
9361,-2827.996963136128
9362,-1383.1635958466582
9363,-1018.0932092851681
9364,-1363.6125466543758
9365,-2449.994053693506
9366,-2479.8625723292494
9367,-2655.9836537874476
9368,-1728.5678249603675
9369,-1902.869937400047
9370,-3942.9020708047997
9371,-7402.862219202795
9372,-10539.599781370895
9373,-9235.684155433035
9374,-5859.851206612186
9375,-5181.56596965587
9376,-4014.1979612562855
9377,-1190.5523431550841
9378,-562.9904014728979
9379,-946.7497109830599
9380,-2153.6442133767964
9381,-2290.1794755431683
9382,-1594.547489389775
9383,-1206.5491157278575
9384,-1476.675984943479
9385,-2221.046971421076
9386,-1239.1086463760664
9387,-1032.6820075137432
9388,-971.5699252584561
9389,-1913.11087244902
9390,-3146.172665899545
9391,-5227.511388359975
9392,-6238.311249232525
9393,-6307.996598257425
9394,-6182.949822696277
9395,-6298.117553174906
9396,-6041.692662079229
9397,-4162.737255696822
9398,-2404.0103343144256
9399,-2193.154605566256
9400,-4172.638093606808
9401,-6320.724582064886
9402,-4687.859850007316
9403,-3076.7485053638684
9404,-3779.801798679697
9405,-2786.358883066564
9406,-2094.048976677901
9407,-3523.2205159329865
9408,-3342.917873224582
9409,-3096.39530041581
9410,-2308.0778658708173
9411,-1904.130116914762
9412,-1792.5339374628068
9413,-2606.7507156800625
9414,-3418.1769045666815
9415,-3013.8286990701754
9416,-4652.343195181502
9417,-7525.95353240993
9418,-8553.55318252082
9419,-11088.365746326406
9420,-12003.646928697872
9421,-7838.744613789762
9422,-7972.5879110001915
9423,-6776.308670773304
9424,-4066.5456516186973
9425,-2883.256173048721
9426,-225.89972805705656
9427,-1336.571012047732
9428,-1052.459507318315
9429,-1276.48983101929
9430,236.1681434684656
9431,945.1122706370616
9432,-301.59640260631886
9433,495.1276992387038
9434,1470.8084623550108
9435,2187.0849796916573
9436,1802.681041947798
9437,1329.8509194166063
9438,-96.52684293924995
9439,-1925.594824699563
9440,-6003.471064606309
9441,-10374.762663578207
9442,-10768.027411845289
9443,-10399.059918767996
9444,-9225.986487776103
9445,-4622.556659024999
9446,-5231.125910413513
9447,-5173.62404352003
9448,-3817.246448745374
9449,-1764.626216746355
9450,2235.3535693439417
9451,1941.5403037066658
9452,3069.483914176507
9453,3434.0939715998056
9454,4764.236741308542
9455,6274.173483452081
9456,5768.593663271807
9457,6074.057732765905
9458,6988.552603532646
9459,7801.532100459206
9460,7711.1959869706225
9461,6668.847661093021
9462,5335.329254263534
9463,1003.8463174669541
9464,-1527.7843155433357
9465,-2484.1782626361473
9466,-1420.7250127492189
9467,517.2308546926652
9468,2231.1277760615594
9469,6405.018778009038
9470,2000.5705775203405
9471,2265.8503254704665
9472,1508.4395893951246
9473,-334.1190342876198
9474,2041.9896199169857
9475,2686.5883521563683
9476,2347.770797466898
9477,3077.8411184461584
9478,3011.9123028142776
9479,1368.5386346450414
9480,1390.8719575119203
9481,1305.4419608592752
9482,2045.9877409813926
9483,1906.4899626452006
9484,1716.069678009846
9485,521.9421941777855
9486,-59.96854910972252
9487,461.764309018359
9488,4124.952525706256
9489,7719.826210932688
9490,3337.167871883207
9491,2787.4536395598657
9492,1951.5740724463303
9493,2939.9766604276538
9494,7206.400641007829
9495,4299.909082598494
9496,4720.548265823681
9497,3447.9066124484716
9498,2186.478944378712
9499,2409.399323418178
9500,1205.7968701516706
9501,-121.3407199023859
9502,377.9998584761129
9503,286.62786573811536
9504,-940.727178992785
9505,-1287.50150691207
9506,237.49596981363993
9507,150.69610079363383
9508,399.43533328308786
9509,-318.0479750844993
9510,-840.8087333080853
9511,-432.58362049914103
9512,708.676808294118
9513,-338.0315574807437
9514,-1640.4337743462893
9515,-3269.850794910306
9516,-4051.6356713808655
9517,-2860.16110289443
9518,403.02044737837696
9519,-903.4904044135546
9520,1311.84788378569
9521,1621.5390816499566
9522,2080.692485124159
9523,1733.4497318874055
9524,938.4521615289876
9525,-143.79004792656582
9526,936.2933565110546
9527,1450.3058610338505
9528,-24.361685714613486
9529,-145.9529015501996
9530,1003.5528020316092
9531,1393.6511730264133
9532,1011.9600379259438
9533,287.7394805556994
9534,-873.7676033723462
9535,-2383.370350932216
9536,-5798.398698993584
9537,-9414.515538806452
9538,-10699.277368408673
9539,-9477.802872490545
9540,-8062.306623235389
9541,-6293.490195985646
9542,-5677.660579594941
9543,-4583.996558226866
9544,-4825.629564787501
9545,-4455.55506179537
9546,-2971.5629609104244
9547,-1549.2196069028223
9548,-2150.857355327478
9549,-1224.2218016514523
9550,-790.8261745682739
9551,-1273.565324217696
9552,-2193.847919106692
9553,-1795.5753566318174
9554,-997.949716068094
9555,-533.7709836365807
9556,-657.1338285502184
9557,-1179.5565001829534
9558,-1599.897059525792
9559,-1564.6461260293295
9560,-614.2822766307681
9561,-387.814403528635
9562,-2122.531984420405
9563,-2911.907677000865
9564,-4007.5593092455456
9565,-2951.82627512821
9566,835.9435652846041
9567,171.2605951860578
9568,1409.1454413694773
9569,2210.2467291608755
9570,2934.6960609906
9571,2752.6352493102695
9572,1747.6215481733652
9573,877.958443232822
9574,1194.1254796235853
9575,1341.9175031863883
9576,-189.71718079053107
9577,-65.78984099702689
9578,1000.3231411464894
9579,1190.9543295287722
9580,982.78763587709
9581,376.30019204266387
9582,50.40805006544508
9583,94.63976358807713
9584,-618.9415787420547
9585,-2220.8032611257177
9586,-3258.4404890645174
9587,-5140.729880868736
9588,-6293.795622790572
9589,-3078.989423619437
9590,-1513.7242767979535
9591,-982.6552708407512
9592,970.4524785756182
9593,1673.606977643426
9594,2304.1989154393536
9595,1231.98079983757
9596,1171.1520444774399
9597,1012.2661372437503
9598,1678.3078638413708
9599,2133.81835837743
9600,1018.7673590934551
9601,1515.2824151283326
9602,2457.6315771176637
9603,3071.6066548979234
9604,3295.6362917502447
9605,2649.2367389995275
9606,1866.2886164185484
9607,-535.7589508154922
9608,-3632.6535486957
9609,-7682.604073776925
9610,-8194.862849635763
9611,-8836.83456816182
9612,-8312.299295313896
9613,-5291.528060852868
9614,-7008.2408414821975
9615,-4306.45304385018
9616,-2551.7578427401368
9617,-887.1526927619557
9618,2315.1565273098586
9619,2293.3215663218525
9620,3403.5544684669803
9621,4570.098181206502
9622,5234.882202954874
9623,6480.71533350441
9624,5237.300831712606
9625,6574.652749142927
9626,6856.786085419828
9627,7955.96277284934
9628,7688.920133990678
9629,6579.6943605283595
9630,5543.7467582072595
9631,1964.9601516318398
9632,-2375.3890197780106
9633,-7867.686496026661
9634,-7858.801060801887
9635,-5789.289526017752
9636,-2972.6507112617583
9637,398.94793164209113
9638,-1689.640245117418
9639,1499.2834402748067
9640,384.5032093533305
9641,-685.7389260164427
9642,2156.2398397865886
9643,2331.9493108902334
9644,2609.321584877037
9645,2361.9987295131173
9646,3366.06208186399
9647,1836.7897504881912
9648,1298.5793792076256
9649,1732.9185442359376
9650,1958.714717233317
9651,2445.38190748909
9652,1724.8916995341897
9653,1161.4835376357205
9654,400.81685228015704
9655,888.4256795811125
9656,4005.810563516199
9657,8204.15744239971
9658,7626.180403600709
9659,9091.36332397832
9660,5930.963689523949
9661,5512.064864059051
9662,10794.854888378522
9663,7501.461545611755
9664,6771.8629697377555
9665,3396.8149863149447
9666,4095.46446807621
9667,2228.5349265555137
9668,1538.2106285892842
9669,234.53804379181474
9670,851.7768385759678
9671,815.1873200142093
9672,-788.0961052242237
9673,-601.7598262109384
9674,377.2385813719163
9675,868.598217644758
9676,491.4868222247003
9677,488.72056955162896
9678,-151.86918160813593
9679,675.2995775273621
9680,3411.559616253236
9681,5519.679840792542
9682,7030.019185667491
9683,6285.291699230196
9684,4080.5013857383638
9685,6524.494305606896
9686,8311.825493804472
9687,5865.339412818177
9688,5325.393548298962
9689,3715.6972176460167
9690,3654.160752388931
9691,3999.6309956995065
9692,2343.135468504913
9693,1933.388387873957
9694,1868.556252473977
9695,2395.6856097410073
9696,580.9772426114886
9697,599.1873527500347
9698,1795.8073769417213
9699,1891.057019330614
9700,1872.5708249495751
9701,1234.948145422642
9702,925.330400589575
9703,1446.2584610628355
9704,2157.224022206263
9705,2634.2453608999185
9706,536.9787679708925
9707,-1368.0535366979766
9708,-3431.7980825172426
9709,-2839.898168680007
9710,2414.131844774025
9711,1113.3718273655086
9712,2774.9435457926706
9713,2634.09390280188
9714,3287.7007481830415
9715,1933.060116204946
9716,1757.164951001306
9717,920.2383849762583
9718,1562.7858265101822
9719,462.2599650589864
9720,-362.2598485753249
9721,-412.840796613325
9722,515.5204923770996
9723,434.84904132575343
9724,716.9522231961128
9725,31.818689539722982
9726,97.83049104228076
9727,559.8795548481551
9728,1805.2015674400152
9729,2856.1225214714973
9730,1613.182611070689
9731,-804.2508517575876
9732,-3954.7807362521266
9733,-1614.7370450673657
9734,-277.71712702980653
9735,365.18329076581836
9736,1880.2128222989527
9737,3164.993499512666
9738,2948.8767912788794
9739,2611.4078746045084
9740,1882.7137098838675
9741,1097.6654438639794
9742,1027.5884163978067
9743,1777.5056742532042
9744,151.01605284900154
9745,582.3453311295966
9746,973.562662802264
9747,1995.0553743249156
9748,1454.9379591042825
9749,895.1765278066622
9750,766.4235717662077
9751,1953.3364919262685
9752,3589.358423179114
9753,4323.428457420183
9754,6171.22459475257
9755,6099.294226163745
9756,5706.144494018383
9757,9163.641044309106
9758,9183.708207803991
9759,7661.136669473466
9760,6438.113568504046
9761,3703.811752736664
9762,3713.3278590097316
9763,3186.0561514621813
9764,3670.25609749903
9765,2736.730742038836
9766,3964.1052640803655
9767,4140.760455742382
9768,3411.701119995015
9769,2781.9185912042203
9770,4437.404434940136
9771,5343.534609686292
9772,4808.5501721889095
9773,4404.0721438062355
9774,3435.6130065680095
9775,2452.2110252897746
9776,780.0647789675313
9777,-619.5227476397868
9778,789.1572823651468
9779,2200.069078193146
9780,2920.50607729967
9781,6868.492892589718
9782,3032.4664271095753
9783,2465.8347261706012
9784,2600.4010047669713
9785,643.1751539994602
9786,2798.2723362528786
9787,3801.8732886796383
9788,3486.5730138487124
9789,4703.355059365216
9790,6373.393603049667
9791,7046.456573815736
9792,5939.876964367125
9793,7402.553222284232
9794,7556.731337900018
9795,7589.234370373447
9796,7888.901668337449
9797,7083.063313659768
9798,5644.455026497437
9799,2573.7227690201253
9800,-401.0978404848097
9801,-5507.963266360623
9802,-7354.6410090911195
9803,-5353.164758113604
9804,-5324.458649180688
9805,-1871.67124707952
9806,-3445.688924076848
9807,-4091.515796583518
9808,-2435.8468558708937
9809,-797.9901262911508
9810,1914.9111338706011
9811,1763.7729314485703
9812,2153.372781210323
9813,2380.706444518205
9814,3634.6886582536317
9815,1916.3401242947139
9816,698.7258666279431
9817,1905.0601716504352
9818,1844.8203161945694
9819,2133.5455382373575
9820,1707.9071225462212
9821,888.2401052645246
9822,18.09721934486697
9823,206.30050932155336
9824,1658.8818037067467
9825,5526.682245434775
9826,5360.756060971022
9827,2792.541170299388
9828,3060.8598766408604
9829,-1447.180201431287
9830,4113.429582594425
9831,4456.982384533452
9832,2213.889930911867
9833,2429.8402182507216
9834,2742.153796823598
9835,1935.641389093239
9836,1090.397676671798
9837,-2.96907861442196
9838,125.01157429159662
9839,1116.0260926144847
9840,-315.7453898547692
9841,-874.7693904278285
9842,547.0100297830089
9843,1312.811688404794
9844,797.9336537726386
9845,343.25546105027684
9846,453.96674289577527
9847,1297.8406236007427
9848,4059.1883061654235
9849,6275.258697680544
9850,7134.155018066087
9851,6547.3474584599935
9852,4686.000150988526
9853,6864.006993106612
9854,7790.563054906048
9855,6805.421602462737
9856,5333.890275283904
9857,3184.3988361835327
9858,3446.477607831296
9859,2469.264064121632
9860,1568.2073637198373
9861,974.7943334215815
9862,1646.278482830813
9863,2118.000060749043
9864,651.1212807053664
9865,520.1298023021699
9866,1498.3948923289668
9867,2079.2230331182272
9868,1830.7617825765674
9869,1362.7948775522198
9870,1367.6104300082588
9871,1792.2698091795469
9872,3688.733560790807
9873,3703.7179934478513
9874,1752.1712714110517
9875,-256.45375484009037
9876,-3885.9290451100715
9877,-4765.364633718033
9878,-3610.9537094082552
9879,-2274.4785177105477
9880,-817.2304054114202
9881,1606.758171484188
9882,1949.4183128327313
9883,219.65630993605555
9884,-157.85887436259532
9885,334.44895275039335
9886,488.68289316933306
9887,714.1523588746479
9888,-799.8106675927061
9889,-740.4940274834976
9890,124.35370113620502
9891,785.0685526307032
9892,810.1637555835277
9893,482.26706203040067
9894,361.41432143879183
9895,852.3023784208392
9896,591.2676141178954
9897,-2822.33493545523
9898,-5982.187433989323
9899,-7693.220370527741
9900,-9797.428583483035
9901,-7858.357288824107
9902,-4578.446492575769
9903,-3910.4328512723696
9904,-1171.1086507176435
9905,1308.2382874314742
9906,1514.9032027962126
9907,253.1680795569733
9908,-422.5590107969815
9909,-748.291013273824
9910,-20.23720315114167
9911,530.0970626874202
9912,-1263.3162985561596
9913,-842.9657910948004
9914,167.4683201413062
9915,558.4032787288224
9916,516.2985395166011
9917,358.3074191162942
9918,157.3806163894104
9919,509.3393093271903
9920,421.2485961714567
9921,-3147.5247021035902
9922,-5764.407228870388
9923,-6688.701282771148
9924,-7548.94011724196
9925,-2580.6254448855498
9926,-26.85970751637069
9927,1417.4504055846392
9928,2098.085401508102
9929,-1082.2930318794665
9930,462.7102775690205
9931,272.03117953897305
9932,128.92882919950978
9933,409.45397749593053
9934,1685.3379896701235
9935,1901.1193564789744
9936,747.2158574483049
9937,1211.7445691106304
9938,2161.257166221071
9939,2576.933514420679
9940,3202.504826904704
9941,2655.8370140618354
9942,2171.363895570347
9943,526.1530456772081
9944,-5213.228727805676
9945,-9144.245390069029
9946,-8641.049071027257
9947,-9619.431935831191
9948,-8563.738667240203
9949,-4477.4064799846365
9950,-6636.956851793006
9951,-4334.777932129487
9952,-3901.5615228581346
9953,-1218.952983962904
9954,718.7214547743497
9955,1177.17788036779
9956,2203.3866074442076
9957,3214.2524786328872
9958,4991.135093585819
9959,5679.684573030065
9960,4881.290652580599
9961,5902.949552445827
9962,6011.4230714166515
9963,7093.6398803764605
9964,7136.076081546824
9965,5777.643159094444
9966,4585.950637333078
9967,1399.5703097628123
9968,-2734.464012985675
9969,-3382.481129986356
9970,-2201.231019675828
9971,-1103.0948125596115
9972,-364.7030847893511
9973,3356.8659225890497
9974,-1157.9527156063996
9975,-254.04960885403852
9976,-310.30677012524393
9977,-2450.6251938121277
9978,1497.3124019584666
9979,621.5899842205847
9980,919.8469318732868
9981,944.2250708636475
9982,2144.6459077328495
9983,663.0489612425836
9984,254.62579154989726
9985,322.30904175403884
9986,567.6004888201505
9987,996.210748708676
9988,266.7067613476265
9989,-118.820220539199
9990,-237.7657537625346
9991,-82.45135910084309
9992,3486.759262988291
9993,4996.623939390907
9994,3112.9541271959733
9995,2559.7182046925363
9996,1761.9482842000257
9997,-2570.3298693738834
9998,4828.753438619711
9999,3098.912287234589
10000,2578.3542008295312
10001,460.07871478677043
10002,1018.9857676283445
10003,-216.85194258908086
10004,-537.817065670776
10005,-2173.4860390641416
10006,-1424.379211765753
10007,-766.0167993581452
10008,-2755.6058298953917
10009,-3112.6094290399087
10010,-1680.6030610256344
10011,-1405.8649509702914
10012,-1456.8773061288957
10013,-1747.7152517461063
10014,-1998.375579858518
10015,-1217.9599931961347
10016,-942.0659864957697
10017,-1180.3045141398056
10018,-1474.5859174764742
10019,-2864.946044990219
10020,-6484.419656121902
10021,-3332.409961416708
10022,-1032.5803985856892
10023,-3527.5172489433025
10024,-1381.7254695261117
10025,378.88894632889685
10026,-470.8809823374329
10027,-161.28573122530256
10028,-840.8296856989555
10029,-1599.4458492289948
10030,-551.9913127606895
10031,-679.6221494395916
10032,-2406.430555517174
10033,-2228.401217207728
10034,-1209.4014049636103
10035,-625.7383141687417
10036,-532.154698987679
10037,-993.6389650468759
10038,-649.1980827845
10039,-554.5050346785351
10040,-539.0179885453947
10041,-2386.1098337136737
10042,-5122.375546556455
10043,-7791.183963001242
10044,-9464.856873224719
10045,-7756.278954454587
10046,-5102.321110969495
10047,-3571.495540315002
10048,-1598.135977987843
10049,-169.44489807492027
10050,-690.6664251590721
10051,-1464.188613313676
10052,-1908.1923057982162
10053,-2055.844906595025
10054,-1552.114540329187
10055,-1550.622585395337
10056,-3212.9506811606175
10057,-3174.5197243753805
10058,-2408.899161111494
10059,-1563.9435460291998
10060,-1604.5307233448166
10061,-2005.3266089796502
10062,-2145.054173474319
10063,-1773.8043901003907
10064,-1339.166982004644
10065,-2097.582707309515
10066,-5436.483234717249
10067,-7179.851963110687
10068,-9538.833623336246
10069,-7102.346285638765
10070,-4571.378718613144
10071,-3154.9619452714755
10072,-1809.9153377134069
10073,-1031.394132989905
10074,-960.6273306122007
10075,-1536.1245434981042
10076,-1983.6019021268478
10077,-2604.7106199035256
10078,-1620.8615511835335
10079,-2060.512481379595
