,0
5063,60068.53578843325
5064,56591.47362046528
5065,54226.56800599793
5066,53263.99990511264
5067,52241.69381436317
5068,52638.343217472604
5069,53715.84629043921
5070,57033.276446181924
5071,58259.5407621659
5072,53578.84835244191
5073,48291.115059948446
5074,50544.194147322574
5075,50572.39113506082
5076,48008.66716416202
5077,56398.776078298426
5078,51342.50709871486
5079,48205.54235588403
5080,50517.43352447621
5081,49873.90670038898
5082,57356.65920037195
5083,57584.618897699176
5084,57906.56318047841
5085,57574.644745318605
5086,57003.758127803776
5087,55526.59419555278
5088,52760.90129432681
5089,50637.941302025596
5090,48457.697099692065
5091,48899.93797230771
5092,49440.05554231783
5093,50102.53479868862
5094,51971.67244919421
5095,51682.101416222715
5096,48117.3506660877
5097,39743.38334795715
5098,43169.430280075816
5099,38100.53416378803
5100,39142.97532443791
5101,45637.39376403043
5102,37217.78352244869
5103,44220.29657596315
5104,47923.01195432127
5105,52883.96861566904
5106,57155.94589082297
5107,58192.61331110548
5108,56917.77893418147
5109,58035.19835748304
5110,56847.09101551226
5111,54760.32372293705
5112,50298.638879001126
5113,50780.74320411042
5114,49066.066908869514
5115,48551.849995562225
5116,48689.58507989174
5117,50507.444463668326
5118,50493.93272717461
5119,53683.21321560073
5120,58455.545947187406
5121,62737.79794276822
5122,60223.928434474015
5123,59238.0482344279
5124,59949.360056042584
5125,56169.76444348555
5126,63781.171239553376
5127,65048.57851198889
5128,65613.48212561375
5129,67439.66367407983
5130,66002.45792581959
5131,67630.78601651407
5132,65585.9538781185
5133,62478.627813954954
5134,62602.7005820196
5135,60874.59605447916
5136,57005.70601241217
5137,54081.38651537397
5138,54299.08271826795
5139,53582.85941183087
5140,54418.26487968518
5141,55082.64755829672
5142,58277.62428468831
5143,61171.02771888432
5144,62405.758181313104
5145,62069.53519603143
5146,60080.98434743746
5147,55811.93765986092
5148,52403.49332788532
5149,53613.220016844614
5150,56464.80090380846
5151,57717.51045702062
5152,60962.23341992198
5153,64502.467010462286
5154,65769.16752629764
5155,67481.07337439616
5156,65893.9240030881
5157,63311.02068719611
5158,62833.22243567399
5159,60999.385048050026
5160,58330.653068389016
5161,54284.44546461834
5162,54977.89940445815
5163,53484.458824507434
5164,54007.12112691144
5165,55729.142713541485
5166,57746.17977140454
5167,57493.32128056536
5168,55633.773088725306
5169,48930.91830735208
5170,50388.897697451495
5171,49293.81525638401
5172,47334.84936768196
5173,52140.2335118347
5174,47885.09790116321
5175,54021.796572734354
5176,54251.01718653407
5177,55500.001817689015
5178,61382.0173408296
5179,62769.98195214109
5180,61450.741465764135
5181,61506.61314693878
5182,60929.367511680575
5183,57029.012345011884
5184,54404.756779792326
5185,53400.333707661426
5186,52331.94254618734
5187,50618.80924981094
5188,52042.59168941655
5189,54015.20538390539
5190,54791.525784443635
5191,56898.24340581639
5192,61972.220448103064
5193,67464.66784683769
5194,63221.10493116182
5195,60860.730868372215
5196,56721.27861031053
5197,56653.85847764523
5198,60078.438363432324
5199,61339.16555861776
5200,62531.04740900182
5201,64748.22716517673
5202,64496.15999974262
5203,67365.98973448269
5204,65373.15470568838
5205,63161.31482681552
5206,62641.28864620225
5207,59189.03246969978
5208,57658.83075337922
5209,53019.261655065784
5210,52944.712001255226
5211,53702.7398360309
5212,53136.53891684036
5213,54530.82246183952
5214,56182.5886855422
5215,57285.190801764926
5216,59160.24078325303
5217,59097.53194473871
5218,57268.57237543218
5219,53432.53778932024
5220,50803.65746608797
5221,50268.5511203631
5222,57077.42532472168
5223,56952.210666925435
5224,60060.65306552057
5225,63723.46402149201
5226,63835.42001653041
5227,63850.81785196581
5228,63535.80833433516
5229,61819.075991734564
5230,59649.721656562564
5231,59830.50434776365
5232,55139.233237624714
5233,53253.42666181979
5234,51824.53469470807
5235,51431.684534494685
5236,52251.21767160129
5237,53973.77138981412
5238,54803.71216771281
5239,55193.92617556962
5240,51566.95829491294
5241,43599.87497469501
5242,45165.810504195084
5243,43228.14929497175
5244,42250.97808570486
5245,46481.098022006416
5246,44645.937416063665
5247,45966.50326271722
5248,51116.316292434094
5249,51510.86007603124
5250,56836.895128331525
5251,57267.130447178104
5252,56615.900581317415
5253,56926.10555441073
5254,55001.86538866951
5255,55555.78483309278
5256,50920.85311018138
5257,49985.24696820778
5258,48288.18656501774
5259,48453.22044832513
5260,48465.50052034191
5261,48714.524763720845
5262,51518.680661596314
5263,50642.41999312724
5264,45116.85464886272
5265,38990.89365996004
5266,40699.9879967785
5267,39375.80952371593
5268,39991.128353147935
5269,46564.7429450375
5270,42946.465896908056
5271,46031.455960999694
5272,51451.41783396674
5273,51445.95683841869
5274,56140.90206519068
5275,58194.831699652015
5276,57788.3178768677
5277,56650.57970605145
5278,57234.51296413096
5279,52981.58902562063
5280,49843.27728488449
5281,50298.00475828089
5282,47685.15283908412
5283,48397.17551602615
5284,48151.88381710063
5285,49283.144805795644
5286,50441.38338960892
5287,51899.05412662279
5288,59999.951137482
5289,69094.71268794377
5290,68054.59379316802
5291,66374.36058652485
5292,64525.20664067524
5293,64303.269110105335
5294,69954.46062618471
5295,68296.07594957738
5296,68810.71810653075
5297,68376.80794018703
5298,67507.8830030782
5299,67567.46168517812
5300,65155.961459148115
5301,62314.09332938688
5302,61447.330893073835
5303,61248.07789783235
5304,55603.60520029733
5305,53974.81797307585
5306,53780.08570923642
5307,53336.20754106875
5308,53422.89391666416
5309,54541.195088341265
5310,56165.829445218405
5311,58197.97495130261
5312,64397.89472517989
5313,66685.24099476622
5314,64812.550287969345
5315,61497.29033921799
5316,55764.289549624715
5317,53687.701258238616
5318,57979.53364828218
5319,56674.56114191917
5320,59858.74738716973
5321,64394.69595086235
5322,66703.99647731609
5323,67946.82449013126
5324,65605.96506477137
5325,63912.367297958255
5326,61966.13823989901
5327,60963.52980432165
5328,56499.40938416923
5329,54457.66499825887
5330,53988.23613923971
5331,52713.97782727702
5332,53488.114461278914
5333,55782.92694368794
5334,56805.05528563944
5335,59923.791178827334
5336,60297.71935672876
5337,59397.56409448222
5338,55419.60527862034
5339,54160.34878283213
5340,49894.170982797936
5341,54429.320698399395
5342,57187.55979949326
5343,58747.489018906075
5344,64734.711556229726
5345,62891.48033896684
5346,65836.99220308564
5347,65553.39604377402
5348,65570.31763371832
5349,62154.47005154979
5350,63560.602309667425
5351,58966.655333410235
5352,57230.716605082685
5353,53525.244744644326
5354,54739.268732115204
5355,51780.613793684926
5356,54547.540234847715
5357,53404.30854511066
5358,57620.95111296317
5359,59454.35352225158
5360,59099.690801945944
5361,58491.05197973884
5362,55920.55863001608
5363,54731.350736323875
5364,51955.477951060035
5365,53287.51610196916
5366,57558.61392481413
5367,58695.46675188095
5368,61336.81338422392
5369,64702.07000012519
5370,65818.96052078069
5371,67253.13540163077
5372,65304.083034766416
5373,63050.36288581928
5374,61639.44673962939
5375,60508.3358846142
5376,55786.9583665489
5377,54304.99647130515
5378,53442.62081998503
5379,52892.3969373083
5380,53208.34990184037
5381,53791.51746395431
5382,55976.81867962293
5383,57915.50788963114
5384,58034.39686350161
5385,57882.275256273475
5386,56235.013343266335
5387,53492.559454495466
5388,51209.17989842314
5389,53673.845120445316
5390,56309.09111194643
5391,59020.48567148681
5392,61442.56269706384
5393,63843.79321202492
5394,63550.72156692406
5395,65159.88107746088
5396,63270.6708306097
5397,61905.42917682875
5398,60206.92514185942
5399,59611.24547239175
5400,55547.6404415003
5401,53350.16954050184
5402,52375.011422179115
5403,51638.002187383536
5404,51657.91120820684
5405,52704.804164610054
5406,53483.901356975075
5407,53834.514220798315
5408,54188.05439680666
5409,55109.88897705934
5410,58090.0259690394
5411,55230.060319462136
5412,56486.61000708461
5413,61347.692832884815
5414,53590.03926399976
5415,60049.68175356886
5416,58466.347042805915
5417,56543.98997337354
5418,58382.010316019805
5419,58181.764535646165
5420,56609.99267053777
5421,57896.566040902966
5422,55288.33651552988
5423,55277.1810405745
5424,52204.50562712732
5425,52900.887179875805
5426,49211.84629260622
5427,48608.48280004192
5428,49891.49291198359
5429,49928.20511727077
5430,51477.239696910474
5431,51729.091154852125
5432,53201.906003702905
5433,51829.26745952186
5434,50925.31632694959
5435,51533.09981269531
5436,50540.97509807649
5437,56391.62034132554
5438,54627.44004600603
5439,53510.596342073404
5440,55041.50787173492
5441,55473.199541578346
5442,58400.07375944191
5443,59093.45796213724
5444,58238.870422590066
5445,57006.99756555531
5446,57807.59433288691
5447,53351.2898020709
5448,51599.63460299814
5449,48640.6926524684
5450,49269.48734759694
5451,47886.634469098004
5452,48219.69704361506
5453,49172.885608297605
5454,50763.661228160956
5455,54834.94722390811
5456,61382.19187332858
5457,67945.00837374246
5458,64556.71944471045
5459,63579.08795538417
5460,61134.881760999226
5461,54743.621988028666
5462,62693.37909145647
5463,63148.7293083522
5464,63131.51940440938
5465,66584.16163542889
5466,65598.23742486439
5467,67334.20760120836
5468,65849.13599529701
5469,63155.165416608506
5470,61736.83325823881
5471,60550.053027053844
5472,56335.94698925264
5473,54250.156592553154
5474,52810.70737870538
5475,52746.0867199381
5476,52826.92237629925
5477,53882.43291981436
5478,56181.00253240369
5479,59854.70014744351
5480,60578.46387376205
5481,57349.04210294391
5482,56798.814908146356
5483,54687.820632363524
5484,53053.05502765332
5485,55012.05003178206
5486,61749.945819847926
5487,65867.8839318938
5488,68241.89012461244
5489,66762.43095509798
5490,67603.77563286004
5491,66450.27631394537
5492,65428.283097615335
5493,63205.63371296935
5494,61641.26412752907
5495,60061.21056975343
5496,57249.32143816105
5497,53831.25097739512
5498,52609.39018946533
5499,52362.96236968648
5500,53895.52866958034
5501,54217.72754956926
5502,55431.94668782134
5503,59697.70063062797
5504,63155.8782652533
5505,65100.923942361114
5506,65988.25644819542
5507,60615.695045188506
5508,57584.200159508
5509,58063.78584242566
5510,62876.22825398599
5511,62463.52172812564
5512,60741.53291010065
5513,63989.02655403399
5514,64045.403938419426
5515,65671.37544392337
5516,65899.1456417442
5517,63029.878148606884
5518,62198.15719973603
5519,60795.00194502796
5520,57080.34713159616
5521,53830.961151465955
5522,53596.61729450777
5523,52867.812315434036
5524,53651.38859242477
5525,54849.62254660477
5526,57195.87000791926
5527,59963.77429517439
5528,61132.06817901122
5529,61769.30862863357
5530,58766.077050714106
5531,56801.843948019785
5532,51749.56108782311
5533,51193.863825840046
5534,56092.95376694157
5535,56943.29495314795
5536,59712.31683386473
5537,62639.930261011104
5538,66545.79510947414
5539,66703.2698368334
5540,65576.84264885279
5541,63317.467154740116
5542,62183.24476269754
5543,60770.10044092668
5544,55962.9209834632
5545,53808.93739803513
5546,53344.90807191677
5547,52782.321833981354
5548,53702.19658406343
5549,54557.76304494369
5550,57096.140012104865
5551,59109.528481943795
5552,61330.224731671144
5553,60300.43389368829
5554,58302.92252506457
5555,56153.90622963434
5556,53386.14508727421
5557,57329.982872954526
5558,58544.813542963995
5559,60724.533104489434
5560,61069.70387945219
5561,63906.268312021566
5562,63274.186038689484
5563,63731.29455703442
5564,63633.844890411834
5565,62497.490261485524
5566,60146.919059233296
5567,59361.96352859171
5568,55340.540501091644
5569,53499.4980135843
5570,52520.49103045002
5571,52269.132589502304
5572,51349.37501553244
5573,52160.43710799354
5574,55218.30723596028
5575,54585.571786908076
5576,49042.43603814865
5577,43935.17068257817
5578,43356.64887228557
5579,42524.50482265842
5580,42647.11333584954
5581,48238.71868264799
5582,42687.798438074016
5583,45900.62861841214
5584,51923.96289033647
5585,50348.54008273569
5586,56269.43291957762
5587,58270.27028128184
5588,55954.94311764681
5589,56438.64306085181
5590,55559.584737233614
5591,52846.25658893911
5592,50733.983951008835
5593,50159.96939840118
5594,47144.22751974643
5595,47327.8354375536
5596,47218.874164758156
5597,48438.88676726951
5598,48644.2447325218
5599,45990.34533109398
5600,43939.87305586611
5601,42232.91354724165
5602,40577.52400309047
5603,39808.43945888875
5604,39918.21778395323
5605,46146.65356635891
5606,42384.39693393902
5607,45465.47154617259
5608,50050.89131050138
5609,52642.18221818382
5610,57745.259465132964
5611,57350.011858040256
5612,58494.02332513547
5613,56916.49306616746
5614,56843.32079111945
5615,53261.41270746865
5616,51075.261141469804
5617,49430.73650593517
5618,48821.12788845374
5619,47755.383775352406
5620,49192.44626024763
5621,48312.137010078855
5622,48840.97319125484
5623,51452.75435348696
5624,61257.001508871326
5625,66855.91977946101
5626,64099.29380818241
5627,63224.57468547337
5628,63990.62661720318
5629,56799.921224387144
5630,68758.87990102978
5631,68529.08090406352
5632,67514.64719243898
5633,67311.7832638342
5634,65389.16460604297
5635,68264.40914955849
5636,65064.68027730408
5637,62989.7111798728
5638,61591.94230684565
5639,60155.44573249083
5640,56791.602820779866
5641,54016.74282264121
5642,53000.92362918782
5643,53509.78328872402
5644,52632.18629519072
5645,54740.47677660935
5646,55546.79611030457
5647,57748.53496184387
5648,60800.177975458726
5649,63323.12299398212
5650,61237.04103309967
5651,59564.02655007307
5652,57326.593822074894
5653,57884.97029786682
5654,59844.29378512833
5655,62790.15891901022
5656,67739.23444591585
5657,66033.62208412048
5658,65534.2502019996
5659,66011.84868316884
5660,64218.98649812794
5661,63146.067937185595
5662,61536.19116081338
5663,60010.82254772572
5664,56692.51898613573
5665,54455.02860276675
5666,53163.56668116972
5667,53244.720591349345
5668,52889.101370772405
5669,53411.17263236377
5670,54995.04946346655
5671,54704.871917320255
5672,56502.5219991002
5673,52951.06552709849
5674,51730.69411471361
5675,50672.26384533077
5676,46538.82452915659
5677,54492.200406463395
5678,50965.095575666994
5679,53114.54795804903
5680,54805.2139877537
5681,54646.329842176
5682,59088.85480461955
5683,62036.310984259966
5684,60217.52368892225
5685,60080.009867352615
5686,58298.711185934495
5687,57674.63953379463
5688,52944.201228517464
5689,52249.56707967958
5690,50741.67478300664
5691,50878.926550419754
5692,50323.167538331996
5693,51901.190383347785
5694,53186.51846378764
5695,55891.41390756952
5696,57393.667749034954
5697,57692.55269817409
5698,56431.47006165593
5699,53845.03481474959
5700,54243.52802729724
5701,50988.19317207264
5702,57563.16950675988
5703,58221.49045249444
5704,60438.97144639314
5705,64739.33669980387
5706,65482.035244168124
5707,67050.58449163173
5708,66257.74587172395
5709,63060.33429266035
5710,62490.562884501
5711,59971.9781087363
5712,55978.003231726674
5713,53637.619779427965
5714,53045.116214887894
5715,52725.828006256335
5716,52574.058400334536
5717,53548.93034566515
5718,54896.375309004485
5719,57847.55855769932
5720,56907.06296125686
5721,55506.3835901867
5722,56372.02396880854
5723,53774.420970125895
5724,51686.936191691915
5725,51933.38118182696
5726,57377.86367051192
5727,57776.54383849737
5728,59577.50907412828
5729,64640.69103899881
5730,64775.20115573433
5731,64882.00862335409
5732,63917.41277940149
5733,62707.71655877582
5734,60890.79876197203
5735,59447.30895081086
5736,55781.700720165725
5737,53283.164487168
5738,51944.534362712766
5739,51249.69007050809
5740,51316.523416654425
5741,52005.553597282465
5742,53525.21666151072
5743,53071.383767562176
5744,48443.83006960178
5745,43860.77857075214
5746,43973.43658736648
5747,44855.65438152662
5748,42380.42694381712
5749,48414.237891505625
5750,45892.965490870956
5751,48225.26679466492
5752,51651.82318859612
5753,53144.1930903512
5754,56554.7913340249
5755,56725.1902031886
5756,56514.628099811656
5757,56239.10232771222
5758,55637.239287454606
5759,53553.89944612993
5760,50719.82377858767
5761,49254.001165243215
5762,48146.520532188064
5763,47105.49170882147
5764,47794.385138108264
5765,48293.75207405197
5766,48280.595141132515
5767,48623.44235516584
5768,49904.533839719385
5769,50289.41868167108
5770,51153.03695378029
5771,51588.13855448492
5772,52567.45193474632
5773,58392.56825263267
5774,52743.735194818924
5775,53782.50783657269
5776,56707.670533989694
5777,54168.01047706839
5778,57409.34464028033
5779,57912.860656988356
5780,55813.68532186661
5781,56176.163121715756
5782,56111.28924055376
5783,53000.54429898456
5784,50526.164394735206
5785,49571.36197082454
5786,48189.76809487585
5787,47463.63049250731
5788,47570.78475243613
5789,48205.8848432097
5790,50075.06762302681
5791,49875.43789848507
5792,52287.12163523273
5793,55111.595274243846
5794,55848.125370880676
5795,53913.49641955609
5796,54237.839637461606
5797,55373.98517860382
5798,55106.36809922269
5799,56786.4712109395
5800,58415.78226237362
5801,58683.32327393041
5802,58525.71134131888
5803,59829.23318113819
5804,60874.62153223563
5805,58725.30663704466
5806,57176.96129601412
5807,55550.6467203865
5808,51858.12681392218
5809,50353.781454825345
5810,48646.600416868845
5811,48772.31734872868
5812,48666.56300881633
5813,49668.77421054159
5814,50675.599999836704
5815,56122.46263578354
5816,63278.359835927506
5817,68306.15081446628
5818,65571.12476624205
5819,65233.881671697476
5820,63869.013383796686
5821,61142.160299773546
5822,70378.11005593964
5823,66377.99850686993
5824,66150.7758599535
5825,69488.40101667146
5826,66293.9946699594
5827,67838.10374196521
5828,64899.70423070968
5829,62026.34284141899
5830,60680.421149198286
5831,60925.98434191402
5832,56630.86489073596
5833,53748.83592489957
5834,53609.27844626497
5835,52283.598709725185
5836,53271.993025297415
5837,54801.33498467051
5838,58640.62296621882
5839,61756.4706080389
5840,60621.593233638945
5841,56223.00305043268
5842,57655.254081437364
5843,56450.114093676544
5844,52526.056874876835
5845,52862.5576632983
5846,57168.204145183925
5847,59262.76335571698
5848,59803.320145659796
5849,60892.55731210954
5850,63691.15534000289
5851,64806.654711062794
5852,64752.16829605485
5853,63705.01379539636
5854,61996.37382787952
5855,60478.329980808456
5856,57027.75910227832
5857,53593.65059048312
5858,53470.98103945597
5859,52821.329114772736
5860,52894.74271074403
5861,53470.368364288726
5862,55712.89494338375
5863,57274.6450846156
5864,57340.10507578416
5865,57343.69466313034
5866,56401.16823732308
5867,54385.29486303992
5868,50274.35032999527
5869,52220.17241319352
5870,55761.01302379454
5871,57832.04116531242
5872,60889.56911734922
5873,63027.70474317307
5874,65826.44128812473
5875,67332.84087363906
5876,66311.26130612679
5877,62977.960413178145
5878,61779.12365632232
5879,60393.64011539122
5880,56519.768326599115
5881,53773.43122749418
5882,53723.89560707879
5883,52546.60167559363
5884,53119.9382097238
5885,53486.82396102978
5886,55713.61973608813
5887,56639.11688892031
5888,57548.95358157579
5889,57186.6058005277
5890,55685.884068968284
5891,53166.942677969244
5892,50589.96865775736
5893,53671.33011889314
5894,56469.63967607921
5895,57376.95804894605
5896,59879.78346389376
5897,65340.458320647034
5898,64008.004384127016
5899,65328.09530669786
5900,63480.636777663145
5901,62797.00069532193
5902,61171.151815353216
5903,59666.44506026895
5904,55939.32221151546
5905,54282.61370026448
5906,52186.372571321575
5907,52341.69836892149
5908,51855.73395160634
5909,53069.09724252205
5910,54157.93143262659
5911,52544.63790686215
5912,50119.05695476345
5913,47078.003938365655
5914,50562.90107881236
5915,48549.59929845449
5916,49169.32287373533
5917,55383.33812000086
5918,54841.930291132194
5919,57798.27503596434
5920,59333.17521958752
5921,56399.60175077517
5922,59881.88425869984
5923,58072.846528486196
5924,59031.161813396415
5925,57297.03291812957
5926,56962.34493418092
5927,55091.38392846289
5928,52071.89398979644
5929,50283.706390071195
5930,49401.994001362706
5931,48428.6562926325
5932,48000.97864925565
5933,49024.66185902346
5934,48405.623904425825
5935,48271.56163430822
5936,47414.78472390563
5937,42791.94907948488
5938,40930.6726615408
5939,39638.3222796039
5940,40885.68052216154
5941,48250.200682370836
5942,39801.16524298368
5943,44475.66807233072
5944,48272.56628173431
5945,50082.833243721296
5946,56160.45881285071
5947,56726.71439066628
5948,58020.94591169526
5949,56899.93129564668
5950,56523.90463267924
5951,52911.49127874211
5952,49695.590318293456
5953,49512.51651691148
5954,47947.11942220681
5955,46800.53611566992
5956,48783.75746781097
5957,47282.57532199336
5958,49910.654008241676
5959,50328.40604260291
5960,53266.55974970659
5961,57907.2403518801
5962,55642.10277759952
5963,54885.592366886485
5964,51824.21006765347
5965,48556.45214434394
5966,56546.91840849445
5967,58262.65182704581
5968,60566.070425492006
5969,64010.11022910178
5970,64965.89465112078
5971,68246.6008331705
5972,64783.229979788994
5973,63629.89357753885
5974,60882.308944812256
5975,60097.81874344831
5976,56174.48918294153
5977,53414.466076429
5978,52775.20928182576
5979,53020.010766045765
5980,52193.98095662991
5981,53408.898338567
5982,55313.92965620656
5983,56014.65188773773
5984,56767.78532668824
5985,57651.20813639655
5986,56297.71231939325
5987,54092.61400890342
5988,52914.79691261736
5989,52625.347873255756
5990,58167.08014310444
5991,58299.0809007724
5992,61465.50588508737
5993,63923.2417726551
5994,65401.76776103329
5995,66865.53357158278
5996,65430.382571630085
5997,62668.73461759645
5998,63228.802967475225
5999,59807.01939413776
6000,57124.916658901544
6001,54342.97814457446
6002,53756.242932359455
6003,52750.56670258878
6004,53015.38213730859
6005,53873.819438225495
6006,54566.04785328183
6007,54049.882296663964
6008,51322.92331583894
6009,50436.34731048134
6010,49475.30650056115
6011,49424.327558164114
6012,49197.609182201435
6013,52424.376146699025
6014,55235.321904488774
6015,59101.23739390506
6016,62954.28148552855
6017,62580.12240294288
6018,61618.1906063426
6019,61760.65548170897
6020,61125.606008222814
6021,60836.9309645675
6022,60073.042993782416
6023,56229.88138484584
6024,54129.012156217446
6025,51731.61087428485
6026,51093.80487668709
6027,50752.260094659476
6028,50702.80192594293
6029,51464.86503808694
6030,51933.834812277564
6031,54338.16714256561
6032,55814.61594560203
6033,57801.58129626006
6034,56055.8421551804
6035,53652.201643860295
6036,49459.22687508275
6037,50505.9016134734
6038,54747.22284904761
6039,55547.383927866525
6040,58431.08790569463
6041,61708.832654064885
6042,63758.343997062824
6043,66436.30514080045
6044,64849.97433575314
6045,63248.82366149178
6046,60757.362690588954
6047,60063.82355598668
6048,55888.3696800626
6049,53721.840892063534
6050,52936.58950116
6051,52522.04381135981
6052,52354.747231388166
6053,53167.78397884949
6054,53782.5790781444
6055,53901.09948561387
6056,56820.590243093844
6057,57948.40532088316
6058,55800.67976087635
6059,54224.49840940021
6060,51783.14736460901
6061,53379.45090230714
6062,57190.50060401119
6063,57803.39232157294
6064,59768.19416385913
6065,62478.39680158375
6066,63144.42427329343
6067,64486.48632872171
6068,63237.398476007744
6069,61164.44810241288
6070,59529.83647498956
6071,59264.870548032006
6072,54780.503804947024
6073,52817.10046246853
6074,51360.51919891116
6075,50624.4601870868
6076,50645.29805471018
6077,51656.480281525015
6078,52220.96768044235
6079,51906.346365645586
6080,49206.77577931301
6081,44642.482230119924
6082,45050.963234556046
6083,44140.75236665893
6084,43039.83903200253
6085,49046.600628350985
6086,44750.06438343809
6087,47994.4571065138
6088,51527.37726789661
6089,52317.19916008525
6090,57308.10607241364
6091,57501.096538187485
6092,57181.455786776925
6093,57459.06555138811
6094,55204.7289970753
6095,54625.377511445346
6096,49731.746736084824
6097,49783.88135388149
6098,47395.85398544288
6099,46263.08616673376
6100,47429.355528948465
6101,47571.009993389685
6102,48603.369713206215
6103,48128.5645286219
6104,44222.40215357705
6105,40410.58028802904
6106,41047.04852951893
6107,41202.46025577546
6108,40016.80019924625
6109,48107.051452695516
6110,41973.30617210635
6111,44987.04273545874
6112,49822.21671095796
6113,52452.41593889412
6114,58083.73993171454
6115,58145.58620328034
6116,59649.105616715344
6117,58192.35815119782
6118,57541.68460209019
6119,53173.01772544245
6120,51017.282907168774
6121,50068.167022854184
6122,48484.65825563188
6123,48829.203041419365
6124,48534.09664470223
6125,48716.19311722399
6126,49259.51682367385
6127,49874.973383025594
6128,57642.64960416501
6129,63848.153503509915
6130,60752.14942987991
6131,58523.62079670683
6132,59488.973447599594
6133,55273.251975655476
6134,62119.161122731406
6135,64105.02206232439
6136,65870.80455325855
6137,68873.32928852685
6138,67697.91093359794
6139,69216.93404513544
6140,68277.48064114797
6141,64514.05699926935
6142,62609.34440916068
6143,61509.907164249584
6144,56705.43163114625
6145,54690.72664905217
6146,54546.35789355965
6147,53487.990080894524
6148,53603.173593105
6149,53877.581089540836
6150,54991.32055013428
6151,57265.689189027384
6152,61140.01615061792
6153,64900.70782351695
6154,62812.3276431089
6155,60158.73835216231
6156,55792.54929778556
6157,56024.343942987754
6158,62693.4667956051
6159,62510.2305912742
6160,66049.9106981733
6161,67996.60165776679
6162,69044.50893782421
6163,69445.31034404683
6164,66932.11226517643
6165,65329.24754136338
6166,63407.80203787481
6167,59707.283818416065
6168,57352.16373522546
6169,54661.03200024042
6170,53351.42518005061
6171,53178.1384308476
6172,54622.82694182061
6173,54233.0211787598
6174,56757.955054984894
6175,57899.34109660256
6176,61484.07093608128
6177,60578.64106308611
6178,59348.062268330636
6179,56650.26118894244
6180,56073.74856357898
6181,57462.21083504608
6182,62000.66046961247
6183,64451.45923452998
6184,67065.81368841097
6185,68028.32650257394
6186,67850.56630145904
6187,68406.0454820871
6188,67898.85082341074
6189,65037.17955856091
6190,63827.45294231635
6191,61436.09198826587
6192,57122.61527130531
6193,54670.98228754445
6194,54970.71275134924
6195,53765.75160264593
6196,53461.177864707846
6197,54452.33595423746
6198,55860.71485225077
6199,58373.53289422475
6200,59406.42831584037
6201,61689.234564578335
6202,59578.16870603151
6203,59295.126516643315
6204,57455.706258119564
6205,58449.93988746439
6206,62197.527632507685
6207,63877.16815828455
6208,65724.09371351611
6209,68256.33624556511
6210,70222.45534492236
6211,70256.44496081962
6212,68553.31643740644
6213,65493.00481025093
6214,63883.376285548846
6215,61077.69195067765
6216,57891.99437878128
6217,55690.03147122013
6218,54291.67434564664
6219,54130.63958994597
6220,53806.62601893642
6221,54432.57225364301
6222,55648.309089216295
6223,58306.76775473807
6224,61528.043169356795
6225,61947.79503018811
6226,61400.8299679994
6227,59061.69586009044
6228,57198.58494478043
6229,59878.40463689244
6230,62606.463112176185
6231,64237.69751736435
6232,66981.5015373962
6233,68272.84632327757
6234,66712.89498952363
6235,66575.77355711478
6236,66058.6518270008
6237,63751.76957317798
6238,61712.62398322561
6239,59910.87190812873
6240,55665.374693072445
6241,53927.45588527342
6242,52563.33587545632
6243,51813.50982022334
6244,50923.51833782093
6245,52199.38815589
6246,53385.05626963987
6247,55285.73389383518
6248,54510.74997116893
6249,50969.92908069311
6250,51848.69305146699
6251,49267.95470778531
6252,49500.94817308806
6253,54593.61912440817
6254,51966.812995900444
6255,55337.67711368537
6256,56153.389411803575
6257,54430.419603649294
6258,58125.19106730006
6259,57464.05125174783
6260,58437.45763231883
6261,57284.305782640586
6262,55986.432313203964
6263,54097.028758231056
6264,50954.26448516146
6265,49645.3470248518
6266,47927.402178978205
6267,46924.978829636
6268,47375.691481380774
6269,47616.58096568209
6270,49181.24692692388
6271,48037.7459455528
6272,45928.3896656198
6273,43836.36344796715
6274,45421.51039252859
6275,46176.059147581866
6276,45854.859020343785
6277,54484.66399825734
6278,51847.41769423798
6279,53141.50165853658
6280,56841.537229534726
6281,56786.26238542672
6282,59909.3806639098
6283,60757.02351114364
6284,58773.00453800692
6285,58769.554447659786
6286,58169.58377940079
6287,54958.972673359924
6288,51444.106991195404
6289,51730.44743429226
6290,49641.654251762906
6291,48733.765192052226
6292,49360.48385388558
6293,49336.96719167989
6294,49845.37084125192
6295,52356.57696954787
6296,56029.733993825525
6297,62333.72995414059
6298,59051.39253736734
6299,58364.55889457007
6300,59902.267780208604
6301,54546.7713072334
6302,59408.79886888139
6303,65623.21847433313
6304,66263.71343799891
6305,67059.1088661626
6306,67457.70379731884
6307,67796.18670069735
6308,67361.06183916931
6309,64612.60636815493
6310,62661.228317617635
6311,61461.33887030486
6312,57557.79040109078
6313,54121.68111400828
6314,53579.97711927026
6315,54091.19016246983
6316,53732.43551387611
6317,54103.156194666255
6318,55611.29096849342
6319,57859.0050543015
6320,60171.30733130123
6321,59830.13507172889
6322,59917.62123703289
6323,58124.63692370247
6324,57685.69117893215
6325,59098.47730701862
6326,64088.22022716079
6327,65019.72319464801
6328,65022.12261014197
6329,67088.44439013416
6330,68617.49783908414
6331,69639.80762758352
6332,67706.21272410545
6333,65048.10306720976
6334,63694.028924620696
6335,60933.4432369671
6336,56257.24499418429
6337,54437.50387710866
6338,54110.91273520792
6339,53472.48517041551
6340,52897.78831409801
6341,53585.43555058451
6342,55351.39249727029
6343,57519.363109885184
6344,58240.7108488755
6345,59919.698460364736
6346,60548.39248795966
6347,59533.9288471
6348,57112.68947018066
6349,57675.58985917019
6350,63045.86833644151
6351,65034.25645355003
6352,65749.44371343534
6353,68196.67703171146
6354,68873.97028850832
6355,69599.13433653479
6356,68048.37002612128
6357,65078.05072060836
6358,63659.44165313831
6359,60552.95664559833
6360,56718.9457877704
6361,54900.984569030625
6362,53604.4715251886
6363,53518.583378005176
6364,53333.50390769275
6365,53589.09407879326
6366,54688.627476651396
6367,57041.410460384934
6368,61917.787048520404
6369,65268.86496076552
6370,63064.31212189452
6371,63388.77394135952
6372,62112.3800965839
6373,63476.55023987775
6374,68439.43475564239
6375,67187.08982267103
6376,71282.5201088626
6377,70829.44060744802
6378,68454.486899468
6379,67980.38886718095
6380,67957.1241801171
6381,64432.94445055825
6382,62406.57147656794
6383,60739.20776356446
6384,57103.36895349415
6385,54750.99013145175
6386,53648.81966098217
6387,53178.66800152006
6388,53142.907850509364
6389,53625.92788436863
6390,55611.284448976905
6391,57924.59915386946
6392,60251.17547149134
6393,61048.96837766308
6394,61922.74453039339
6395,58197.654968674615
6396,55541.103642663584
6397,59120.28714448893
6398,59172.96696070235
6399,62516.69026261728
6400,63208.15505727626
6401,64496.73840734541
6402,67035.31110422779
6403,66696.76473840681
6404,64134.704890009394
6405,63117.28929232771
6406,61041.56883499964
6407,59271.97199867797
6408,56064.70371642175
6409,54116.8706195819
6410,52700.900703948384
6411,51639.77434652913
6412,51625.606126733015
6413,52276.09565104874
6414,54258.837389067034
6415,55151.80592741294
6416,54799.96692630615
6417,48654.318626134555
6418,49067.82530409705
6419,48867.247908407386
6420,46954.67983993173
6421,54057.21467835357
6422,48501.77524930392
6423,49024.251154331374
6424,51920.69922226225
6425,52147.56454880428
6426,55960.53995131644
6427,58403.41571625477
6428,56666.86308115341
6429,57452.281432133546
6430,55879.54659273787
6431,55039.37567020081
6432,51964.06509759014
6433,50887.5678028456
6434,48370.49206569874
6435,46898.22549633333
6436,47368.59496752139
6437,48207.40360070219
6438,48743.86021140977
6439,47742.339877870894
6440,46228.053584942674
6441,43215.5945978051
6442,39903.396990697576
6443,40763.99839116278
6444,40534.240935038
6445,49126.28103889303
6446,44885.92837241002
6447,48924.18385434176
6448,50592.042957736616
6449,54893.48666103687
6450,57759.53875169811
6451,57857.901080621305
6452,59318.65923430923
6453,58454.22209951392
6454,58585.50142593611
6455,54064.61324020957
6456,50888.39894815771
6457,49504.231723412806
6458,49141.819554548594
6459,49050.89358915714
6460,48460.117435103515
6461,48023.234179072206
6462,49780.91494740234
6463,52522.605318534435
6464,54623.33858783733
6465,60651.04959147879
6466,61491.80663967384
6467,58094.06696060931
6468,55930.29282651546
6469,54365.29896186046
6470,61378.36874537319
6471,64754.7589055874
6472,65365.17552588128
6473,67725.12385575272
6474,69074.58649114986
6475,69161.88339356524
6476,67773.24528996414
6477,64324.550064682284
6478,62525.15867776446
6479,60968.760294114705
6480,57304.074565278526
6481,54299.17367281473
6482,53927.75800493408
6483,53379.276674833345
6484,53106.617886852284
6485,53679.327718720226
6486,55283.41275240706
6487,57265.87619465367
6488,58798.92088619161
6489,60746.26860565208
6490,61020.67897177109
6491,59980.90406021491
6492,56843.2312007654
6493,56553.08026766102
6494,62188.84990785137
6495,64649.29650565332
6496,65158.90457802806
6497,68516.21057087138
6498,70033.4871523163
6499,69696.73782798878
6500,68044.53057041446
6501,65833.01520243789
6502,62992.32477536276
6503,61554.893189817645
6504,57368.4085046992
6505,55048.843582119756
6506,54179.617572234514
6507,53954.923764015584
6508,53565.21256123068
6509,54083.91847123961
6510,55662.863391692794
6511,57425.54219971
6512,59762.41272832273
6513,61323.892844732756
6514,61699.717909345156
6515,59957.51442577106
6516,58294.48595885822
6517,61264.06136515999
6518,65836.46014298292
6519,67896.66657580495
6520,70391.85640892592
6521,70604.26240337398
6522,68927.59466073144
6523,67843.00650343054
6524,67847.93707832444
6525,65285.51823652477
6526,63306.429969529265
6527,61111.30177637445
6528,58978.669670082745
6529,55194.622112336656
6530,54259.61189333948
6531,54224.434616266284
6532,53490.02445212608
6533,54248.49641884984
6534,55450.70972433838
6535,55644.243360429224
6536,56460.9834917501
6537,56948.16877883848
6538,55768.19816554048
6539,54876.179727285205
6540,54787.21035388556
6541,60710.62280718507
6542,58660.76731545595
6543,58354.70941172617
6544,63828.47341054686
6545,61616.74160919877
6546,63667.13319428065
6547,65866.98736324157
6548,65022.93242110179
6549,64074.1210080511
6550,63204.48197218989
6551,58779.82452758896
6552,54757.2066975658
6553,54012.63490284978
6554,52719.5521360125
6555,51731.59411519626
6556,52089.831682334574
6557,52224.16069843502
6558,53357.49433084311
6559,54830.61573020011
6560,56691.61240282819
6561,60069.780328079476
6562,59378.467189622395
6563,59242.14424456361
6564,60191.03424332059
6565,59317.47979627371
6566,63615.24322283655
6567,67294.31640870843
6568,66469.66062612626
6569,69492.42998897898
6570,68103.5532284968
6571,67078.46634110587
6572,66202.57339906156
6573,63222.696440410626
6574,60582.346263527375
6575,59562.91537339605
6576,55906.23146643323
6577,54379.07738398433
6578,51860.96146528456
6579,51624.59029147358
6580,51550.056455000464
6581,51317.850136007815
6582,52531.896736463765
6583,53506.470159154946
6584,55228.042535954955
6585,54673.655059036595
6586,58400.12902912661
6587,58669.22112721556
6588,57319.86461543252
6589,62662.26248173043
6590,56063.87892720941
6591,57513.24047511552
6592,56146.08393228703
6593,56158.17782800739
6594,58725.762063978735
6595,58912.80620320093
6596,59084.12277132387
6597,57954.43848032351
6598,56731.56263023416
6599,55596.05009460632
6600,52396.94197144455
6601,50673.17932788571
6602,48960.81361889765
6603,49286.94738006807
6604,48125.165492826934
6605,49185.29600803223
6606,50090.448132130616
6607,50508.56601709415
6608,51238.84160001302
6609,46947.67273044052
6610,48284.13828187826
6611,47570.381423144885
6612,45308.59267094071
6613,51694.96041019222
6614,46515.95542389894
6615,49409.353966901595
6616,51418.370013212596
6617,53318.899094032866
6618,60167.869268530165
6619,61656.118983487686
6620,61161.35670117093
6621,59764.420992156694
6622,60259.621314329466
6623,54280.800509560344
6624,52841.03694319962
6625,50598.631455007664
6626,49664.281928793556
6627,49104.88118843281
6628,48667.047618607845
6629,49783.54812202016
6630,50668.11738826564
6631,53797.96620049097
6632,58880.19021710617
6633,66480.51163518123
6634,64372.43496494352
6635,64008.233759293704
6636,60763.323101640235
6637,59432.823426246374
6638,67750.29216730391
6639,68198.71093834995
6640,72444.9766537063
6641,74610.08339298198
6642,69597.64755800363
6643,72361.83205872356
6644,71605.10822741041
6645,68643.14018274946
6646,65867.73983106074
6647,63098.92078972755
6648,58706.82474222887
6649,56619.493820567506
6650,55891.16349682112
6651,54937.238071412445
6652,54656.916854688905
6653,54978.32892616289
6654,55560.18992068358
6655,59284.90725787557
6656,61824.633120107406
6657,66685.75037823529
6658,66747.65391769716
6659,65388.04448797525
6660,64104.58288134124
6661,62198.897223172964
6662,71426.63155232264
6663,69418.95640066783
6664,74310.93294204136
6665,75637.24892744029
6666,73310.6977028923
6667,72302.06887070887
6668,73937.03957909637
6669,68549.82396106246
6670,66781.4529726544
6671,63492.5876505825
6672,59181.79092592817
6673,56464.42248077775
6674,56051.85761438932
6675,54574.62309468801
6676,54698.15646370428
6677,55194.69585350723
6678,56749.94806646804
6679,59225.680788664606
6680,62560.67099039271
6681,66172.14788478003
6682,66316.62908637655
6683,65614.44452891119
6684,62308.23215816521
6685,65021.42387742525
6686,70114.08194349363
6687,70974.23914390581
6688,73575.83995572245
6689,73876.94045366022
6690,75509.14520440834
6691,73440.05194892736
6692,71984.66667930197
6693,68970.93896570217
6694,66736.63186468533
6695,64323.141127558076
6696,59978.3951327241
6697,57203.70497193279
6698,56506.08964529478
6699,55543.51978216324
6700,54988.701212107495
6701,55777.87663322089
6702,57116.475721831564
6703,60301.907807210104
6704,64239.798474873984
6705,66854.89049493792
6706,68060.54826133861
6707,66843.14929022927
6708,65750.15374447906
6709,66591.41396177579
6710,72203.62780523484
6711,71351.56120898285
6712,74124.97628394459
6713,75539.0574411957
6714,76020.07778685691
6715,76076.52059003408
6716,73447.53785080403
6717,70424.76603969357
6718,67642.354583093
6719,64225.96964047888
6720,60254.608537431006
6721,57478.457172648225
6722,56238.41630474133
6723,55264.05046254988
6724,55112.9154731917
6725,55613.68034371372
6726,57692.446918735965
6727,60472.291045889884
6728,64110.38005612244
6729,67764.65845306615
6730,68462.00963042116
6731,67545.3082582866
6732,66214.57370226443
6733,71101.12034569937
6734,72013.00143705819
6735,74916.6316635647
6736,76092.8970943743
6737,75454.00820123668
6738,73792.46133781277
6739,73231.13424843682
6740,70719.8301640262
6741,69336.60379846106
6742,65346.407442124226
6743,64732.939038093435
6744,58873.74576297435
6745,58087.4699372122
6746,55411.6338746514
6747,54437.418340152
6748,54201.00689843111
6749,54931.83043468708
6750,56575.487957390054
6751,58630.94011668463
6752,59768.848225199385
6753,55150.45762353106
6754,56510.54285375591
6755,58035.94409003232
6756,58821.08373892947
6757,65583.2803753939
6758,62274.5467232814
6759,62237.12764800689
6760,62878.28725530395
6761,61468.35179501582
6762,65395.16339558552
6763,64960.2488957298
6764,65184.57615324561
6765,62769.12870305766
6766,61108.339700817734
6767,58962.47970773726
6768,55425.67948773167
6769,53511.853467257824
6770,51564.756354704456
6771,50880.54887804182
6772,50711.2763454841
6773,50465.55121821836
6774,51180.683814181924
6775,50915.26976469735
6776,50065.22527085413
6777,50017.07681280268
6778,50102.810647145045
6779,50715.79904347363
6780,47568.74954620015
6781,54524.60161718608
6782,51260.364171157475
6783,53665.92586523952
6784,56663.4088103101
6785,59270.921137573736
6786,63496.865310817906
6787,66368.89679204061
6788,63347.96035368107
6789,61733.64700102256
6790,63589.405033272735
6791,56992.23032502526
6792,53292.573536345815
6793,54052.70707419487
6794,51072.68946850786
6795,50628.825898151146
6796,51295.14152620682
6797,50290.092159073894
6798,51564.19749366112
6799,53245.08845428875
6800,60394.733423718695
6801,71913.16455219295
6802,67856.3210732702
6803,67830.02866737233
6804,69183.997015823
6805,61622.27993502914
6806,76320.56504886944
6807,75493.41769207339
6808,75129.72965830957
6809,74418.1374538371
6810,73040.45903359626
6811,72845.24233771014
6812,72765.1932344423
6813,68316.95344094781
6814,65466.06499948776
6815,64038.45765999775
6816,60245.893405889394
6817,56061.06108710068
6818,55834.57500704935
6819,55759.13013047504
6820,55144.9328380216
6821,55290.52747475892
6822,57406.871760733324
6823,60570.947700448276
6824,63878.700120068344
6825,66952.75826084778
6826,68114.90713580923
6827,66630.52639481839
6828,65303.78677545405
6829,66832.60273298985
6830,70278.35001926651
6831,73530.70118109614
6832,74461.38265403517
6833,76286.22499428384
6834,76729.96285039015
6835,77332.0879612096
6836,74409.97818664134
6837,69928.34541304626
6838,68526.51318487573
6839,65976.35201946869
6840,60663.82706966408
6841,57644.09974516088
6842,57780.45463112667
6843,56393.987096921825
6844,55923.142709101114
6845,56532.69467388509
6846,58063.87462820015
6847,60405.69702287391
6848,65232.83312975445
6849,70667.89005140419
6850,71382.57088650609
6851,69748.23762282236
6852,68763.63366824448
6853,70438.97286023415
6854,74642.3783688027
6855,76946.05616650416
6856,77923.22346505769
6857,81638.60779788723
6858,80650.00373464722
6859,77385.07393272314
6860,77932.14409640717
6861,74723.59269001351
6862,70689.38077045327
6863,66649.07976233955
6864,62630.92114826069
6865,58582.9326403072
6866,57919.55099893406
6867,56839.130440058725
6868,56433.50874904168
6869,56813.470408626075
6870,58473.63718606332
6871,61639.61999148588
6872,66925.2946569056
6873,73488.59675350305
6874,75710.19850556829
6875,75648.54990258133
6876,74808.38488259332
6877,75763.23165982154
6878,79212.99379966786
6879,80152.43566886804
6880,80375.85672507153
6881,79490.25583931293
6882,77084.3323952446
6883,76593.74815056013
6884,75831.82657943516
6885,71773.32184948974
6886,69402.72844204784
6887,66319.21103960325
6888,61330.351155816395
6889,58989.18044233577
6890,57276.36904373796
6891,56741.707881558934
6892,56329.57321433985
6893,56884.23105711251
6894,59171.20995754349
6895,62133.933089264625
6896,67701.0659182754
6897,69682.07008346
6898,71677.6107519556
6899,71399.99196568008
6900,68228.384852037
6901,73909.75942456213
6902,73591.4835071464
6903,76295.85477840691
6904,79311.07234674472
6905,76923.25643007948
6906,75746.77702601442
6907,76460.69219500582
6908,73953.79723451937
6909,71923.03579426224
6910,67951.51739754407
6911,66007.41696104914
6912,61219.17360440791
6913,60524.57102046951
6914,57129.069204007654
6915,56901.977088487154
6916,56437.3806283213
6917,56935.92501814538
6918,57982.66525131794
6919,60676.294957790684
6920,63796.4218021217
6921,63463.58390814368
6922,68016.73415444679
6923,67186.77092810311
6924,67248.32617139167
6925,73937.65657410635
6926,66155.54126735397
6927,69559.68849482636
6928,67185.74715404792
6929,63708.72287614455
6930,67221.36269633274
6931,67758.53144307416
6932,65264.080924535054
6933,64475.92114637846
6934,63851.410193097516
6935,61051.266845999795
6936,57415.11897615346
6937,55179.82553176458
6938,53655.02607666097
6939,52664.54888639627
6940,51621.61417246456
6941,52108.96698106698
6942,54119.54619751727
6943,55870.20191951105
6944,57729.28349982655
6945,58593.374673216895
6946,57909.01670708824
6947,59822.52079875899
6948,59621.105227903616
6949,63667.74641769612
6950,58816.734829980276
6951,57158.77266587982
6952,59856.476417724196
6953,61372.22529726208
6954,67084.31013477634
6955,67511.4929211539
6956,68700.60520619132
6957,66198.4152384006
6958,64302.48811897373
6959,59654.860900541855
6960,56071.43098409308
6961,54049.78026600658
6962,53481.405062474696
6963,51843.2296052435
6964,53187.97137049227
6965,52118.62645865309
6966,54281.33531198581
6967,58916.74531179246
6968,66357.70358408586
6969,78782.65114312319
6970,74526.25858049675
6971,74225.74305666696
6972,71617.89392480283
6973,62240.84695264127
6974,74284.99950792178
6975,76504.04669147592
6976,75202.4827273989
6977,78121.29810450083
6978,79496.50231477221
6979,73791.30749796759
6980,72700.22306966888
6981,72176.20799205116
6982,66475.7276185965
6983,63963.711729377384
6984,63006.34927459122
6985,57729.61941093338
6986,56191.905976942486
6987,56845.3136452699
6988,56659.65616723405
6989,55903.27421410827
6990,58746.68266691512
6991,62971.73218516401
6992,66173.16981690441
6993,69624.50975473138
6994,70479.37091720878
6995,67172.0882283292
6996,65403.22217399259
6997,67377.15473117716
6998,70144.85617548799
6999,72270.77987930672
7000,71151.10226840018
7001,72139.63960212341
7002,74741.87019990059
7003,74128.98601621226
7004,71253.86701917207
7005,68330.95502756066
7006,67437.72656630795
7007,64482.62115114008
7008,59488.94531567526
7009,57362.45432748868
7010,56496.198575296046
7011,55849.24656130219
7012,55113.057769198625
7013,55805.84646852193
7014,58253.65031238921
7015,61314.37359027807
7016,65793.02479227292
7017,69319.68141604819
7018,68328.76349398303
7019,67246.16668013723
7020,64189.453975386175
7021,66837.28347507642
7022,69306.13192211761
7023,72057.41133679514
7024,73292.97968326336
7025,72586.11302869864
7026,75049.49921341057
7027,76868.97342469005
7028,73993.46017923413
7029,69620.12563515334
7030,68225.4603869087
7031,64707.08817812032
7032,60688.793764904534
7033,57212.50576373185
7034,57053.08627593581
7035,54886.24867743048
7036,56188.4433268293
7037,56402.89651451388
7038,58223.439623789476
7039,60849.97744019079
7040,66536.25077473486
7041,70966.80077361931
7042,72769.3151512881
7043,73682.22315489415
7044,70662.93933751203
7045,74380.30922151869
7046,77407.11495203919
7047,76606.94623443476
7048,78036.72958660207
7049,76746.61204742022
7050,74386.19914634252
7051,74806.56689201518
7052,72546.40706803731
7053,70025.0135864967
7054,66984.95705599936
7055,64514.30371635903
7056,59787.90199559683
7057,57328.68801345413
7058,56448.83532416964
7059,55135.777012782164
7060,55398.300110238975
7061,55345.75158038645
7062,57999.5493798504
7063,61879.571202420106
7064,66683.72002106118
7065,68683.57762694304
7066,68040.76055460656
7067,67329.14245779494
7068,65821.0521584859
7069,67241.87097913068
7070,69364.54315967791
7071,71282.3088075875
7072,73367.57669236435
7073,74655.88684074709
7074,74266.75005571333
7075,74522.9619993155
7076,72080.89688195505
7077,69308.5657673127
7078,67145.95632901392
7079,63713.4367446105
7080,60590.60149867867
7081,57285.97699260687
7082,56188.283842117235
7083,54307.872264702695
7084,54172.21141387469
7085,55299.94946847082
7086,56220.57618481768
7087,58550.15703493898
7088,58801.88052829611
7089,54838.04710816057
7090,59754.24021894321
7091,61535.96813715919
7092,61893.30022530719
7093,66730.33266446769
7094,63214.336295713976
7095,70565.15649567757
7096,68527.17886207408
7097,66158.46101869749
7098,68639.41805882897
7099,66896.7356027509
7100,66767.30959637716
7101,64072.46128595807
7102,62535.191373495414
7103,60513.048430774994
7104,57034.459770398316
7105,56296.573550589885
7106,52621.81491124877
7107,52744.43420792697
7108,52607.79052235499
7109,51698.41838791082
7110,53267.58222229719
7111,54297.326314696424
7112,58234.52793502678
7113,59427.50721893158
7114,61531.015075130505
7115,59122.24375836843
7116,58506.27384764669
7117,66752.18144762582
7118,60016.34843785418
7119,61463.95191587211
7120,61026.636729165235
7121,61272.82365385621
7122,65440.77791459748
7123,65793.7866046116
7124,66155.275244964
7125,65043.901173071325
7126,63551.549468259014
7127,58801.86639289831
7128,55267.89392025048
7129,54056.620116635095
7130,52115.179645434146
7131,52652.747606332676
7132,51064.08169363398
7133,52467.47046930711
7134,54494.32982568511
7135,58304.22334560682
7136,65505.09930722795
7137,74891.00550471981
7138,72467.22248693941
7139,72748.0374282692
7140,68810.7737437506
7141,66878.99353372245
7142,75438.44691893559
7143,73087.98481948848
7144,78071.35576433947
7145,77605.85024175694
7146,78752.29331887509
7147,78156.06571095198
7148,77210.7486624136
7149,72414.99178245681
7150,69644.53854383086
7151,67239.84269029855
7152,62438.97944549131
7153,59472.08869339801
7154,58411.385516481176
7155,57479.04295308197
7156,57067.79991325928
7157,58045.459709061135
7158,59807.54932959534
7159,64944.455181354526
7160,72774.35926303726
7161,78416.54613189794
7162,80109.47334555809
7163,78649.44850443903
7164,75270.91450113564
7165,74803.04736542738
7166,79566.1411888519
7167,77820.11581726737
7168,79798.07623428977
7169,78374.59369958016
7170,77367.02256435022
7171,76487.70991615135
7172,75047.22062361774
7173,71209.0174199898
7174,69560.6709880487
7175,67457.33075643712
7176,62840.114377433085
7177,59938.0170394048
7178,59461.16209973566
7179,57739.29509039029
7180,58479.82521545823
7181,58412.72365450805
7182,60725.81239311318
7183,66299.320757554
7184,72677.5150759062
7185,77481.50698997366
7186,76690.74772434903
7187,73275.48104188743
7188,72730.44292628874
7189,73350.26175786066
7190,75378.81835711379
7191,75215.51301995933
7192,76067.55752267016
7193,78758.49942527014
7194,76431.90790753993
7195,77612.57544959954
7196,76323.45156955034
7197,73404.58410221025
7198,70569.42844446044
7199,67015.77255699929
7200,62413.320405246646
7201,60460.986824196974
7202,58991.85294994637
7203,58702.579135751344
7204,57452.28989514184
7205,59244.00713264196
7206,60495.98276910406
7207,66386.17115834102
7208,69825.62578872358
7209,73668.43300755559
7210,72488.84868476854
7211,72398.62910376857
7212,70511.31112514476
7213,72767.64064552936
7214,77492.03347574252
7215,78542.51881877569
7216,81029.41135314466
7217,81368.34690679898
7218,81001.29741290865
7219,82163.88889353663
7220,79171.75618875904
7221,77504.32749176254
7222,73352.47976852875
7223,69461.2314012335
7224,65696.12412876739
7225,62103.42554003654
7226,60536.87626856034
7227,58842.34326174464
7228,58771.41328408126
7229,58628.746360840036
7230,61249.67010128085
7231,66222.80779614447
7232,70918.72751714975
7233,74735.11366829886
7234,75208.52847783233
7235,72783.68590975874
7236,69458.30871652934
7237,72801.21935464376
7238,73954.16636900204
7239,74461.14940580641
7240,76736.91714062981
7241,78145.52270774625
7242,77549.37184463776
7243,76869.91967104914
7244,75724.64578647244
7245,71998.07017910384
7246,69797.10775930976
7247,66634.03487687634
7248,62582.545911731664
7249,59640.88002002377
7250,58357.376071477214
7251,56061.534620649836
7252,57179.219301774414
7253,56559.68722836737
7254,59931.7378210139
7255,61525.427995352475
7256,61925.442766774926
7257,60854.71811025378
7258,62418.717727308715
7259,62722.60571787793
7260,64854.669840883435
7261,71854.78064266447
7262,63996.34747766504
7263,71118.49481153855
7264,70680.30427332298
7265,67941.97198294011
7266,70062.0251146696
7267,71214.02651126904
7268,69826.11685139826
7269,68403.86303702796
7270,65047.482310527324
7271,62714.07870706859
7272,58350.339081000355
7273,56565.09172140151
7274,53677.80776995669
7275,53378.87046538966
7276,52702.028878363504
7277,53290.65472308033
7278,53844.11878157143
7279,55478.90503342834
7280,58552.28883118454
7281,58398.94251031749
7282,60498.30426626595
7283,64685.1393500863
7284,63202.400040542074
7285,65737.15123337685
7286,63363.28856890677
7287,63661.733925565124
7288,66365.50876267804
7289,66384.65949681988
7290,71009.17999455942
7291,69500.66917109644
7292,70940.06198927417
7293,67896.44462285306
7294,66702.49364451435
7295,61888.36621260362
7296,57846.06966144171
7297,57574.652516675866
7298,54416.62008017724
7299,55005.77754217716
7300,53967.062318794735
7301,54347.92694062283
7302,56035.4348939368
7303,62650.60924555243
7304,73361.04307439133
7305,83438.83648027862
7306,84549.55994206661
7307,80791.09399749576
7308,78907.1624740293
7309,76899.39130510007
7310,86317.74537827421
7311,79892.56827496758
7312,83514.30821929086
7313,81330.18536006777
7314,80690.19459526984
7315,79877.68475638898
7316,77982.72973372345
7317,72838.03457466485
7318,70725.3793799712
7319,68681.01608952324
7320,64219.47562476307
7321,60616.58302779464
7322,59936.91540939646
7323,58540.271281779795
7324,58983.04705164179
7325,58622.95356418568
7326,62746.4912479731
7327,67590.09284005724
7328,75332.24154785514
7329,81513.3621370927
7330,81336.97180772928
7331,81850.93728553255
7332,79841.04179100276
7333,80889.25635529387
7334,82932.9037329555
7335,82281.77839724516
7336,81504.20214121116
7337,80560.70831355618
7338,79701.11592805742
7339,78413.33930539862
7340,76749.35072633672
7341,72791.31022398864
7342,70209.67121295728
7343,67999.00133937615
7344,62416.29388231205
7345,60756.18030090079
7346,59338.51243636678
7347,58432.17029053321
7348,58276.169444746905
7349,58997.75856829896
7350,61736.445126182254
7351,67513.86539938499
7352,73365.15937564909
7353,78951.42122644348
7354,79834.39578468238
7355,77834.58507408574
7356,75632.13096582059
7357,76200.13904618684
7358,80105.20465944972
7359,79262.12236052772
7360,80454.21986286655
7361,82025.31878557337
7362,79439.90083477557
7363,78310.4346621385
7364,77228.05382238104
7365,73699.63321567584
7366,70940.93932956112
7367,68609.54417743572
7368,62766.80936632036
7369,61039.702365312645
7370,58760.372520680874
7371,58861.59254165797
7372,57914.99091346998
7373,58763.778776364226
7374,62253.867063613216
7375,66238.02986923714
7376,72534.2967575818
7377,77697.47852121755
7378,77240.99752224582
7379,76474.16119770914
7380,75071.13462133157
7381,75638.84327242673
7382,78199.0943894553
7383,79966.28237208344
7384,79406.47018121864
7385,80202.0391541386
7386,79044.70456281886
7387,79224.31933776333
7388,76365.54844051214
7389,73073.28631094584
7390,70762.30634209153
7391,67189.73513664112
7392,62665.451910237214
7393,60754.43251005681
7394,58845.25493017088
7395,57985.10558499756
7396,57314.76771130228
7397,58729.971144914525
7398,61589.078737212636
7399,66519.84869399597
7400,71858.22011429282
7401,75744.23119925085
7402,75896.85014563713
7403,73595.24925143036
7404,69993.56888215833
7405,72631.00414176424
7406,74750.34249546647
7407,75130.72001140872
7408,78878.45335517214
7409,78851.89234810026
7410,77999.40070355507
7411,77908.33035311181
7412,76021.07914322052
7413,73601.92370693659
7414,70001.7274878143
7415,65952.77950408637
7416,63112.253122377704
7417,60260.10822299367
7418,57972.27650810494
7419,56575.27912279399
7420,56938.78021136818
7421,57311.44360841697
7422,59861.840228403235
7423,62124.289142223104
7424,63071.84548701501
7425,56027.37047549656
7426,59984.49746539896
7427,62356.66896887555
7428,63576.69419558694
7429,70576.46941759979
7430,63333.0031578296
7431,67535.32396393175
7432,69143.65467556317
7433,65954.58647367392
7434,71349.42514617421
7435,69157.86088364363
7436,69337.56364593386
7437,66909.87630997827
7438,66086.96767458068
7439,62381.40088134915
7440,59324.12798593692
7441,55624.118482563834
7442,54316.254860648696
7443,53296.94294215952
7444,52719.33018547722
7445,53174.154943250454
7446,54517.39941179571
7447,54824.977706693964
7448,55098.29814196423
7449,57091.83450555923
7450,59287.98961970907
7451,61419.27819043749
7452,60035.6505222927
7453,62937.682928148824
7454,64772.33915368836
7455,64552.60286483403
7456,62819.07651334801
7457,65662.22121849895
7458,70657.6125152589
7459,70019.05627614827
7460,69676.44342860143
7461,67916.35574757589
7462,66187.07548007279
7463,61660.44304144329
7464,56679.23641809932
7465,56892.56247061974
7466,54117.025335395745
7467,53754.25482544439
7468,53988.56731016384
7469,53061.43840395561
7470,54998.711612102314
7471,60768.02065431513
7472,67530.64074986118
7473,80697.93177557233
7474,76405.61777746587
7475,77984.04609037499
7476,78727.1807238013
7477,75283.11181684102
7478,80942.37156836476
7479,79117.94840792948
7480,82093.02342102597
7481,84469.7050732693
7482,81679.14307599005
7483,81969.05262710553
7484,80261.65154343953
7485,76012.55948201678
7486,71693.33623184102
7487,69197.4877492764
7488,64999.015343354105
7489,60241.47168059059
7490,60387.79711006448
7491,58505.08615213882
7492,58494.41735052847
7493,59361.45479945612
7494,61560.30724812164
7495,66977.25209170535
7496,73635.81011771795
7497,80169.39552797753
7498,81903.01664210671
7499,82335.72459279414
7500,79928.05349266839
7501,82645.12331776941
7502,83751.4871517521
7503,83930.04650632954
7504,84235.810757144
7505,82329.18292535083
7506,81216.36776411039
7507,80983.2783966237
7508,79134.54218573181
7509,74071.19838439494
7510,71271.80684964427
7511,68988.68416894393
7512,64054.34600339567
7513,60952.51606913361
7514,59838.53902633699
7515,58728.60890749911
7516,59169.250233900464
7517,58960.16551497408
7518,62234.537870044194
7519,67659.41719022061
7520,75287.51300346016
7521,80688.40283256602
7522,82755.91354339116
7523,78794.12878541072
7524,79476.23475414138
7525,79399.11567054284
7526,82191.91377864314
7527,82073.94604383058
7528,82993.01110341494
7529,85245.07703320945
7530,81462.52507141375
7531,81873.05319756929
7532,80667.34275056189
7533,75568.34875161391
7534,73859.59469442035
7535,69919.11596683454
7536,66073.77917706125
7537,61922.57893809448
7538,61510.77989571141
7539,59717.80097860021
7540,60430.19599938888
7541,59861.372291477186
7542,63922.84036470974
7543,68660.08967912318
7544,75893.81561477418
7545,80648.03092415704
7546,85378.71406620133
7547,84409.51550948838
7548,82675.78142934453
7549,81789.12234949881
7550,84054.67506898548
7551,83393.42744192343
7552,83176.298899159
7553,81583.80703651666
7554,81446.44272814487
7555,82023.47198968429
7556,78708.80266340153
7557,75509.14981046435
7558,72275.30239095562
7559,69448.93020209433
7560,64637.36268131509
7561,62359.40640032892
7562,60707.40156896325
7563,59982.16142927144
7564,58892.5546859289
7565,60667.41181679942
7566,63245.81396193935
7567,69506.95982834196
7568,75697.32919969026
7569,81848.78786155426
7570,81112.23745158686
7571,83330.05224501812
7572,77082.84265908707
7573,82273.96496524331
7574,78594.00206010148
7575,78258.93674526035
7576,81564.66377371996
7577,82004.27479395666
7578,80754.16181692707
7579,79887.54663935868
7580,77521.94593310851
7581,75763.79066424826
7582,72224.88368569243
7583,68861.39277221524
7584,64456.18535824547
7585,61196.86240746878
7586,59042.10242593284
7587,57983.34328515371
7588,57606.57701456655
7589,58183.61091738157
7590,61728.25478120254
7591,64092.05069136949
7592,66968.90084610082
7593,65243.4747969945
7594,69473.61906889384
7595,70100.81239043879
7596,71728.91204600563
7597,68543.55871619636
7598,63686.71931971744
7599,67213.69159293543
7600,69278.05678926353
7601,68226.07279211565
7602,72323.90891900656
7603,74994.41836118158
7604,72229.77534553416
7605,69939.76877065426
7606,69008.30488296245
7607,64522.480880415766
7608,60459.0000880823
7609,58771.46954253457
7610,55450.049890052185
7611,54408.626610303545
7612,54460.55154734525
7613,54566.39026970955
7614,55715.778951919245
7615,58065.725402121636
7616,61016.43636924077
7617,56979.278801477005
7618,59730.3385041012
7619,59935.919699730744
7620,54701.8775261206
7621,67041.25805250538
7622,63452.966341288615
7623,65286.11144224563
7624,68351.2300982793
7625,67062.81477296028
7626,75356.99314271577
7627,74787.08480112665
7628,74411.13313669348
7629,72559.68995370738
7630,71304.39951166141
7631,64846.19063031045
7632,60293.672781801346
7633,59521.12336862842
7634,57137.135909821955
7635,56686.643801650185
7636,56571.836528893706
7637,56440.50562749952
7638,58622.17915448154
7639,63565.82017645683
7640,70481.09394261177
7641,81315.63674449948
7642,83188.34753783447
7643,82822.19698021025
7644,78854.3892450818
7645,76853.39892589464
7646,85571.1749359415
7647,83260.13711821099
7648,87710.77997711043
7649,83641.67617276005
7650,88118.33685831405
7651,85731.64176159582
7652,84916.72352051197
7653,79020.65425378844
7654,76183.26545556226
7655,72447.71479685076
7656,67246.24449170008
7657,63622.80804749902
7658,62925.46104360465
7659,60801.087298832674
7660,61456.03624532693
7661,61838.99556107916
7662,64552.44909034979
7663,68942.9983105831
7664,76649.334605947
7665,86651.11165564017
7666,86866.63110478385
7667,86132.9873064447
7668,82941.19485805654
7669,83336.57594970916
7670,87907.48190636165
7671,85330.51181884023
7672,87457.30706398223
7673,88624.49508428879
7674,85465.26546618584
7675,85626.78233082227
7676,83121.62818022667
7677,78920.2601223749
7678,76069.19774194196
7679,71438.13606028608
7680,66519.83599242088
7681,63334.42029908292
7682,62010.61799047612
7683,60953.58467676952
7684,60285.54571149218
7685,61104.82744268549
7686,64143.41529538191
7687,69721.0907147417
7688,77064.50040600578
7689,83831.9820409328
7690,83364.3760259906
7691,81501.87952276124
7692,79671.93373659551
7693,82713.75549047643
7694,84981.4611374506
7695,86606.07922127275
7696,86463.4457783169
7697,88587.43731204503
7698,86566.4195568089
7699,86713.12717508705
7700,85350.26986040446
7701,81087.57575082223
7702,77767.6268523631
7703,72909.9146904129
7704,67590.63779714676
7705,64133.27547265206
7706,63046.98319655657
7707,61091.279480943726
7708,61646.18716884863
7709,61579.38190046543
7710,65242.45596882365
7711,69338.28292938638
7712,76438.55302516645
7713,82086.68807240942
7714,82739.79688361163
7715,82448.41186565085
7716,82476.37117548546
7717,82205.48748674305
7718,85990.75214309496
7719,87851.09253829908
7720,90500.27243160644
7721,90795.00914886122
7722,89039.11060408592
7723,88803.25988585468
7724,86928.29531425532
7725,82294.08411913726
7726,76845.93229239875
7727,73676.84725925927
7728,67817.03985818315
7729,64958.025444339975
7730,62232.33763360896
7731,61560.688055738625
7732,61181.16499937057
7733,61426.56296243346
7734,64722.64059222285
7735,69736.7992586934
7736,77555.3991927237
7737,81335.63440366491
7738,84068.90665981718
7739,84632.28794982635
7740,82070.96404375574
7741,86313.11493917883
7742,89752.57603674699
7743,89329.5207329084
7744,90221.65216418638
7745,85557.08937179837
7746,86279.93035213118
7747,83970.06826857443
7748,82292.47612756219
7749,79455.96573716926
7750,76387.98162899542
7751,71935.45487380706
7752,67306.19893705778
7753,64427.210084794395
7754,61739.84554785193
7755,60264.95140699591
7756,60186.53952826973
7757,60379.38307162029
7758,63319.101600185946
7759,66178.84156346264
7760,69132.14906805495
7761,68169.29544543567
7762,70304.04286315835
7763,72181.59465271699
7764,72571.0608708246
7765,78737.1011937833
7766,71456.83075119053
7767,73319.2794594639
7768,74151.0196247009
7769,74001.47876405226
7770,76527.8103662704
7771,77044.89395797855
7772,75629.01969639475
7773,73395.66529133436
7774,70974.4778688546
7775,66144.77241952097
7776,62376.049387097126
7777,60057.44553425685
7778,57511.18564212531
7779,56005.13322188964
7780,55654.0913483284
7781,55623.4956047041
7782,57502.84351248785
7783,58577.45212968103
7784,61008.53343802941
7785,60554.31902189419
7786,62235.99975228854
7787,64110.21825579119
7788,61194.7566430109
7789,67161.49824824138
7790,66360.92984285149
7791,67523.90181522447
7792,70340.29614150213
7793,71428.18618095657
7794,76967.01670817287
7795,78616.22268673677
7796,75722.89772915146
7797,73705.35083050991
7798,71917.85354386974
7799,66001.55257730652
7800,61881.919572874416
7801,60410.70245337373
7802,57381.337749631784
7803,56605.40503574237
7804,56149.929709632765
7805,55895.55807150453
7806,57749.48842000356
7807,61951.49852937538
7808,68206.55426132436
7809,79846.27887062835
7810,80077.49580944983
7811,76257.70534357241
7812,77660.56289696827
7813,73288.39207058605
7814,79359.4771311797
7815,81117.64355893648
7816,80543.99033975435
7817,84542.79678776345
7818,83419.95385628215
7819,83005.09567444486
7820,81785.51488258068
7821,75974.50490406631
7822,72156.04553131683
7823,70124.23498834552
7824,64648.48240257692
7825,61758.313038882574
7826,59280.31754938611
7827,58267.86567924374
7828,57946.585828050935
7829,59341.345608419135
7830,61622.81308855095
7831,66107.5922208668
7832,72131.70497840352
7833,75792.67107128464
7834,77481.65703171298
7835,76854.72966073573
7836,75676.12854355766
7837,76753.61533565725
7838,79903.89902316174
7839,80301.80402807967
7840,81288.87365652222
7841,83484.83430116292
7842,84457.78291548185
7843,85061.49851235002
7844,82594.70629420018
7845,77647.4882093379
7846,74518.64661560133
7847,69475.28614628092
7848,64211.75312980843
7849,60617.77727090011
7850,59687.19597844337
7851,57820.71781700691
7852,57316.198143929185
7853,58007.522513877135
7854,60585.065609521174
7855,65082.57923253176
7856,70797.17588080818
7857,73392.15846726594
7858,74322.52789337277
7859,75825.36545358264
7860,73623.19988668953
7861,77411.83437709558
7862,76056.36438521564
7863,79175.85678944398
7864,80538.31352207865
7865,83374.13057755482
7866,85359.5169954546
7867,85570.06571595883
7868,82313.67740668186
7869,78666.03467241421
7870,75113.16069062562
7871,69702.48219057149
7872,65286.5075810586
7873,61788.484395588595
7874,59437.70357166093
7875,58187.204266982226
7876,58082.34187214254
7877,58241.38818907082
7878,61021.896197531365
7879,64750.8869676006
7880,69619.0491044837
7881,74576.17164651393
7882,76945.2010315007
7883,76055.16801066765
7884,74967.3727997574
7885,77990.09062053126
7886,76806.0267690335
7887,79058.2379640752
7888,81086.50055915902
7889,83481.79217893758
7890,85985.65388519489
7891,85296.90751335632
7892,83905.88539844911
7893,78891.9202047777
7894,75148.58573567795
7895,70738.22084245052
7896,64913.48813775594
7897,62532.580254161934
7898,60487.15797096842
7899,59230.88758041645
7900,58506.07964857217
7901,59291.17714355259
7902,61996.78135647501
7903,65226.77353187259
7904,71473.56071262599
7905,76307.69790993958
7906,77189.41591908294
7907,76036.8211766589
7908,77329.2810013087
7909,76386.59290387321
7910,79419.27984356797
7911,81026.55902800745
7912,82893.46594289145
7913,84845.48095404667
7914,85860.35120433982
7915,83979.75416889042
7916,83482.66244663048
7917,78851.44470849884
7918,75351.79212174486
7919,71450.46625940365
7920,67068.33025609239
7921,63610.038070431176
7922,60122.169580396694
7923,59162.70857098594
7924,58709.21313608688
7925,59049.17028665057
7926,61285.26549366864
7927,64073.0743894521
7928,66532.9002934716
7929,64113.399056641014
7930,67112.06263811913
7931,69084.62538412104
7932,68970.05961063341
7933,72968.8278964178
7934,70987.45633526432
7935,71630.89916730835
7936,74870.40331766383
7937,76045.38452423367
7938,78730.70825523838
7939,80337.921211091
7940,78804.23250586283
7941,75591.47458047664
7942,72351.78824355433
7943,70298.41912274451
7944,65091.25286153123
7945,61568.0027644865
7946,59478.48506380487
7947,58465.31828052754
7948,57545.532720282805
7949,58535.57516030266
7950,59620.51221312777
7951,60641.33414804325
7952,62576.28234778388
7953,63944.582371164775
7954,64653.56119884949
7955,68295.55992312318
7956,66877.98706022013
7957,71068.62941995639
7958,70804.58200848215
7959,72706.00061834433
7960,76405.23901799417
7961,79304.2914129054
7962,82010.90007313501
7963,81240.83107211062
7964,81235.93810572717
7965,79096.99837555544
7966,76541.85831640103
7967,69674.16252839316
7968,64852.54960432969
7969,62357.58757478381
7970,60349.026525307156
7971,59253.323862080855
7972,58567.028401134005
7973,59182.69164170601
7974,60803.18023792179
7975,65459.29713239337
7976,73354.01411484239
7977,85631.13702383597
7978,86353.48694515658
7979,86317.14079526045
7980,85312.76404624454
7981,81582.18585776031
7982,93335.82119482725
7983,92135.15284760181
7984,96959.2350305524
7985,97036.36793284031
7986,90251.35889053845
7987,86732.01418559949
7988,86960.99476554367
7989,79948.66848748171
7990,77729.02683813061
7991,72951.81920342013
7992,68457.68630386118
7993,63383.23655209164
7994,63703.60024849653
7995,61049.83820624432
7996,61765.656349216035
7997,61484.21137421552
7998,63724.94761099625
7999,69671.33246732294
8000,75485.32870635115
8001,83517.96700224078
8002,81633.57919415257
8003,81146.85316721667
8004,82232.56545660204
8005,81726.60379844347
8006,87087.55707954003
8007,87992.93521715095
8008,90593.68779528752
8009,91426.70051812776
8010,90509.34791399832
8011,92406.02264464847
8012,88679.43249546099
8013,84305.63956289833
8014,79664.74427177277
8015,75079.93035658677
8016,69819.30257045121
8017,65351.226042379014
8018,64736.82785404049
8019,62905.31767242058
8020,62839.987701509934
8021,62830.74456051027
8022,65239.919041336805
8023,70505.085762487
8024,77446.38604882642
8025,84535.0489035239
8026,86452.932448297
8027,83906.64369536495
8028,83447.90389920922
8029,83292.45452681005
8030,89939.83213014135
8031,87954.20881282967
8032,91693.81365865709
8033,92996.81974370766
8034,92146.50704390777
8035,91917.91286082022
8036,89362.25819522537
8037,83519.59993252797
8038,80191.37140639206
8039,75387.00711028845
8040,70254.25230457091
8041,66592.88286909208
8042,65032.531225295446
8043,63536.26999707288
8044,63201.59854679601
8045,64521.996112035406
8046,66905.72985922647
8047,72511.8185700456
8048,79007.18022163193
8049,83072.78808811933
8050,85355.24902489611
8051,87444.49614288569
8052,87609.90696221811
8053,87552.4339924663
8054,91772.7029449481
8055,90051.69223585058
8056,89058.30267839396
8057,91148.21296684459
8058,90813.56759420574
8059,89255.08353766035
8060,87172.51802322507
8061,82147.44791284123
8062,78144.38721164115
8063,73592.18190583217
8064,69432.3567754029
8065,65936.98035093924
8066,63796.673865271565
8067,63062.19853142303
8068,62305.927691941266
8069,62987.78790864244
8070,66398.57571426009
8071,71360.79116400307
8072,77998.74532376598
8073,83019.29209129165
8074,83550.21535240926
8075,83577.77445446778
8076,81281.72040980277
8077,84249.62123211841
8078,84579.66576046702
8079,87186.86234514021
8080,88835.68041944166
8081,90429.7214219936
8082,89875.65891941971
8083,88836.300444961
8084,86261.65109773117
8085,82460.80788091068
8086,77855.9699049564
8087,73745.90331931156
8088,69217.83251467708
8089,65826.86697963199
8090,63643.439408796075
8091,61744.481073750605
8092,61457.23653460721
8093,61598.00997291291
8094,64422.280042372135
8095,67874.44517550491
8096,70335.14556591988
8097,65430.88211192445
8098,70067.96864582335
8099,72315.44796814956
8100,72761.8593355675
8101,76759.42917409686
8102,72995.76403874716
8103,76454.05624590453
8104,78217.61856431322
8105,76501.4663507122
8106,79779.33305948084
8107,80433.85957433094
8108,78437.6147809331
8109,75740.98238831827
8110,72024.00662794798
8111,70482.91242141859
8112,64242.09375294571
8113,63138.84492655345
8114,59397.18921162236
8115,58681.24073597904
8116,57754.02827899364
8117,58663.02976575367
8118,60746.52587136946
8119,60507.23196842004
8120,62333.92382242327
8121,61847.99042919872
8122,63969.51606231015
8123,63818.21804653363
8124,63209.459320840746
8125,71164.19630965978
8126,67873.74982407238
8127,70872.32049555377
8128,73167.43368708457
8129,76068.5777893426
8130,80743.52726564053
8131,82219.21013281049
8132,80215.88029680119
8133,78123.37635104456
8134,74876.90857140902
8135,68942.48470550851
8136,65046.31389753347
8137,62058.15591591665
8138,60872.27737489037
8139,59196.21970332984
8140,59452.436993608164
8141,59507.08643801079
8142,61557.77184633857
8143,66471.70190130915
8144,75005.54983941499
8145,88994.94900237887
8146,86947.0940803695
8147,85189.81482062681
8148,84261.0361684885
8149,79643.17652649291
8150,91082.97594857807
8151,89583.66622163157
8152,92623.1282872568
8153,92842.86696795355
8154,92786.66567962358
8155,95436.40066847521
8156,90589.11455914953
8157,85287.05248840686
8158,80391.61099353245
8159,77023.07870918623
8160,70322.84599076913
8161,67424.86951274368
8162,65835.1715054981
8163,64341.002288407144
8164,63939.682296301486
8165,65008.95876912593
8166,67722.58210912069
8167,73002.25549322266
8168,79499.86737607185
8169,87176.2410487765
8170,87092.98564524617
8171,87360.00595882426
8172,84229.69243304704
8173,86446.75016011749
8174,90162.73685301421
8175,90529.11745741227
8176,93577.1388302845
8177,95800.99735343373
8178,94773.11619623253
8179,93211.46848421457
8180,91029.35441269643
8181,84830.63193199786
8182,81139.99351559833
8183,76102.34316697708
8184,71143.13527868802
8185,66863.18165707558
8186,66224.26298496692
8187,63676.23558718181
8188,64861.164285705476
8189,63878.69152162828
8190,68454.29559672793
8191,72536.213112014
8192,80672.53197506424
8193,84860.64834315372
8194,86885.74963242537
8195,85870.03364662195
8196,85105.08148385247
8197,86378.2262004063
8198,90616.10403146269
8199,90383.41041729155
8200,93878.43887627454
8201,95098.3382626186
8202,92335.14942294804
8203,91238.15230257713
8204,88122.4579483696
8205,83025.80642577687
8206,80245.90833905684
8207,76021.88073737778
8208,72054.75867830697
8209,67340.7652243628
8210,66431.60565040862
8211,64009.997561600954
8212,64193.128839666395
8213,64472.43566038589
8214,67253.75454416817
8215,69046.80016852284
8216,71831.05445156727
8217,71546.66431678449
8218,73408.55240619407
8219,76185.11106135418
8220,77711.26723665305
8221,78563.38457474597
8222,80208.68182187111
8223,81589.1557203023
8224,85238.43455072746
8225,85032.07395450189
8226,84575.30466349468
8227,85732.20091449693
8228,82528.0004011055
8229,81735.4484306181
8230,77312.41968014267
8231,71846.29722212514
8232,66964.8271508105
8233,65883.06534835146
8234,61937.11409375859
8235,62766.6343647744
8236,60453.30481654128
8237,62302.75915092218
8238,63446.79020126905
8239,69319.99235966848
8240,74417.39865654448
8241,83136.34167539857
8242,81945.71958524127
8243,83503.73709900213
8244,79568.37334276616
8245,85377.80722323144
8246,86590.52374784966
8247,89551.13601747798
8248,89826.41177846085
8249,89885.17696894931
8250,90054.29983301456
8251,87282.6955581461
8252,86752.47056697129
8253,79745.9460894131
8254,75949.816601056
8255,73597.33879778681
8256,68678.3522669528
8257,64258.53313655837
8258,63324.15688045644
8259,61420.298316144326
8260,61022.90289838072
8261,61176.462131857006
8262,63591.07583271792
8263,65922.30115462512
8264,68156.57617798832
8265,65975.30646143055
8266,69738.5544069257
8267,72220.49613677993
8268,71865.22751150749
8269,77330.71065819259
8270,73357.66288017253
8271,77837.67729453737
8272,80449.34454180073
8273,76680.6385147966
8274,81587.26715194469
8275,79605.40036295145
8276,78344.1239517463
8277,75076.856999127
8278,71814.82178424924
8279,69201.15447936462
8280,64073.563862617986
8281,62577.30337525691
8282,59377.6779927249
8283,58573.10161952448
8284,57836.451237061156
8285,58658.28856027359
8286,60155.92919170059
8287,61090.6513124027
8288,63518.8910602322
8289,60500.79063729349
8290,63884.27832204395
8291,65257.29821840993
8292,65283.82485202768
8293,71498.27818289386
8294,68783.82241591006
8295,72171.96360624082
8296,72565.02253894812
8297,76932.80719024217
8298,78602.0729365587
8299,79855.03025486054
8300,80285.4299171439
8301,74312.87780974884
8302,73820.43456501138
8303,67408.64824437842
8304,62757.377873320234
8305,61775.2318452594
8306,59396.25016890893
8307,57954.188157437246
8308,58087.15458476405
8309,58334.70785514184
8310,61161.57610446791
8311,66181.50433825154
8312,75766.69380866598
8313,88904.18792845876
8314,88094.31738058307
8315,86328.79930722868
8316,84158.58808654315
8317,83254.80997805027
8318,92496.23187695342
8319,92063.22377346792
8320,93480.4756248299
8321,96424.47671982719
8322,96447.14537240381
8323,95175.10190830957
8324,91649.06118603845
8325,86400.75715524037
8326,81732.27111592631
8327,77819.27857222229
8328,71327.6759361591
8329,67465.2901880563
8330,66258.53965779653
8331,64664.24720647812
8332,64659.55315322705
8333,64855.13179039044
8334,66932.46294219753
8335,72358.48958955037
8336,81067.66946918023
8337,88548.91108484165
8338,90821.05848292838
8339,89928.54998000004
8340,90853.36595332802
8341,91318.46065956884
8342,95040.72876321379
8343,96786.79492908799
8344,99385.09654144359
8345,95934.3968960057
8346,95414.96664974057
8347,95730.97388455956
8348,94268.13266930461
8349,85633.5289368638
8350,83194.18023460913
8351,77740.68647874042
8352,72267.54868389583
8353,67680.17366744413
8354,66387.45101555121
8355,64868.86016640924
8356,64185.98022564451
8357,65267.65672998182
8358,67764.09752096095
8359,73479.43342692115
8360,83780.11093536371
8361,91525.26546628703
8362,93069.29078246278
8363,92232.44552965686
8364,87888.85657704079
8365,88786.67905244105
8366,92161.01589250282
8367,92188.79065525447
8368,90652.28407656397
8369,94512.51519920441
8370,91099.89593409354
8371,92608.28574942268
8372,89588.62833873667
8373,84665.19244988206
8374,80082.31767427913
8375,76073.1545650901
8376,70851.67255207547
8377,67414.32672894301
8378,65073.235072886855
8379,64851.56229107781
8380,63507.93616139245
8381,64896.9014610549
8382,68151.8056184089
8383,74448.92498661028
8384,81891.96426702803
8385,88105.69003011899
8386,92210.2662002063
8387,90895.80850752222
8388,86681.85139046823
8389,90093.94016956128
8390,93928.13322626385
8391,92815.21740239917
8392,94273.91226036896
8393,92492.13074035129
8394,91782.31527084469
8395,90896.29621468365
8396,88871.69884593615
8397,82635.57530690386
8398,78197.42479955645
8399,75240.87099783789
8400,69368.56553830585
8401,66879.1838331338
8402,64804.63010124085
8403,63148.22125003214
8404,63176.085471781436
8405,64262.315952405654
8406,68235.53416864215
8407,73993.04351224653
8408,80784.92339322493
8409,83862.8072128343
8410,84166.67722205215
8411,83382.3140599282
8412,83574.76105082381
8413,84524.6064964135
8414,86068.03306966242
8415,89047.38431534533
8416,89528.26807278255
8417,90568.49810080884
8418,90339.94276471926
8419,88259.75767561517
8420,84258.4203870305
8421,81470.01982151598
8422,76739.71032009358
8423,73046.98502525421
8424,69230.25459005602
8425,64926.715465206085
8426,64688.190361913905
8427,61697.795672678134
8428,61456.653929850545
8429,62911.63168411842
8430,65350.20734787286
8431,68516.2827323391
8432,69491.15698517051
8433,66452.47597201871
8434,70872.4506655421
8435,71759.26473682394
8436,72166.36732661951
8437,76837.36635410103
8438,72225.76599679132
8439,73015.95690595894
8440,77227.76737523575
8441,75472.89510729605
8442,79734.05906196502
8443,80925.23600468435
8444,76569.91620783905
8445,74651.72615537536
8446,71513.64233840253
8447,68177.28866969307
8448,63136.1101584578
8449,61904.000823164635
8450,58734.74155888174
8451,57520.895506741086
8452,58056.59330217997
8453,57703.02019567683
8454,60738.40557664455
8455,60788.796702188505
8456,62883.99806059117
8457,64059.99469865906
8458,63959.824453778936
8459,64440.60583737745
8460,65449.18074057264
8461,73524.34886584409
8462,68873.66644764079
8463,71387.71725089978
8464,74837.13745620477
8465,74862.5616869846
8466,78628.15633033248
8467,79384.17690236376
8468,77631.91709116408
8469,74181.28395366455
8470,72329.19155303182
8471,66426.71171068925
8472,62201.89546157942
8473,62176.05544371238
8474,58147.02620378547
8475,58533.273153044785
8476,57719.465299110445
8477,58637.36782439675
8478,60037.51586578444
8479,66508.74088960796
8480,75747.48248427278
8481,89098.39203651983
8482,87049.27212579556
8483,85038.59309755174
8484,84495.4828123061
8485,80860.69207872648
8486,91483.81755600244
8487,90030.45373087456
8488,93498.53261326204
8489,92912.05569065729
8490,91271.53939389762
8491,90501.6697404543
8492,87055.39654336082
8493,81143.84195499898
8494,77832.58544103666
8495,73887.09961009424
8496,68944.08323358753
8497,65696.0308524195
8498,64088.38095808254
8499,63025.398759560754
8500,62784.63097854664
8501,63765.1845420251
8502,66655.23526788353
8503,72513.51207290133
8504,80789.58872889548
8505,87227.19643545814
8506,87906.9036255794
8507,86891.6331153181
8508,83562.93647202809
8509,85074.33463134573
8510,87944.71128989325
8511,89226.78875409627
8512,86893.20109353031
8513,89531.83267110492
8514,86799.02278957717
8515,86307.51265253888
8516,82394.04510100496
8517,77657.11298980148
8518,74106.77849162687
8519,71700.52243250882
8520,66077.38354289561
8521,63369.05682399342
8522,61668.69019582329
8523,60741.456206973846
8524,60215.53022146322
8525,61790.622841960445
8526,64194.67206415947
8527,71051.98812044213
8528,75254.65022950528
8529,79452.02142491758
8530,79511.0646261013
8531,78553.72081706322
8532,77994.25851902565
8533,78864.5120418157
8534,84147.65536350726
8535,85331.13219511944
8536,87345.57403699614
8537,88656.14766626689
8538,87098.11239707436
8539,87296.2672874294
8540,84405.9061930388
8541,78664.06857436916
8542,76000.9586787037
8543,71430.6581143073
8544,67166.2889806543
8545,63394.12135968977
8546,62156.26519458205
8547,61022.024391650964
8548,60476.796842784526
8549,61414.637672568504
8550,64613.4665363217
8551,70400.3912993912
8552,75586.72189959485
8553,79481.48689564524
8554,80139.53258151168
8555,80085.85390623742
8556,77794.7194575471
8557,81052.13199652966
8558,84757.55197777392
8559,87393.97888613964
8560,87929.77946180635
8561,89095.21001853907
8562,89975.61696786682
8563,88874.75231108048
8564,84252.59084080647
8565,79166.6249803896
8566,75634.06007787748
8567,71964.90052485725
8568,67234.48654582078
8569,63400.22430425609
8570,62524.92765697015
8571,61149.37250910384
8572,61075.16663528517
8573,61709.66895211096
8574,64876.06432142093
8575,69712.91831565564
8576,75798.7276229377
8577,78112.2448895001
8578,79275.57108103401
8579,79602.93581047794
8580,77673.40912915563
8581,80936.50796228953
8582,84169.74659148342
8583,84135.23014660685
8584,86778.72746916335
8585,88535.53307841116
8586,88157.84082864135
8587,85845.73796199853
8588,81350.41822219812
8589,78958.73207921164
8590,74804.35966988505
8591,70496.9225711184
8592,66112.60164463481
8593,63565.8672143767
8594,60200.64331911551
8595,60261.30756836892
8596,58615.383873340485
8597,59678.83219015136
8598,62922.303751605155
8599,65427.286871616554
8600,63736.346236413956
8601,59511.93368882584
8602,65309.93184597574
8603,64182.271472315115
8604,64502.8033491698
8605,69928.90325621735
8606,65459.180071437564
8607,70358.28621567733
8608,72927.79505423471
8609,71765.01577011001
8610,75050.02766147656
8611,75969.79145054735
8612,73490.23872893724
8613,71155.76742131638
8614,68455.45143664419
8615,65178.76098453998
8616,60004.921522380726
8617,59891.171774241295
8618,56552.71968843344
8619,54609.47507333572
8620,54995.06049543849
8621,55598.553119359945
8622,56428.56314480463
8623,55974.614669919814
8624,58143.70891096995
8625,56623.183381817624
8626,57366.182401199
8627,59404.9118794688
8628,58403.01258945025
8629,64028.27681514595
8630,62455.32985999642
8631,64350.05829183913
8632,67556.63672528563
8633,70550.95785432057
8634,74335.48282964696
8635,74142.22510019738
8636,72255.21864955124
8637,69583.55420435939
8638,67561.14924612697
8639,62980.414392000355
8640,59215.120347336844
8641,57559.407078850214
8642,55755.97280393235
8643,55661.30339002514
8644,54736.21639205984
8645,55846.407418482646
8646,56901.94157096475
8647,62280.533627134806
8648,68666.60134989514
8649,84739.21142698104
8650,81111.58425365711
8651,80987.09976459424
8652,81086.85934483302
8653,71648.5044578239
8654,82624.69779643473
8655,87408.47263624812
8656,87152.42055509496
8657,85686.79632511108
8658,81976.22233466386
8659,82161.42634346658
8660,80237.54856851301
8661,74024.57747339067
8662,70687.53313372337
8663,68766.69156478193
8664,64412.83584361151
8665,61516.02495958287
8666,60759.707365408416
8667,59336.79442124255
8668,60105.842200134604
8669,60564.839760791045
8670,63866.893505820146
8671,67713.83165995115
8672,74884.66928323955
8673,78371.55948937639
8674,78471.3258851485
8675,76067.25123574169
8676,75459.18223248584
8677,76193.06371709153
8678,82852.0477257501
8679,81151.41157671726
8680,85933.56993088256
8681,84511.63861201431
8682,86101.10418158828
8683,82681.6691252709
8684,80692.10501062237
8685,75528.51722492909
8686,71702.61677648844
8687,69262.76809525881
8688,64218.13254404102
8689,61778.042961787614
8690,60366.783352858
8691,59110.45202247258
8692,59370.36455090095
8693,60025.002303982335
8694,62812.40141977068
8695,67215.43028936358
8696,71748.54224651077
8697,74867.28080575712
8698,75507.04659629436
8699,74025.85757039905
8700,73354.70746001923
8701,73875.22316585304
8702,79827.09730711656
8703,82051.48011699051
8704,84217.79778980326
8705,85715.39190192953
8706,86331.27981177653
8707,84412.03876960528
8708,81669.93219418623
8709,76665.25281948461
8710,73480.30869721224
8711,70651.13600606027
8712,66096.8303119119
8713,62465.30219438742
8714,61032.12596490633
8715,60992.1285110558
8716,60340.51091639076
8717,60459.98907877128
8718,64024.86832269695
8719,68469.0323473779
8720,73082.60700904444
8721,77615.22346275502
8722,79212.72260693969
8723,77247.71840864926
8724,77502.75703728196
8725,77535.6205754702
8726,84209.02340779465
8727,85987.82369399545
8728,87085.05671327513
8729,88342.61365113662
8730,86199.86301052009
8731,84393.90079104275
8732,82758.15549293891
8733,78032.85909450581
8734,74622.67467791814
8735,70917.22601445069
8736,67203.19590219391
8737,63228.229169847065
8738,62213.31394543504
8739,61178.333205799
8740,60840.42770664907
8741,62354.132204978276
8742,64678.41067563501
8743,68524.60219984093
8744,76119.51956559144
8745,84554.35340541613
8746,84030.99368355816
8747,83256.044889263
8748,80019.86235081576
8749,84917.13539029937
8750,84169.9736563513
8751,84369.55720144222
8752,85583.07815672745
8753,81757.08360966937
8754,79591.34318375644
8755,79463.67907000473
8756,75755.73476002034
8757,73564.84631328474
8758,70394.88499975775
8759,68041.08294594404
8760,63295.74897380349
8761,62073.202057564326
8762,59232.63717245639
8763,58114.364595724626
8764,58398.27438058812
8765,59455.66084736315
8766,62878.372605044504
8767,66441.10207709088
8768,66801.37850215091
8769,64220.23211828496
8770,68077.00348948486
8771,68149.56345745284
8772,67386.9237244088
8773,73865.0854082378
8774,67921.87465910923
8775,70518.60177632033
8776,71126.12341510893
8777,69500.8415650105
8778,72922.92733736693
8779,74704.58901072017
8780,70725.42081504677
8781,68705.71336509353
8782,66600.5838530955
8783,63821.80735181966
8784,60238.44173123402
8785,58331.73852793567
8786,56025.07593857494
8787,53946.61636482949
8788,54809.91226869811
8789,55070.436117940655
8790,57873.816317152276
8791,58609.422560871535
8792,59687.142912866686
8793,56775.54919316045
8794,55506.522702343565
8795,59268.893901469855
8796,56847.48868593104
8797,65877.58756424405
8798,62602.98396039821
8799,63074.14686110456
8800,68218.55531772051
8801,71212.52814702233
8802,75757.16914709339
8803,74604.28891242028
8804,72809.2825097311
8805,70328.51906552786
8806,68786.15931191319
8807,62943.31041527404
8808,58927.35296254094
8809,58057.52088660344
8810,55686.48926841881
8811,56676.3481088718
8812,54700.95317652314
8813,56080.50278128658
8814,58045.99475483848
8815,63269.80139768929
8816,71481.66798202643
8817,82783.02058979994
8818,81161.27903275905
8819,76968.1720277365
8820,80598.66867881212
8821,75826.41061614694
8822,85615.32848867163
8823,87660.51875913536
8824,88493.62167033914
8825,91591.76226370515
8826,90484.55323200015
8827,87868.47226992459
8828,85591.67402418944
8829,80150.2010772917
8830,74736.82152661556
8831,72206.48249303062
8832,68062.06635789326
8833,63669.29796962035
8834,62521.06281527281
8835,61943.272527613866
8836,61428.855740607636
8837,62243.47395736292
8838,65184.89158609387
8839,70435.45995331158
8840,76567.6873669583
8841,79968.01422442644
8842,81407.61862327867
8843,81577.99566161878
8844,79747.05344678649
8845,82783.61037400122
8846,87871.21879004546
8847,88081.6129286533
8848,90505.30704380682
8849,93183.12860354448
8850,93876.39468381801
8851,91092.371522213
8852,87224.58508342883
8853,81936.31599713105
8854,78168.41376027197
8855,73870.15609505134
8856,69376.60606996538
8857,65440.98303801888
8858,63419.13007780893
8859,62317.69604957912
8860,62354.74812951879
8861,63317.31614793803
8862,66222.64657132662
8863,70545.73331741814
8864,77981.38443581435
8865,86447.44432722736
8866,88913.73106347318
8867,88168.63555085228
8868,86708.67370083315
8869,88653.37550914634
8870,92659.75354811428
8871,94658.77315874457
8872,94061.3172487307
8873,93398.80644410572
8874,88849.39912593516
8875,89282.87024756802
8876,86822.94042678429
8877,81355.66667775693
8878,77579.89950557456
8879,73231.82403218266
8880,68240.1613803291
8881,65397.10707717638
8882,64079.784611017894
8883,62595.94511370332
8884,61991.15748468764
8885,63615.43499019185
8886,66745.07107220555
8887,71184.6659518828
8888,80542.75019313845
8889,87972.94537010006
8890,86632.62181700938
8891,85079.52154627387
8892,85496.54284504738
8893,85959.24536341643
8894,87214.82612661523
8895,88562.89674858497
8896,90033.04409487218
8897,88195.3229181801
8898,87757.65637087575
8899,86709.64589117249
8900,84074.4277998584
8901,79546.83238767963
8902,75530.43309749727
8903,72549.5648491552
8904,67259.04628403558
8905,64463.987642186985
8906,62321.75498710311
8907,61594.68828134674
8908,61945.99117167835
8909,62256.97904373638
8910,65639.00314645574
8911,71985.96050018717
8912,78531.17913283133
8913,82382.2092862965
8914,82031.12520359574
8915,82021.26311841098
8916,78386.37269658546
8917,82901.28638454982
8918,84861.21954989115
8919,85674.58909248273
8920,84623.76498095885
8921,82245.4504372118
8922,85582.55079014297
8923,85955.34568447885
8924,82509.12824978685
8925,75733.4408096593
8926,75423.38379514497
8927,70270.28497685342
8928,66851.34766466595
8929,62982.80485905239
8930,61195.75186950696
8931,60072.630022002995
8932,58846.6038284525
8933,60767.285185811816
8934,63493.10695131817
8935,66097.06975704817
8936,65814.37516241537
8937,59635.80117500166
8938,65491.55445032415
8939,67672.8374324911
8940,65301.45662211329
8941,74384.93952922898
8942,64907.21910743977
8943,68987.90467716692
8944,70603.35715810134
8945,72857.6552816511
8946,77524.79509028868
8947,75698.55287967165
8948,72468.61073628589
8949,71759.1614222765
8950,67309.78577300163
8951,66203.44079108404
8952,60114.66884170944
8953,59243.41512232463
8954,55517.99844339267
8955,54420.08046817892
8956,54988.538269339166
8957,54765.13092403631
8958,57462.789972597864
8959,58623.050366917436
8960,58228.06664649891
8961,58777.61413312949
8962,59913.06506917658
8963,61541.34216119915
8964,61665.3521704992
8965,65222.28977476948
8966,64850.676526287076
8967,66737.63805263829
8968,68353.18863784606
8969,72099.38720285051
8970,74206.51613042397
8971,74064.87220644453
8972,70326.87337762945
8973,68569.40277775086
8974,67262.5786980867
8975,60401.55233572906
8976,57876.307452136214
8977,55692.79521642023
8978,53667.94383565748
8979,52724.300840364
8980,51491.14274888048
8981,52338.272925775054
8982,52985.28029957166
8983,54016.06177801665
8984,54248.155453505955
8985,54882.739194601665
8986,55604.97554979189
8987,56712.807786407495
8988,58703.12656717207
8989,60136.93516278625
8990,62033.43289532561
8991,63632.052685007846
8992,67208.97362100624
8993,67067.98961255793
8994,67153.34400368268
8995,68800.02700159667
8996,65916.32070220076
8997,63898.75681924171
8998,61781.2439516985
8999,59295.811844481694
9000,54420.462026243506
9001,52352.33736105845
9002,50668.06584469177
9003,49623.40866469046
9004,49352.69404125393
9005,49623.94740461034
9006,49722.0726243743
9007,52265.557777667826
9008,53456.705033829116
9009,53323.758448028515
9010,51348.52709725422
9011,50558.82365555826
9012,52734.3745739947
9013,56858.28285512506
9014,56377.81652112915
9015,57970.63166801789
9016,62327.40994949687
9017,65424.89109096038
9018,67784.76210905153
9019,67409.29034863076
9020,66865.43379260406
9021,64519.17167472078
9022,62450.847776253875
9023,59604.29923611899
9024,56367.375821669135
9025,53478.87912616734
9026,52147.34523762643
9027,50599.43597194903
9028,50133.0204119827
9029,51336.371519019034
9030,52515.54949840937
9031,51821.5766449824
9032,50406.59735348732
9033,51649.15544460061
9034,58986.53726729128
9035,62455.20346777739
9036,64246.92322931972
9037,63520.55123946147
9038,67360.87468654751
9039,68782.3447174496
9040,70511.60383761204
9041,73259.31224557018
9042,73909.16872370211
9043,74857.06938390055
9044,72565.652222404
9045,69860.53019533923
9046,65419.78517173961
9047,61715.123347720175
9048,57162.10412698422
9049,55592.76157351792
9050,53421.571685056246
9051,52078.8232106669
9052,52370.50400985709
9053,52201.268712890414
9054,54302.370224734266
9055,59160.423839484014
9056,68798.53779959746
9057,83024.87044385445
9058,81193.26571761223
9059,80462.4927574706
9060,81538.73613450959
9061,77051.58903174273
9062,87470.8469144956
9063,89558.30710014593
9064,87345.93823428247
9065,89982.00802317602
9066,88057.1120437832
9067,85966.74229119808
9068,87189.27996967241
9069,77094.52834491726
9070,72806.36896909353
9071,71355.25953865028
9072,66051.44174267327
9073,60236.90793542593
9074,61184.49504786573
9075,59758.03026780986
9076,58458.78941060876
9077,60587.83729280234
9078,62211.84222787411
9079,69569.28752944457
9080,78726.87629431019
9081,84564.62749728106
9082,88233.16713747618
9083,88697.34307926675
9084,86344.11473464647
9085,84577.70625294262
9086,88413.32432722444
9087,87945.827562404
9088,85423.597385077
9089,86863.76022791093
9090,82449.49080230329
9091,82702.88863824679
9092,76012.41442814724
9093,75811.00587140798
9094,69448.34772831417
9095,65958.4713492323
9096,63757.66885202793
9097,60687.5231959348
9098,57833.10105152798
9099,56334.608509506186
9100,57230.68960766765
9101,58061.06513780812
9102,61128.29262254477
9103,64543.513974335314
9104,65448.937036507225
9105,64288.8982551083
9106,68255.25431050769
9107,66798.12735198926
9108,66629.84699061152
9109,71564.39286305284
9110,66745.09973537653
9111,66538.57000681531
9112,67790.26992752033
9113,63942.74319398798
9114,66629.4653668104
9115,66614.68540707245
9116,62197.64185075141
9117,61869.62033054134
9118,60160.47309450892
9119,59760.54123744696
9120,54977.09865118485
9121,53440.30885447806
9122,51969.367340846
9123,51249.49326400151
9124,51046.01915651915
9125,51669.07734599086
9126,52437.31974660542
9127,55525.52764402934
9128,54235.91194428526
9129,52682.28973484691
9130,52702.259982159405
9131,53206.337341126884
9132,52958.64793890478
9133,58949.96672070462
9134,57070.26730439102
9135,57856.16006007872
9136,58037.66378910754
9137,60320.377112559974
9138,64235.637707924885
9139,63858.88779983895
9140,62076.90218564103
9141,60880.83237950283
9142,58746.21830702021
9143,54821.341869979
9144,52665.62378893877
9145,52304.30257918302
9146,49976.22289041244
9147,49905.39342722257
9148,49970.492242753025
9149,50682.92185567216
9150,52972.56967596564
9151,56736.42856748561
9152,62242.94710544597
9153,66563.05585377848
9154,64545.05060863099
9155,63290.80314811399
9156,62647.308929108774
9157,57077.412968765566
9158,67574.06637283115
9159,66108.25521145172
9160,70473.64347579119
9161,75524.53689051939
9162,72403.36909738618
9163,71136.0471964131
9164,69875.50786086151
9165,63129.67790577657
9166,62551.61019955884
9167,62220.64868293525
9168,58231.91416809205
9169,53666.99275753475
9170,55236.28737636402
9171,53619.337393362155
9172,53111.962117693656
9173,55502.92713652344
9174,59066.50107814687
9175,62445.05795893095
9176,64638.58553666808
9177,62143.87848357763
9178,62425.68668163474
9179,61069.402355944556
9180,58123.38850054008
9181,64164.51847610106
9182,65836.06305672467
9183,69605.48794827535
9184,70462.0134557187
9185,73548.49040595103
9186,73513.12111288056
9187,73397.76233283473
9188,68382.94232491868
9189,65939.32824972773
9190,64186.666704576564
9191,60824.5414725627
9192,58650.432814916414
9193,55810.82135827119
9194,54860.174795888146
9195,53826.50262928684
9196,54986.157657633084
9197,54625.31248878788
9198,58157.90419758944
9199,61439.95725161022
9200,63610.670057442614
9201,65783.24614029132
9202,68356.9392412045
9203,67545.59070197499
9204,64876.23240315403
9205,66200.27732359439
9206,71072.8240388616
9207,69627.9785138128
9208,74381.10939252569
9209,76014.1608711119
9210,74867.31060900638
9211,74544.2483993271
9212,71096.95522247766
9213,68340.4512682486
9214,64990.11196063053
9215,63568.82115966227
9216,58706.78506781232
9217,56862.17917838532
9218,55597.276747245756
9219,55154.61139609055
9220,54484.499395208346
9221,56715.1249519428
9222,58226.39062439335
9223,63149.216392356095
9224,67265.11528240329
9225,71542.37477048009
9226,68848.13015631204
9227,68861.72466734385
9228,66382.62693800374
9229,70440.32602431081
9230,73090.27797686518
9231,76219.85397304993
9232,76055.84210952216
9233,78432.466097263
9234,76292.31946184562
9235,75673.84708733464
9236,71918.25330253936
9237,68261.56628974574
9238,66565.17176660459
9239,63700.85796293172
9240,59601.09907285043
9241,57424.00880116515
9242,56626.474692128526
9243,55349.53233058088
9244,55380.537896380585
9245,56062.469097832465
9246,59823.91415186312
9247,62946.20807012147
9248,66614.63502367526
9249,69482.13031181412
9250,69167.33536410698
9251,66160.88168376696
9252,65389.27610085665
9253,68767.8237302708
9254,70261.7069770182
9255,71622.55197682687
9256,75049.00056185572
9257,74370.54688248163
9258,74884.67956697251
9259,72164.12925984421
9260,69188.01021738209
9261,66803.58110609322
9262,64161.48917495117
9263,62329.7888225529
9264,58425.894689116554
9265,56371.44962939814
9266,54559.448870613385
9267,54092.40093860898
9268,53749.20953080267
9269,55368.600353012705
9270,57129.288811947925
9271,58726.65695195868
9272,58196.815805074075
9273,51491.02169009976
9274,54640.073315159134
9275,55023.81825988657
9276,53831.16439295993
9277,61270.05223164157
9278,56619.090977957116
9279,60189.65664580879
9280,63363.40315844266
9281,60965.97741132005
9282,63846.854922512815
9283,64074.235497586116
9284,61340.18057166497
9285,60239.863665238736
9286,58273.8594639349
9287,57114.81838738618
9288,52591.670596654694
9289,52183.78894036279
9290,50218.27008288776
9291,49055.78405761583
9292,49262.132167839874
9293,50464.71260723624
9294,51614.681707124306
9295,51670.254039125546
9296,50668.172651952256
9297,47884.500359761776
9298,48367.52936738645
9299,47791.7049852185
9300,47786.51760269459
9301,54552.98763011855
9302,50916.267900964616
9303,53952.79448324417
9304,56043.44273996126
9305,59248.75092033927
9306,66048.47588949764
9307,63118.25027513403
9308,62202.90238520057
9309,60571.73934991385
9310,59798.2352356902
9311,55777.54778558628
9312,52990.66582676892
9313,52463.46275809349
9314,50006.646637707265
9315,50085.41613836481
9316,50024.391249197906
9317,50368.15211291288
9318,52061.27772504926
9319,55836.39970344704
9320,59277.13474042232
9321,65945.23862511109
9322,64504.43728933172
9323,63988.07393661585
9324,62395.29223579119
9325,57238.23024468026
9326,68736.91581360115
9327,69968.92369082844
9328,73734.39557114523
9329,75923.74637484916
9330,74504.58413867166
9331,72459.88795060573
9332,69455.50649547974
9333,66094.06151168962
9334,64006.15068451848
9335,62820.691863089734
9336,58384.205500503085
9337,56320.078342328845
9338,55382.80574112279
9339,54164.0439673726
9340,53929.152462005615
9341,55431.09922569319
9342,57598.76543178595
9343,58884.846268419395
9344,58806.33159030565
9345,60455.50182512114
9346,62513.01696750394
9347,62715.2636598205
9348,64923.707977098704
9349,68479.72113091114
9350,67301.16438965143
9351,68444.93621170639
9352,69089.71976136173
9353,65988.16621019172
9354,64872.332457284196
9355,67774.48553992467
9356,61929.65366041946
9357,62599.32782565315
9358,59682.32141244767
9359,58686.71230373778
9360,55519.923014027314
9361,53023.68874032633
9362,52884.068880085506
9363,52157.91469623755
9364,52169.28138542465
9365,52190.98690909473
9366,55144.00397217552
9367,57803.86497350746
9368,61946.33364686322
9369,63998.06654432226
9370,61847.51074851051
9371,57028.710177942565
9372,52389.86594937315
9373,52315.546368573945
9374,58480.92372392722
9375,60724.06162128837
9376,62524.26607925184
9377,68378.87228438421
9378,68728.93203228936
9379,67451.08744018263
9380,64126.50718580969
9381,62484.03260586141
9382,61065.356149889376
9383,59513.00410242237
9384,58037.35144948992
9385,54183.038139826196
9386,53478.489612587895
9387,52422.524994997606
9388,53105.22255914679
9389,53965.88053070917
9390,55919.938116534686
9391,56392.85424528538
9392,57653.98789829935
9393,58991.55922738429
9394,58619.9032359222
9395,57345.75681646964
9396,57470.21184967
9397,58415.397433960345
9398,61982.881279932684
9399,65166.75056939142
9400,64312.89297347611
9401,61945.25667404702
9402,63571.36999071404
9403,65356.14178132203
9404,62038.85102217798
9405,62161.67136053121
9406,61420.4284627218
9407,56638.760226357816
9408,55527.05075057507
9409,53314.993720767234
9410,52077.89936335269
9411,51211.80789687792
9412,51853.59111523802
9413,52527.56404839678
9414,53994.978753945215
9415,58630.67635757162
9416,59256.49387637108
9417,56824.50415750086
9418,56144.48894306284
9419,51639.21953270836
9420,49471.04734155274
9421,55065.047836275975
9422,54511.092338700866
9423,57243.16725870195
9424,61902.1379070017
9425,63806.72231245
9426,67536.38828076051
9427,64245.28512496465
9428,63188.965767024696
9429,60584.713995698265
9430,60161.32370869741
9431,58864.37148867084
9432,54760.31930608347
9433,53210.012920961475
9434,51829.575891267115
9435,51305.716147941814
9436,50504.44884698017
9437,51769.07051616365
9438,52838.77380230255
9439,54813.043996909175
9440,52549.33230260043
9441,47232.497424841305
9442,46253.24600152846
9443,45156.68873309021
9444,45187.668981756215
9445,51065.19877957218
9446,49761.75630639323
9447,50952.53207089434
9448,53518.45809135023
9449,56161.42981000995
9450,61243.32676876197
9451,58578.36605317226
9452,58250.89636477485
9453,56270.81972964667
9454,55198.99511528096
9455,55081.34354894978
9456,52240.10571743335
9457,49855.1986107433
9458,48491.7082380779
9459,48219.0493055613
9460,48436.42176756187
9461,49125.15203429207
9462,51390.46828636373
9463,48713.711816771865
9464,48367.46345265527
9465,48477.46056440139
9466,49406.88461104997
9467,50967.389796551426
9468,51951.03267933556
9469,59370.264866356214
9470,53237.996905301196
9471,57224.08654509745
9472,58652.99421993769
9473,56301.33196435133
9474,59806.75597416388
9475,60395.61546213963
9476,58455.21630295431
9477,58829.867103819735
9478,57440.37593719573
9479,52832.73734425563
9480,52152.589137939474
9481,50043.39968397899
9482,49510.890629525944
9483,48403.50086435864
9484,49143.55729496352
9485,49509.16652087569
9486,51531.65301889698
9487,54612.13833436329
9488,62043.860217491936
9489,70729.49042387055
9490,63841.02865937293
9491,63228.35512376146
9492,61481.29909226331
9493,60986.172170519785
9494,70081.94179713665
9495,67580.29254460725
9496,71140.52076509692
9497,71638.77812272352
9498,69269.35003336139
9499,69758.66628530105
9500,67189.63649266148
9501,63794.616780973854
9502,62734.12063696773
9503,60821.81979817513
9504,57786.11942791343
9505,54591.13527938271
9506,54937.7686830601
9507,53193.677800309124
9508,54060.848971866355
9509,54879.48686081026
9510,56698.93006248342
9511,60007.66639315888
9512,64271.287005285805
9513,64511.031003396725
9514,63011.1059308348
9515,60140.49490010564
9516,58928.81967551468
9517,58246.200362398886
9518,64517.37967669984
9519,63272.37242088563
9520,68115.839977967
9521,69876.1010784108
9522,69986.48740599095
9523,68861.81892817064
9524,66659.68328453154
9525,63121.45947870475
9526,62509.94955876612
9527,61382.3172020183
9528,57721.66103644536
9529,54925.65010774674
9530,54429.358119424985
9531,53722.203654058685
9532,53517.75325479131
9533,54805.94387327474
9534,56630.363965141725
9535,59003.83684324599
9536,57579.981948627945
9537,54260.897853668335
9538,51947.097445023464
9539,52638.935625232974
9540,54610.20277539246
9541,55687.73910396776
9542,56909.35912077542
9543,60936.660283258774
9544,61888.01347461469
9545,63492.57719002868
9546,64505.583740396265
9547,66092.78434154473
9548,63123.80879193371
9549,63129.19292083473
9550,61777.384811468764
9551,58880.89821462966
9552,56005.272999371366
9553,54197.38157209404
9554,53030.00125951519
9555,52390.70813026031
9556,52489.18622388995
9557,53615.33047346934
9558,55595.266060151014
9559,58298.31434206211
9560,61848.71729013797
9561,64555.985044907444
9562,61969.32660951614
9563,60512.56721730526
9564,58754.012266278456
9565,57799.993060711895
9566,64758.27122099142
9567,64829.943942290025
9568,68025.07149556048
9569,70570.85154247374
9570,70995.89195504917
9571,70335.25572443093
9572,67697.67246765364
9573,64880.62448099674
9574,63228.40589176814
9575,61660.78966142372
9576,57854.31099911271
9577,55489.742402572934
9578,54902.77550525229
9579,53826.05576296637
9580,53853.405662419515
9581,54860.40176301119
9582,57119.26830831023
9583,60560.12322737934
9584,62020.098605643245
9585,61514.01301572219
9586,60687.11515754944
9587,57409.14587980433
9588,54969.06568611953
9589,58066.735163081175
9590,60770.47378993553
9591,62532.5295784338
9592,66540.52402404585
9593,68712.93522425162
9594,69214.10881983321
9595,66455.60312930557
9596,64880.57239036994
9597,62738.407687560626
9598,61144.732136552266
9599,59513.9578442761
9600,55922.31405432806
9601,53833.388398432944
9602,52496.01151274628
9603,51563.40485854861
9604,51920.482651863684
9605,52764.36560707579
9606,55225.12279091403
9607,55643.52854278218
9608,54407.341558589
9609,49511.23933029828
9610,48947.756267208635
9611,46507.82041288835
9612,46421.14631157551
9613,50132.13827473217
9614,46646.87495329921
9615,51846.804715010265
9616,54551.81450475574
9617,56840.84014424101
9618,60634.95881530149
9619,58573.18543146118
9620,57928.29631758491
9621,57627.52799433606
9622,55461.91896878483
9623,55098.29012213508
9624,50883.879699616686
9625,50522.7041345575
9626,47989.35977081469
9627,48291.046221185476
9628,48246.13694183057
9629,48635.436172056136
9630,51405.177403983515
9631,50837.365980817805
9632,49108.01142508564
9633,42745.696574432055
9634,42586.759263050946
9635,43867.900118183876
9636,47061.25404415102
9637,52133.901254034165
9638,48624.60782903987
9639,56634.8077518824
9640,56850.63584026967
9641,55784.11929218802
9642,60036.12635378648
9643,59663.619339871286
9644,58929.503860312594
9645,57171.87188137123
9646,57624.651882688326
9647,53412.402131096285
9648,51591.8055831635
9649,50571.855359360314
9650,48969.62855904426
9651,49062.2284767236
9652,48747.888015259974
9653,50163.010805505575
9654,51762.67361699675
9655,54565.38527807729
9656,60638.79240731125
9657,69038.60155688906
9658,67553.6844923606
9659,70113.60160293651
9660,64945.372108698924
9661,62228.58834492898
9662,73535.08185601477
9663,71055.74543162357
9664,73404.41304091903
9665,69924.12752501265
9666,71797.08370462897
9667,68750.24935390672
9668,67224.20909504966
9669,63849.56581996494
9670,62952.445222508235
9671,61305.025015809195
9672,57513.45643272431
9673,55408.94869572911
9674,54636.88830307031
9675,54182.923327432836
9676,53724.13912904605
9677,55781.533897693975
9678,57164.15317162718
9679,60420.19638044459
9680,65689.13062969666
9681,69433.95140880426
9682,71557.41443237884
9683,69849.62905406172
9684,65836.02372937796
9685,67960.78567016652
9686,72410.19302730232
9687,70649.08881947173
9688,72324.2120960727
9689,71578.56462502514
9690,70838.71044990142
9691,71394.23965862372
9692,67518.01760142235
9693,65636.44979662952
9694,63134.18345872719
9695,62359.679227356806
9696,58140.4559899375
9697,55586.00446933454
9698,55246.74607533513
9699,53993.80336173159
9700,54388.33190567184
9701,55387.4023757058
9702,57704.1774949489
9703,61328.60761513716
9704,64160.98928622126
9705,67105.38479592538
9706,64370.863966797566
9707,61534.30034514593
9708,59081.357770450595
9709,56921.95799345152
9710,66434.80344035491
9711,65177.160252948284
9712,69572.18139345212
9713,70772.38806296395
9714,71683.05176162731
9715,68814.2035402774
9716,67694.8466884179
9717,64852.5664939135
9718,64269.48963139976
9719,60359.127175710535
9720,58083.80215474367
9721,55448.06770989284
9722,54855.88183859603
9723,53159.954035291186
9724,54172.591151922985
9725,54873.92001932817
9726,57814.24782329964
9727,61081.727615141775
9728,64278.69762948619
9729,67604.86568120396
9730,66314.10555909624
9731,62908.393608499704
9732,58530.61376224939
9733,60533.70816432092
9734,63133.92790312256
9735,65265.190245690086
9736,68492.62615143099
9737,72177.92135652168
9738,71054.83396246682
9739,70099.96119612087
9740,67898.67180490828
9741,65337.68332429245
9742,62815.14603549047
9743,62303.45268946912
9744,58195.74224237122
9745,56561.030467517034
9746,54547.65361331077
9747,55035.83035214295
9748,54512.233941685874
9749,55569.12707173338
9750,57889.554081819006
9751,62330.632495351696
9752,65867.32891978371
9753,66971.11106775986
9754,69213.948219939
9755,67903.22523595278
9756,66891.56209328983
9757,70889.48342334223
9758,72089.76291614163
9759,72096.90681536289
9760,72729.04809498331
9761,70199.16488816665
9762,70084.31106129895
9763,68210.69229338758
9764,67888.42433125486
9765,64194.798676791295
9766,63695.990891549285
9767,61361.709856107336
9768,58970.604843258094
9769,54676.47908467611
9770,54491.372205601954
9771,54301.11432583578
9772,53370.87932477711
9773,54944.65308143353
9774,56692.379861931484
9775,59130.440930944824
9776,58626.82858345183
9777,56448.692569996296
9778,57515.96676576885
9779,57891.85103571776
9780,57677.46402685174
9781,63502.38467065336
9782,57255.6173944496
9783,58554.20898909169
9784,61127.7887103761
9785,58429.07823346655
9786,61059.8688063978
9787,61223.53987611525
9788,58068.10833522405
9789,57691.33699922172
9790,57365.10952669449
9791,55571.3222767484
9792,51822.89487247491
9793,51800.32722674012
9794,49231.52690160882
9795,47559.012117935075
9796,48489.30899296219
9797,49568.75960430016
9798,51396.22147181308
9799,51654.33868010898
9800,52312.52027820558
9801,46553.72139226537
9802,43455.843989022236
9803,46285.79109815262
9804,44467.4688726771
9805,50427.080186958745
9806,48596.5091116464
9807,49197.95951818136
9808,53723.61443600467
9809,56761.75395568358
9810,60708.90873078903
9811,59489.45342251861
9812,58744.93059772312
9813,57656.60278475814
9814,58644.06257140931
9815,53941.55239637924
9816,50811.6723721412
9817,51467.17272172558
9818,49327.16055167919
9819,49061.72091137428
9820,49237.04197604314
9821,50267.131950831004
9822,51719.864013360755
9823,54713.93985302103
9824,59052.42931478359
9825,67332.87236746264
9826,67250.28327322389
9827,62509.59088246319
9828,64617.19550603474
9829,54528.34580342622
9830,66120.76425712631
9831,69650.02618024929
9832,67695.66630433752
9833,70298.02443896065
9834,70775.37741698422
9835,69345.164520775
9836,67367.55436070974
9837,64304.30346822357
9838,62239.53197504197
9839,62270.93305021757
9840,58867.757469504795
9841,55224.173762328974
9842,55240.53732185686
9843,55273.37804172232
9844,54699.78766845445
9845,55937.64185565625
9846,58684.39531976491
9847,61909.40417532341
9848,67149.60434954676
9849,71015.14695087995
9850,71746.82802370368
9851,70255.23319633155
9852,67248.30470609549
9853,69018.07821627597
9854,71753.81484369088
9855,72789.42614446754
9856,72980.92472144178
9857,71254.99254774369
9858,71953.86381092043
9859,69970.34643480575
9860,67498.35025309071
9861,64964.973740227586
9862,63696.13018071793
9863,62457.79039694259
9864,58914.09031329409
9865,56094.64577698299
9866,55280.52746555301
9867,54866.97124523412
9868,54794.18184474687
9869,56042.096353470835
9870,58952.7120759183
9871,61979.221042611636
9872,67150.24279809682
9873,68915.44652800377
9874,66123.57726456162
9875,63975.627132168636
9876,59762.80577599698
9877,56932.144892057346
9878,59523.15549436879
9879,63080.85689103835
9880,65690.4729407873
9881,71108.63361736455
9882,71436.64858891728
9883,67813.2958413307
9884,65861.63753089904
9885,65480.736515073324
9886,63307.047986746984
9887,61781.23216786074
9888,58176.70679462326
9889,55859.414610735425
9890,54762.72819221472
9891,54392.74881103948
9892,54695.868257797374
9893,56156.39771892112
9894,58741.47915144516
9895,62932.205178577904
9896,66174.45739416403
9897,63296.90446439195
9898,58839.021052328535
9899,56484.897435401035
9900,53522.8064357214
9901,54272.342252977905
9902,60145.41246912251
9903,61506.24841354045
9904,65944.94721595524
9905,71094.97693335486
9906,71019.1880181192
9907,68417.55605769776
9908,66156.18303380518
9909,64085.507009733396
9910,62797.43253241762
9911,61836.04359331517
9912,57468.63133424593
9913,55717.565400195905
9914,54919.307664481625
9915,54059.00528151493
9916,54139.27507424693
9917,55933.54829758216
9918,58252.38714655691
9919,61728.1453586345
9920,65242.124375837695
9921,61964.81963041999
9922,57903.570521246525
9923,55828.345130839574
9924,53857.5299768793
9925,59300.930698841854
9926,63353.842658652335
9927,67027.20105109851
9928,69829.10269933683
9929,65269.781481132915
9930,67473.65839197292
9931,66358.35400819236
9932,64410.95784522995
9933,62895.25363861672
9934,62038.36874566571
9935,59903.127751348926
9936,56402.11493663832
9937,54236.98635458581
9938,53011.64048184244
9939,51614.264710912284
9940,52620.37957437151
9941,53633.58076744684
9942,56334.69327304155
9943,58277.07199916988
9944,52797.75533559201
9945,48594.93470899904
9946,49945.27776383754
9947,46634.35544159022
9948,47384.66317689183
9949,52721.998256980136
9950,48418.695489546226
9951,53202.08290523147
9952,53648.43142166923
9953,58164.49059994939
9954,59820.041127856515
9955,58772.26263955386
9956,57993.186557151705
9957,57056.79322057508
9958,56703.426301847525
9959,55019.79401845112
9960,51761.01409585049
9961,50911.93986733266
9962,48165.89357401336
9963,48348.885742606784
9964,48894.4781450721
9965,48953.41181071506
9966,51000.499801744474
9967,50627.36333383753
9968,47613.56577417294
9969,48366.74550783334
9970,49899.022514812656
9971,50198.59626480446
9972,50231.344653276625
9973,57175.86740715793
9974,50715.73927472593
9975,55272.76347258496
9976,57722.474298796595
9977,54524.18353745532
9978,61263.342362004485
9979,59139.60817904881
9980,58527.34447782292
9981,57084.6981996476
9982,57747.46206741728
9983,53366.56126653068
9984,51970.069169514405
9985,50425.4017576197
9986,48989.27857241656
9987,48892.54230535994
9988,48430.033232221715
9989,50054.60805079194
9990,52731.55574510673
9991,55522.569806175285
9992,63661.55886255343
9993,68207.53747270387
9994,65237.152311135054
9995,64173.097578983026
9996,64486.35637304973
9997,54411.78500433906
9998,68855.23899769135
9999,68139.18684003779
10000,70446.9010989101
10001,68474.81659162186
10002,70081.77253208224
10003,67829.36003139285
10004,67079.95663892411
10005,62874.17263777856
10006,61944.85819879186
10007,61526.394867112525
10008,57270.26283250503
10009,54114.82162937634
10010,54353.38114588622
10011,53336.367992451545
10012,53576.762431595125
10013,55193.463791710354
10014,57245.33637548412
10015,61232.27478960597
10016,63665.59000627418
10017,64765.0303226487
10018,64676.62572818631
10019,62919.56929394479
10020,56911.24986864858
10021,59921.54427785869
10022,65589.38687549291
10023,62038.78674964317
10024,66281.06859282043
10025,70775.99299631313
10026,68511.65893200846
10027,68581.02938771341
10028,66443.97560728535
10029,63424.10283350062
10030,62890.79031988876
10031,60814.489179980585
10032,56786.69558776353
10033,54525.582357795305
10034,53784.18483194133
10035,53185.28882165815
10036,53627.11422695381
10037,54650.18586769116
10038,57939.95482743866
10039,60845.62318712267
10040,63972.756080523584
10041,63853.907295264326
10042,60665.866757759824
10043,56455.61527667112
10044,54552.731191762105
10045,54703.62943049607
10046,59392.39377131645
10047,62699.01614148061
10048,66352.29746762362
10049,70298.07356302465
10050,69206.57335702199
10051,67426.35010007606
10052,65574.47321270317
10053,63916.46895567834
10054,62422.90147824543
10055,60669.46250687442
10056,56882.665905736925
10057,54557.11290452594
10058,53325.69892259815
10059,53278.12253756936
10060,53499.65196856735
10061,54847.06137881643
10062,57174.87913992041
10063,60191.174287487214
10064,63198.16460732143
10065,65094.369278008046
10066,60487.23435109286
10067,58089.673635703126
10068,54794.44858805757
10069,56212.316907275155
10070,60589.36582882789
10071,63965.647320775075
10072,66748.04229354978
10073,69358.88728931018
10074,69206.99551287988
10075,67706.61433935727
10076,66000.02693001341
10077,63227.56530602734
10078,62766.74578574928
10079,60080.05434390833
