,0
0,62953.03298057274
1,60433.56769987042
2,58843.60990315043
3,57795.11843043947
4,57613.4282250564
5,58610.31955632421
6,61410.08701599874
7,65359.42221750547
8,69931.10615611948
9,72955.68039005487
10,73967.20430495984
11,73450.07718331793
12,72120.04794370156
13,75680.19387126618
14,78027.38266742468
15,79740.87883741135
16,82257.58655663165
17,83143.6534713425
18,83265.21937323114
19,82892.3319465477
20,79338.88902244673
21,75058.94190140591
22,72219.87411190126
23,68457.88938094856
24,54339.03430479021
25,52637.38946213939
26,51709.82302687381
27,51131.42334387521
28,51463.63111484605
29,52782.78505174587
30,55706.37736210179
31,59491.71416043992
32,63407.88461490957
33,64329.7214345212
34,63607.31055490646
35,61084.79914208368
36,57606.20011828099
37,60198.01407413044
38,62011.22064404501
39,63577.91585024436
40,66040.77733676505
41,67366.34648638118
42,68708.73179488535
43,69130.38351890915
44,66465.66388967402
45,63461.58004918005
46,61772.10499407482
47,59303.934412404735
48,52528.502741817916
49,50767.288814141626
50,49655.88093172477
51,48950.79432334975
52,49047.89063042624
53,49929.551914396456
54,51363.208254273064
55,52456.61405768372
56,53510.94846190689
57,53551.77109667494
58,53472.80107395163
59,52116.52218518963
60,50387.15248339321
61,51858.956738042005
62,51931.606431564236
63,52175.49126062393
64,53486.01706005716
65,55240.275777096096
66,57230.016593264925
67,58483.39203339256
68,57393.14540160692
69,55880.82875505744
70,55110.802224040366
71,53721.00280656091
72,50716.14692898025
73,48855.588861613694
74,47989.760300326765
75,47660.80895311425
76,47858.012516336945
77,48558.57067485451
78,48944.26401723724
79,47824.33626808274
80,45579.011557694765
81,43888.34036331247
82,42946.560207621515
83,42113.674208362485
84,41988.813468106564
85,42711.774518311344
86,43252.70163201013
87,44521.758547232814
88,46877.79257207272
89,49795.28296061125
90,52272.543942305565
91,53817.61700003428
92,53676.85980455752
93,52857.37682110453
94,52310.75889139097
95,51252.04808714755
96,56980.385588267425
97,55236.73317245899
98,54342.51236939062
99,53926.83444422629
100,54184.37126563617
101,55087.81253227112
102,56648.3523611322
103,57967.28000633444
104,58846.213258830685
105,58896.052365297684
106,58707.00162794715
107,57895.72448759846
108,56867.43396354541
109,58306.849222871766
110,59016.49597288941
111,59779.68529526324
112,61211.92648950897
113,62444.444897447436
114,63584.93197714136
115,64147.99507239211
116,63028.02158171543
117,61623.6809530396
118,60810.30709118563
119,59461.55155234305
120,58075.16630593533
121,56545.544448888955
122,55739.40156118411
123,55324.02770469063
124,55502.60813981788
125,56307.820880567335
126,57752.3503976121
127,59040.28306855597
128,60012.54509564518
129,60080.97472859886
130,59759.50511649771
131,58798.012436502264
132,57595.261413810455
133,59007.788504332864
134,59738.71998465892
135,60497.578443002145
136,61920.575714941486
137,63030.85791814302
138,64075.171718847654
139,64575.54925303039
140,63494.07219232392
141,62143.17975922497
142,61347.25255835317
143,60087.48985214145
144,55090.77280794184
145,53580.94123607578
146,52674.31184145971
147,52163.67617473313
148,52229.196717563405
149,52800.13252209649
150,53614.60783176859
151,53933.8529415064
152,53754.33402052807
153,52996.258476451585
154,52360.341607015296
155,51484.59832327293
156,50500.47469624085
157,51413.89200467868
158,52317.516062498085
159,53079.1375512475
160,54538.12854502771
161,55981.05852011811
162,57403.30245499358
163,58218.000371207345
164,57728.28506181095
165,56976.46626030288
166,56390.518960740475
167,55614.25135713561
168,57317.93907206788
169,55794.170334459544
170,55073.66724315983
171,54837.84594796287
172,55334.03137891553
173,56500.82000949813
174,58149.480233085436
175,59195.366274290456
176,59506.41634777722
177,58575.0032505198
178,57632.40098641275
179,56013.660748848466
180,54336.32575978758
181,55712.19399989659
182,56509.42846624882
183,57428.03887863007
184,59314.079336823284
185,61268.88071163808
186,63429.24580196334
187,64696.39706502972
188,63837.85491303344
189,62630.35179619625
190,61911.57778890547
191,60737.441257260216
192,55249.14173867037
193,53135.92910951993
194,52079.49099047621
195,51644.06949085563
196,52192.36095690214
197,53637.9105473438
198,55862.784052697636
199,57551.823999612614
200,58262.58232014955
201,57124.845644975845
202,55663.80302503286
203,53465.78728052896
204,51306.71373668958
205,53548.87837530126
206,55001.55127634327
207,56427.73039874278
208,58974.73001056171
209,61124.14918618111
210,63528.63723189938
211,64932.32051182488
212,63679.08040676017
213,61984.154528460786
214,60932.916972019186
215,59372.39470467017
216,51746.516821550256
217,49875.048253232526
218,48953.0309892521
219,48609.2533097354
220,49099.450380324815
221,50286.371938097014
222,52074.69939556786
223,53067.05866831269
224,52908.28423303601
225,51647.54288384231
226,50314.52209414924
227,48608.35236591287
228,46962.16108371281
229,48845.34819263285
230,50276.19848859146
231,51888.655652848276
232,54445.04534358099
233,56719.791703547875
234,59009.037427137606
235,60334.14650206571
236,59319.56763167531
237,57838.40325969661
238,56967.480465052955
239,55528.854594931945
240,50528.895116381966
241,48679.86663841501
242,47592.80465593264
243,46881.18363001656
244,46791.790435952404
245,47211.78173248204
246,47739.93192562374
247,47230.13352672649
248,45896.96695869127
249,44716.667690511254
250,43860.30368867298
251,43134.80085528524
252,42464.573993461905
253,43880.02046934105
254,45089.93214803701
255,46657.299352133276
256,48489.641018859584
257,50379.468521566596
258,52212.187348002546
259,53370.72522300786
260,52884.916926176644
261,51975.05815863206
262,51289.209667063034
263,50257.64268627968
264,56624.4369210519
265,54921.804623137104
266,54180.137137544305
267,54019.74327485476
268,54574.884553951946
269,55718.956411776075
270,57295.09923993053
271,58452.21786572951
272,58948.587829823795
273,58438.174830686556
274,57653.53740687521
275,56456.12392988283
276,55161.60423215107
277,56529.65719583221
278,57555.93281877799
279,58611.145107970624
280,60200.1841350041
281,61555.17982114613
282,62985.11742115079
283,63784.02488561263
284,63033.33510834944
285,62021.36670610283
286,61362.71706771804
287,60403.965914130196
288,57580.60997857214
289,56090.38704432711
290,55330.52867846935
291,54897.388922679136
292,55134.789366025856
293,55996.41985450743
294,57684.22891223278
295,60181.84952644561
296,62311.00378033025
297,62578.79625910572
298,61583.79685468643
299,59295.39529642655
300,56516.76646486326
301,57304.09611889694
302,57759.86215369775
303,58603.843054761164
304,60444.73494882227
305,61939.323836420015
306,63205.06583686014
307,63641.94203751366
308,62716.230827641775
309,61545.02551816625
310,60889.16483654489
311,59779.75612539028
312,56664.73503397136
313,54902.8363718001
314,53878.4091055349
315,53412.75023606868
316,53945.02487013369
317,54825.411347594236
318,56544.24134741291
319,58375.493000303206
320,59334.880228230635
321,58393.87035136757
322,56818.87894901389
323,54677.20389093306
324,52895.058916656315
325,55393.53001039346
326,57048.28342139071
327,59095.405661800774
328,60742.81161717998
329,61733.69786932337
330,63089.18239633991
331,63765.038681878716
332,62577.627365248365
333,61457.2632064043
334,60585.866410204435
335,59087.3545430899
336,55788.82587545196
337,53640.59340412553
338,52587.438973128075
339,52044.367706852245
340,52507.89862680241
341,53780.40799273544
342,55940.9513228834
343,57810.299917993994
344,58642.439541283966
345,57823.53965544533
346,56316.99174640269
347,54100.487187009
348,51765.81166175422
349,54356.47891079973
350,56106.89734333836
351,58245.97677478701
352,60906.10156495497
353,63051.57772989084
354,65197.789712254904
355,66305.8660087044
356,64771.421203066246
357,62908.10604909589
358,61827.28537204818
359,59862.718978238205
360,55861.02922892979
361,54125.07762899738
362,53158.08343469791
363,52652.28056075499
364,52985.8551110582
365,54122.05882741806
366,56205.61909610874
367,57825.09474698853
368,58747.878773385026
369,57926.77297786896
370,56360.30927621348
371,54103.95070928398
372,51790.699200873045
373,54650.50022239595
374,56726.228211370704
375,58944.23292722986
376,61507.25577250874
377,63013.77327004651
378,64619.24853248885
379,65439.15065446553
380,63865.13862161719
381,62080.15964656948
382,61213.44514442783
383,59456.46226218784
384,53635.02658211791
385,52244.4486631003
386,51534.08964797573
387,51094.89465214244
388,51237.90388855757
389,51547.9241669124
390,52279.068184067124
391,53311.81852154026
392,55099.33126935565
393,56883.65542079669
394,57498.68142505411
395,57468.72127144007
396,56681.48583683477
397,56447.91855618112
398,56430.99937534756
399,55876.65649213318
400,55391.53017888761
401,55310.076292720245
402,55801.874285576625
403,56241.40196921543
404,55964.99793181567
405,55094.77177332557
406,55110.99846240918
407,54497.59355807307
408,51060.784765216195
409,49228.43684983372
410,48288.00718499257
411,47996.027964517394
412,48225.0412887952
413,48843.195585099274
414,49628.10581669888
415,50245.48440821036
416,50782.72687576758
417,51135.47454036668
418,51239.89135145736
419,51179.933946627854
420,51440.442160245155
421,52157.28549588428
422,52438.69933814979
423,52631.12270167023
424,53064.955939428306
425,53917.438190350964
426,54974.975169448546
427,55574.09182471916
428,55094.91101279082
429,54082.6314535656
430,53150.74728543617
431,51996.31158762478
432,57100.824815634085
433,55780.99279123111
434,55238.40985298119
435,55200.290343279325
436,55765.509233473545
437,56703.33705091953
438,58083.03318416803
439,59416.72929912085
440,60319.16039388302
441,60084.990118279435
442,59226.67449236401
443,57824.96697494392
444,56342.73828254457
445,57506.33256307144
446,58317.28741425655
447,59257.33298295619
448,60467.24033487987
449,61326.81442047891
450,62232.11849785481
451,62644.98962409685
452,61914.43272284932
453,61008.47486634486
454,60486.01291449122
455,59542.122270141655
456,57309.13272789663
457,55843.6870738365
458,55101.557695507334
459,54841.14258090696
460,55226.83748199095
461,56108.93318651021
462,57684.81495765405
463,59137.59313864165
464,60218.023400498896
465,60122.60234557989
466,59342.9700746023
467,58072.47350097857
468,56778.26636556171
469,58879.29805405203
470,60367.72865710247
471,61628.14786518232
472,62849.765559035266
473,63568.50087268773
474,64521.20938935598
475,64978.94137342035
476,63906.89956304171
477,62583.11877779342
478,61837.47366385665
479,60519.93167914081
480,56693.24841811443
481,54572.171981514904
482,53429.5008362354
483,53085.3631263758
484,53439.59342148681
485,54598.17943684634
486,57143.60469369615
487,59734.2765330842
488,61872.31962199081
489,62369.74429618203
490,61171.06048239164
491,59242.08370319551
492,57262.19108153364
493,59891.402561960465
494,61528.80981958424
495,62481.7266181521
496,63778.42524236042
497,64452.9589827856
498,65627.32774675646
499,66334.37483492332
500,64983.25124586584
501,63268.6762574429
502,62306.56589494895
503,60642.20665039337
504,55185.7659623445
505,52384.52231439645
506,50767.0758030762
507,50086.363057829076
508,50374.12428443684
509,51681.21023989176
510,54551.65618533516
511,57479.614839956346
512,60077.357282379584
513,60589.54271096257
514,59202.52915823108
515,56646.88352446233
516,53980.131322255664
517,57194.96953840335
518,59418.858739695286
519,61053.32059707543
520,63138.34359311576
521,64525.36888067769
522,66342.7685014576
523,67362.16242727643
524,65565.67147683458
525,63189.273752306486
526,61903.99276609669
527,59589.4381485619
528,55218.2227287274
529,52709.3674558226
530,51217.072683919636
531,50691.08270625844
532,50966.913804755044
533,52251.708185645024
534,55178.6828466318
535,58186.46279537693
536,60699.22806992747
537,61000.218194245266
538,59276.628192664655
539,56215.37451989342
540,53222.386457508874
541,56691.38532696144
542,59043.44753134766
543,60527.391766675784
544,62872.30525522718
545,64237.37206949651
546,66064.155333387
547,67334.54067792659
548,65652.39994300046
549,63242.0416085355
550,62045.2191227004
551,59672.9300388701
552,51453.102511177014
553,49668.130461645684
554,48431.055657583354
555,47687.17642916691
556,47442.84630149265
557,47826.40915812081
558,48543.78215189235
559,48232.57944994024
560,47491.01494475006
561,46362.11014777772
562,45169.7409485445
563,43564.34343374363
564,42006.15047891442
565,43818.865043330974
566,45390.16506153398
567,46927.533982100096
568,49196.369810950135
569,51118.334695967154
570,53070.19975928729
571,54395.17547681105
572,53824.14341330524
573,52509.088382017624
574,51901.49422732309
575,50586.90139738458
576,50428.944394829276
577,48625.34641623979
578,47546.099775500086
579,47000.55659464949
580,47008.46581549258
581,47302.829857062046
582,47239.06477587151
583,45954.94008359563
584,44456.43065101634
585,43054.88178920926
586,42245.448918807604
587,41608.82145277604
588,41380.41150224371
589,42608.984971747974
590,43936.04649407725
591,45796.87881039545
592,48567.24279986362
593,51206.1621655857
594,53366.34781698719
595,54910.50297394283
596,54680.91645100489
597,53526.19527448967
598,52559.29319619105
599,51307.151124338656
600,56739.933237259946
601,55173.553887511676
602,54434.45932988712
603,54355.1629403396
604,54793.679353518
605,55764.61512732731
606,57365.20126374808
607,58621.854664430364
608,59460.52881480082
609,59420.532483937524
610,58694.54384311659
611,57478.43371388225
612,56244.209839623225
613,58011.99764974941
614,59244.60318702146
615,60161.28836098567
616,61369.601883688294
617,62183.03619769737
618,63060.55533145599
619,63633.68432093238
620,62894.28743693353
621,61813.695461822565
622,61225.94213602234
623,60176.02062848683
624,57127.7452007086
625,55595.1296087829
626,54779.0011745133
627,54567.12518754069
628,54802.361807360474
629,55542.32313165086
630,56907.78872507255
631,58000.4939537578
632,58799.66327860509
633,58656.942199698526
634,57837.58704378689
635,56487.365504775684
636,55080.99474722769
637,56623.674453077714
638,57717.61979108321
639,58631.26151690188
640,60067.83395514581
641,61117.217939514965
642,62245.934687246765
643,62995.451878384665
644,62341.319866044
645,61244.267706881255
646,60636.823692978905
647,59525.739215952824
648,53521.95068337025
649,51691.304953124476
650,50548.321734385514
651,49983.226123970686
652,49918.10928394545
653,50352.287457999
654,51234.72181733732
655,51899.83841886531
656,52363.543657950555
657,52138.943820124274
658,51617.77712357818
659,50665.396130138106
660,49704.55242074168
661,51059.34141421316
662,52113.48390855122
663,53088.062314625844
664,54419.51920422694
665,55455.851022085204
666,56471.69088726116
667,57105.33600246058
668,56591.870893933
669,55648.81250173379
670,55122.37326524267
671,54168.17288516533
672,55980.38188979429
673,53906.94507877501
674,52767.567682145454
675,52264.154456094286
676,52420.36208759037
677,53245.649392382205
678,54701.60425913508
679,55817.888581179766
680,56515.19160841201
681,55958.080985992754
682,54991.11730169371
683,53446.50698093725
684,51943.06932712825
685,54080.97280861379
686,55731.7254374719
687,57304.69297809756
688,59466.20962473707
689,61135.687705343014
690,62974.816222725065
691,64135.35106882077
692,63276.298365719376
693,61592.26248044048
694,60635.010818061215
695,58976.76131201084
696,55381.77397139519
697,53242.16637606253
698,52238.16696855206
699,51863.11424084706
700,52311.75036117424
701,53585.46189535857
702,55711.10457798764
703,57242.68764331418
704,58245.27713050667
705,57580.960027452886
706,56339.47664476176
707,54274.09605992882
708,52186.45844831012
709,55109.57373837409
710,57337.45515496436
711,59669.261098471674
712,62804.0671719774
713,65231.98407735989
714,67793.02780671009
715,69248.02219338808
716,67980.83584685755
717,65556.4238421504
718,64105.256687209716
719,61733.35330636956
720,51336.63500493436
721,49542.65482253828
722,48520.73964413999
723,47916.857734086065
724,47905.7477061435
725,48396.2486890379
726,49299.89384552922
727,49372.446767841946
728,49198.81448195105
729,48539.35749246713
730,47866.61268888723
731,46518.116154175106
732,45259.88109381346
733,47316.93634053779
734,48867.15998522112
735,50554.05642662865
736,52852.65954468156
737,54558.29932237212
738,56179.05954662731
739,57178.65840442984
740,56571.09978111479
741,55159.59380565065
742,54278.48660299165
743,52755.97148498083
744,50894.69313908887
745,49443.60141292805
746,48604.24739299622
747,48215.6989538454
748,48234.96671088375
749,48507.99811269169
750,49173.877902610904
751,49382.70495201191
752,49637.5897394123
753,49688.50503106435
754,49870.0155933904
755,49537.928423629935
756,49121.33623815911
757,49999.301314235265
758,50515.995842413475
759,51231.031328438236
760,52276.19194288392
761,53387.43788001725
762,54356.564022309496
763,54963.17003031333
764,54732.413114703864
765,53862.29575415617
766,53176.52306817249
767,52131.51158646392
768,52711.656390233795
769,51308.36085932732
770,50570.828220425945
771,50206.64882021435
772,50294.74297838805
773,50724.682114737494
774,51576.21701130018
775,52265.73212518176
776,52833.87799931356
777,52756.26634056233
778,52395.48831408636
779,51546.01313718859
780,50671.89988572313
781,51823.511685144345
782,52684.229655654926
783,53585.843916545775
784,54636.45283839173
785,55398.093537085406
786,56231.716149969914
787,56714.53739227031
788,56320.46774591276
789,55477.61562198116
790,54952.61310371951
791,54044.312350206914
792,57101.94318610846
793,55238.120185496286
794,54414.97920623266
795,54071.020243148334
796,54598.45095158668
797,56039.62906872098
798,59670.602406955026
799,64743.39512393444
800,69925.81241679245
801,71717.21797436572
802,71988.88849379349
803,71132.0419582528
804,69226.77073918121
805,71991.28076780676
806,72330.22201514419
807,72538.11340443643
808,73092.65806670423
809,72297.64391361977
810,72152.44428004148
811,71412.48088270891
812,69736.5669783636
813,67899.52570130424
814,66987.2000886071
815,65173.34619276188
816,56969.969020156255
817,55050.010494479386
818,53904.12771383675
819,53397.980972183024
820,53629.88088450437
821,54363.495729632945
822,55956.258730416725
823,57202.037198191916
824,57818.67891404839
825,57410.552776989774
826,56614.16738911139
827,54759.112764677026
828,52443.57369864983
829,54753.94338797587
830,56286.70983778383
831,57394.82550483236
832,59094.31393001885
833,60431.29422295586
834,61941.31804859936
835,62953.03886436089
836,62686.53597866703
837,61458.31900255529
838,60645.90948789508
839,59122.216101451624
840,56529.55165760802
841,54648.80440527992
842,53596.56558807245
843,53015.45710071293
844,53104.38870654725
845,53897.10995395644
846,55394.17785077402
847,56351.17271144438
848,57167.34713804195
849,56904.89862017226
850,56074.80912918438
851,54052.73424921321
852,51901.597964439716
853,54465.55032964348
854,56495.181200693725
855,58440.977963189755
856,60820.52119487259
857,62793.41248528524
858,64542.96584553669
859,65185.50014142242
860,64064.655893671144
861,62346.56756565378
862,61397.50150757227
863,59769.83832281398
864,56321.98276649897
865,54606.31304886078
866,53583.04010513932
867,53120.45519870314
868,53274.637130059855
869,54181.15752721705
870,55758.13349393757
871,56829.755443456
872,57670.60557502527
873,57138.44627031459
874,56156.33997378236
875,54023.43133287829
876,51776.05400106593
877,54665.740838836624
878,56512.31882446483
879,58468.08459495808
880,61763.86327084815
881,63272.510473403236
882,64759.54594654032
883,65390.380444702794
884,64616.564656064926
885,62890.131471858695
886,62002.45977334934
887,60321.42799514061
888,52747.1635578983
889,50942.3445948914
890,49983.25663223151
891,49362.69491723939
892,49289.84793836574
893,49428.58728673956
894,49379.20183434602
895,48447.57514703818
896,47937.46815400377
897,48375.02702688716
898,48566.660047819765
899,48227.518850484674
900,47831.417420228434
901,50745.18422617244
902,52361.80993960508
903,53319.16307969382
904,54256.43287827233
905,54889.13113910987
906,55585.14698547319
907,56296.814811354154
908,55870.105202130464
909,54633.71816014098
910,53966.22901558312
911,52669.79005295972
912,49605.32970261425
913,47777.42874304294
914,46645.02633239035
915,45848.33741446659
916,45750.30068167968
917,45762.73876892006
918,45818.611837261175
919,44705.779519829965
920,42957.18915647381
921,41702.075636399284
922,40987.607155250196
923,40641.31383218863
924,40573.46351150925
925,41507.263246863506
926,42482.38809192062
927,44339.932566644085
928,46601.49347361099
929,49092.29206944495
930,51051.123482676936
931,52553.25614616597
932,52665.303291469325
933,51672.98313957315
934,50694.34380532817
935,49316.406668582735
936,56046.94032862124
937,54178.23869521798
938,53016.662480230916
939,52349.47069967884
940,52286.703003068455
941,52742.64707167482
942,53832.593476810536
943,54707.3331507082
944,55398.7647329185
945,55330.7856419957
946,54908.949097569064
947,53894.20363228027
948,52671.90687995699
949,54511.978534599
950,55654.842121464215
951,56757.43493447722
952,58243.95814974107
953,59264.53886988453
954,60275.26431302831
955,60770.00776361161
956,60251.366149049965
957,59121.43321829247
958,58421.04460257022
959,57201.04706802704
960,56989.94128463009
961,55327.74855383747
962,54399.79496573854
963,53951.4290125172
964,54104.922271767704
965,54767.95374146346
966,55879.254248550424
967,56393.8162420393
968,56632.341647593734
969,56257.382261086044
970,55572.62630804478
971,54240.73333287872
972,52742.86928574524
973,54979.14888942668
974,56537.67259583206
975,58077.64257837861
976,60165.34254396345
977,61772.12387748236
978,63262.74378090582
979,64050.991408604335
980,63514.01012998411
981,62185.75556379557
982,61306.536090167094
983,59843.790237602014
984,53770.417153186034
985,52261.946856870374
986,51414.90960199756
987,50978.165546281976
988,51089.82465917267
989,51666.788132603346
990,52551.219757447456
991,52714.888436061025
992,52746.49349686736
993,52340.13666284607
994,51734.74830509991
995,50605.9214561895
996,49345.920293282135
997,51684.28144994429
998,53391.00992185654
999,55105.913770279025
1000,57214.675654798535
1001,58736.815312509054
1002,60142.547556852696
1003,60876.60214743413
1004,60322.98598697334
1005,58983.840180426836
1006,58021.733541730086
1007,56559.62775672693
1008,55536.317758942656
1009,53530.91886705018
1010,52374.93390450593
1011,51743.98438233618
1012,51838.7617786753
1013,52545.98205181531
1014,53742.184751915316
1015,54038.408939098015
1016,54191.04566199734
1017,53693.51202187382
1018,52841.912137892454
1019,51351.059272418795
1020,49733.50098078786
1021,52740.00604980421
1022,54918.24390546743
1023,57178.76401190739
1024,60025.091729999534
1025,62042.74779040221
1026,63958.093159258475
1027,64940.11742345557
1028,64248.51611354207
1029,62460.076051848715
1030,61143.80989522952
1031,59216.753604583566
1032,54762.72606576126
1033,52667.59709699364
1034,51509.937139556416
1035,50849.38879197032
1036,50998.28564445774
1037,51805.82363861023
1038,53191.93291247526
1039,53758.05468332607
1040,54135.07468207495
1041,53540.66876274609
1042,52447.52551334852
1043,50683.13874119951
1044,48773.83816037443
1045,52223.22848870559
1046,54686.18208887163
1047,57236.62229904416
1048,60424.13956825869
1049,62735.41682987745
1050,65009.99985204128
1051,66135.3179717753
1052,65258.847996916775
1053,63140.42138945563
1054,61620.10969581132
1055,59361.100751812795
1056,51017.79960804314
1057,49106.056766350936
1058,48073.12302787672
1059,47541.4164027019
1060,47709.307284215065
1061,48385.681838592114
1062,49507.44051132914
1063,49875.98992984758
1064,49958.69777363855
1065,49317.5585271491
1066,48446.166042576464
1067,47044.5831165165
1068,45506.75340218854
1069,47942.63681314546
1070,49814.68479407685
1071,51917.0913587684
1072,54649.07111976552
1073,56795.46749069952
1074,58819.49859181623
1075,59803.50978551711
1076,59255.50378651643
1077,57648.1315124013
1078,56480.946351458944
1079,54672.87750813317
1080,50777.15352921853
1081,48971.188205814426
1082,47899.95641186013
1083,47497.961751734336
1084,47584.83497312935
1085,47886.355777420235
1086,47972.216869240554
1087,46326.584349008415
1088,44350.62130475184
1089,43290.233216587236
1090,43180.94551091005
1091,42776.90621234698
1092,42736.813203662234
1093,43459.97310251186
1094,44431.671415384204
1095,46397.10775320289
1096,49408.03297890546
1097,52675.31462988709
1098,55114.78952730215
1099,56643.03924696824
1100,56791.88042162716
1101,55499.41706820855
1102,54181.13313927374
1103,52545.49287294575
1104,57380.15213006632
1105,55779.3159592799
1106,55071.640606880545
1107,54873.43091990182
1108,55206.281962744506
1109,55866.30861151375
1110,56736.31984768676
1111,57113.60048979913
1112,57348.793001743645
1113,57083.595678966834
1114,56611.977307320296
1115,55734.89647664338
1116,54705.314645882994
1117,56211.77311961539
1118,57289.972575166714
1119,58413.687565160704
1120,59835.81810362385
1121,60808.748855398306
1122,61751.38659340386
1123,62191.06645883235
1124,61862.72498299013
1125,61034.083623608465
1126,60382.31513001624
1127,59421.55869983773
1128,57435.56878124454
1129,55898.47958507857
1130,55268.05476078998
1131,55140.8964317883
1132,55558.57485526958
1133,56314.89409327961
1134,57454.577674728986
1135,58046.24945584554
1136,58436.943270019416
1137,58080.81136332279
1138,57465.13654092939
1139,56246.64810155144
1140,54934.48071532301
1141,56853.20369197184
1142,58294.84776147818
1143,59926.07075581548
1144,62050.51963911901
1145,63559.07143914316
1146,64983.694984944654
1147,65654.42340085743
1148,65183.653315167954
1149,63812.80122632582
1150,62802.72600856389
1151,61316.30808843719
1152,57354.85335486557
1153,55533.96615758345
1154,54659.41311718281
1155,54537.37828307043
1156,54532.33388698823
1157,55134.39845020599
1158,56742.16581382359
1159,59039.45777717196
1160,60942.37120960798
1161,60933.579586014166
1162,60086.35322842989
1163,58496.440457749006
1164,56854.67881989875
1165,59818.05853264599
1166,61594.47587577982
1167,63135.910146141454
1168,64891.73127518597
1169,65596.3855941731
1170,66469.15441570735
1171,66742.93094958077
1172,65725.9546363673
1173,63907.537219384016
1174,62536.36708868236
1175,60571.17895612625
1176,57869.41273343285
1177,56323.79983380151
1178,55388.80833368165
1179,55008.40233400928
1180,55046.68654003667
1181,55709.07470267263
1182,57444.80197951338
1183,59523.577902376644
1184,61699.973772454505
1185,61830.5337277115
1186,61334.058690974736
1187,59745.20777680285
1188,57813.12684838452
1189,60750.7501593757
1190,62556.784567880524
1191,64207.08535869677
1192,66520.30727789932
1193,67866.53180819385
1194,69002.90620954588
1195,69133.92211900638
1196,67737.36649785949
1197,65531.1215194423
1198,63910.51329425322
1199,61841.248768028396
1200,56239.416724223636
1201,54328.392905400375
1202,53209.36326935159
1203,52641.413931809155
1204,52602.455005117255
1205,53214.119364030674
1206,55177.39601863509
1207,57649.105354876825
1208,60109.63295158945
1209,60366.60854286879
1210,59723.29862770802
1211,58021.08749953427
1212,56055.13966655048
1213,59163.57699544116
1214,61023.703957271704
1215,62714.68689885393
1216,64878.35933940042
1217,65475.7105248198
1218,66183.05828996234
1219,66381.29278804433
1220,65083.80367279614
1221,62830.32391036167
1222,61256.81084638538
1223,59057.625665766755
1224,52419.41288097874
1225,50673.5767258814
1226,49512.63834400393
1227,48713.790791497115
1228,48507.13000605651
1229,48571.76907018395
1230,49382.730672450096
1231,50172.722136346965
1232,50832.57292516225
1233,50771.32635513193
1234,50261.311570155616
1235,49316.51058079023
1236,48198.070392108784
1237,49921.91646077172
1238,50876.5113552412
1239,51852.67114926304
1240,53175.46153969205
1241,54214.28061780142
1242,55479.50834973637
1243,56506.90256907695
1244,56216.05986840469
1245,54885.19950223088
1246,53951.89042343378
1247,52383.27437011163
1248,51199.560257636775
1249,49506.70871419448
1250,48350.88917990135
1251,47776.257698103735
1252,47639.049849147625
1253,47595.66624979032
1254,47313.383236898
1255,46266.179171059805
1256,45334.82282339073
1257,45498.27191278688
1258,46116.21099230653
1259,46861.3023509642
1260,48664.91442640276
1261,50656.44431379262
1262,52151.20972829691
1263,53463.30123447574
1264,54555.046762832004
1265,55917.92841460918
1266,56867.73841497451
1267,57410.67753925428
1268,57223.81203305727
1269,55830.76023021275
1270,54589.61212804401
1271,52991.119159918926
1272,57060.219204721856
1273,55669.665862111215
1274,54979.98704008067
1275,54815.47142625949
1276,54964.8854292363
1277,55393.4230522739
1278,56343.95513933541
1279,57415.41751838076
1280,58448.828471578265
1281,58520.46554801473
1282,58163.20951331234
1283,57295.464461432515
1284,56362.217365231474
1285,58015.647046077844
1286,59007.02521116218
1287,59917.84935008715
1288,61048.927491939
1289,61653.45387870118
1290,62239.99800103792
1291,62442.34519863071
1292,61863.31218085952
1293,60726.9891044703
1294,59881.17329148865
1295,58710.0326601852
1296,56722.96320923185
1297,54925.45281593128
1298,53897.40321274769
1299,53517.57260271171
1300,53599.429383716626
1301,54080.6092877156
1302,55256.34270180815
1303,56469.73861877873
1304,57605.841609398565
1305,57775.00570967625
1306,57538.45724121029
1307,56795.13079781349
1308,55846.79418726582
1309,58239.357026803984
1310,59703.61486867805
1311,60936.95766805436
1312,62429.86149413363
1313,63281.73647935727
1314,64137.215879391384
1315,64526.46641135336
1316,63777.01662936934
1317,62174.51731692853
1318,60964.8195890102
1319,59209.319907376004
1320,56284.44849741239
1321,54320.93701126559
1322,53125.99537597839
1323,52526.32914812117
1324,52557.68968762912
1325,53107.10545003681
1326,54603.06393763902
1327,56033.21955881831
1328,57570.799484294075
1329,57952.94516341982
1330,57773.69244937263
1331,56860.194060519774
1332,55594.60364417831
1333,58792.08489778737
1334,60725.9302813394
1335,62344.92456301169
1336,64415.778359514516
1337,65621.89039242444
1338,66816.71690762097
1339,67312.141276002
1340,66250.16527076103
1341,64033.51821040394
1342,62323.5094298887
1343,59939.87823948154
1344,56213.27632932903
1345,54139.134652925204
1346,52794.11321765863
1347,52013.2196050655
1348,51987.45395062539
1349,52612.466867483934
1350,54474.78468707156
1351,56420.46765769696
1352,58428.57317176854
1353,59002.225566969835
1354,58944.464943817235
1355,58005.94480170734
1356,56598.18226902302
1357,60438.764467617504
1358,62532.76727955826
1359,64408.56319521984
1360,66473.6423801127
1361,67422.82798070235
1362,68555.06919171211
1363,69063.83639844027
1364,67759.57556855859
1365,65197.10390133957
1366,63228.07740813986
1367,60441.589752524844
1368,56229.888002734784
1369,54204.01740634882
1370,52905.11769875769
1371,52081.27972226022
1372,52035.9146607969
1373,52744.88251954647
1374,54934.83073271402
1375,57429.69554879302
1376,60077.3331808225
1377,60812.29453660681
1378,60406.119656772025
1379,58977.50277390967
1380,56841.290102137675
1381,60933.18021384248
1382,63077.53109232979
1383,65039.96161247259
1384,67291.2859831265
1385,68212.52729384482
1386,69216.24395217201
1387,69446.89438454008
1388,67984.0300178177
1389,65357.81682362727
1390,63449.967265988955
1391,60704.7454750749
1392,52970.46108256733
1393,51308.741055910854
1394,50218.96079787572
1395,49511.67143629139
1396,49309.251973243685
1397,49447.90015745677
1398,50219.2455608743
1399,50742.973959358365
1400,50840.692709288065
1401,50932.83331878525
1402,50311.08101748215
1403,49135.82321197778
1404,47590.55448383667
1405,48781.9000065247
1406,49611.58638171244
1407,50779.46872454402
1408,52581.62145567487
1409,54319.136075781615
1410,56122.98499975023
1411,56834.41226085618
1412,56788.24393569021
1413,55496.56634336057
1414,54922.917497068345
1415,53490.29599849768
1416,50706.05165115044
1417,48694.8104507877
1418,47421.82055702618
1419,46918.20729003517
1420,46794.043479480904
1421,46680.66218940391
1422,46466.80829425577
1423,45617.31517150611
1424,44130.51767232148
1425,42949.54526385564
1426,42822.44877511901
1427,42787.619406396945
1428,42884.0485124414
1429,43892.35281146523
1430,45283.57936690131
1431,46820.68655440196
1432,49276.50353540169
1433,51543.798316116634
1434,53544.64823942502
1435,54723.731674250994
1436,55117.94568169605
1437,54005.96300122559
1438,52853.00280638161
1439,51323.492656742885
1440,57389.679294043184
1441,55887.626389388766
1442,55055.96020221069
1443,54675.572490365266
1444,54740.65295713482
1445,55157.17224008159
1446,56177.24136014693
1447,57179.12909226094
1448,58083.392159478484
1449,58271.644099573954
1450,58064.76774464448
1451,57436.27136653523
1452,56473.67786003793
1453,58226.97575450923
1454,59149.865687276426
1455,60030.83402358073
1456,61201.89862495371
1457,61856.87237021907
1458,62551.47882291426
1459,62733.49080756764
1460,62199.24567604016
1461,61063.266926734526
1462,60189.00130680629
1463,58913.50974738183
1464,57690.75470052062
1465,55864.09268749803
1466,54818.40327721559
1467,54345.710566697955
1468,54415.71942915189
1469,54948.66804139782
1470,56250.49576135523
1471,57477.78210442308
1472,58668.83371055517
1473,58928.00622285914
1474,58662.74948202013
1475,57638.404215093346
1476,56193.43178950169
1477,58530.17499442624
1478,59988.91908887269
1479,61413.881380897496
1480,63376.30576985372
1481,64580.31028653518
1482,65739.67003868506
1483,66080.68740602436
1484,65379.669804103454
1485,63680.53139312033
1486,62479.188207474166
1487,60663.07963586853
1488,58491.39743608901
1489,56990.83355351602
1490,56103.0713092483
1491,55536.08427514459
1492,55502.039269541245
1493,55999.06476433037
1494,57536.490253461896
1495,59359.955000361675
1496,61497.16962608699
1497,62590.52123245026
1498,62842.41264246602
1499,61936.589316275
1500,60432.574009363714
1501,63923.00438318114
1502,65843.81537539799
1503,67053.63773181998
1504,68588.44856208553
1505,68474.79511441839
1506,68331.13245094469
1507,68224.3486510519
1508,67205.89160916298
1509,65150.163255831685
1510,64026.96665679472
1511,62241.48511882496
1512,55031.216852366364
1513,53242.05937233387
1514,52359.86183631707
1515,51870.011976967355
1516,51881.51656149453
1517,51991.25873519877
1518,52447.06744895563
1519,52893.88473537398
1520,53558.50214138591
1521,53587.124468117916
1522,53522.600565524255
1523,53264.78942096515
1524,52728.341644182234
1525,54156.791201331325
1526,54818.98624044438
1527,56152.3254079237
1528,57276.01098825894
1529,58294.83964339629
1530,59673.929699271546
1531,60386.42258845557
1532,60376.859854436465
1533,59088.86150528852
1534,57627.59677852615
1535,55813.46330962263
1536,56465.569086614654
1537,54748.548272372056
1538,53645.503980206486
1539,53033.50093411858
1540,52972.98739770017
1541,53355.713989290154
1542,54647.67018321467
1543,56226.116781811834
1544,58357.34964625481
1545,59215.555394954
1546,59607.96154321239
1547,59345.01010581
1548,58047.355672531376
1549,60950.97972223815
1550,62880.35367833901
1551,64124.57711037724
1552,65719.7299043294
1553,66149.4774047838
1554,66691.8025127026
1555,66790.84840502497
1556,65924.33868491073
1557,63688.73289507625
1558,62189.753696085514
1559,60025.853374695536
1560,53397.75408777521
1561,51855.41197584738
1562,50860.227595806435
1563,50311.59232153055
1564,50203.9940893301
1565,50530.93527668951
1566,51559.23618341307
1567,52669.62689412035
1568,54049.804984178976
1569,54725.375853095306
1570,54987.02058209875
1571,54501.31504071938
1572,53363.57606350474
1573,55219.7637639286
1574,56439.71105369801
1575,57478.48130702776
1576,59049.991630156306
1577,59961.59853260127
1578,60868.68922171271
1579,61247.71541048943
1580,60747.898935233716
1581,59043.25067278985
1582,57862.074024299734
1583,56114.32760080085
1584,52505.61391240903
1585,51010.236654839086
1586,50174.880035644725
1587,49684.43025907434
1588,49535.717526319306
1589,49682.67450649371
1590,50218.299561595304
1591,50723.6708283923
1592,51293.42586467049
1593,51735.83784842653
1594,52025.492133819906
1595,51790.02395323032
1596,51049.389992227494
1597,51808.04008270355
1598,52396.193982234276
1599,53118.56239220477
1600,54354.02507085179
1601,55630.889071377445
1602,56748.78827054269
1603,57210.21473854181
1604,57047.634608265194
1605,55950.25644143535
1606,54967.426176491375
1607,53691.693787649296
1608,59502.8694994097
1609,57866.28079397871
1610,57009.30084020893
1611,56605.63879352908
1612,56574.967817528086
1613,56827.25158457272
1614,57553.42510246702
1615,58355.92121543312
1616,59347.315579831906
1617,59823.561059802094
1618,59950.93087926325
1619,59542.23553268368
1620,58713.19196466464
1621,60043.24424479286
1622,60814.240271174785
1623,61474.68202943811
1624,62383.27924940831
1625,62826.97929277469
1626,63260.66841010941
1627,63409.508835777844
1628,63039.89507329396
1629,62003.78437741188
1630,61284.60437878792
1631,60214.597633126614
1632,59358.686138774814
1633,57250.45665973118
1634,56121.68647515619
1635,55498.61620339425
1636,55438.21629136028
1637,55834.12594003757
1638,57116.4093499219
1639,58696.91271242906
1640,60628.78451887434
1641,61666.24754952212
1642,62016.99044779882
1643,61557.73372496165
1644,60328.597497531504
1645,62456.577104591466
1646,63815.6179166853
1647,65006.14860299621
1648,66596.58358507993
1649,67308.56399189577
1650,68180.86326820859
1651,68662.8698761669
1652,68046.65066466288
1653,66040.71356453147
1654,64493.70757924783
1655,62430.23342254782
1656,59438.32120869569
1657,56898.04470825435
1658,55409.67845169866
1659,54497.55325851384
1660,54359.000970168585
1661,54891.264413559395
1662,56775.44518873912
1663,59247.676097413074
1664,62382.142358179866
1665,64076.01691870652
1666,64546.60827209211
1667,63805.734522168976
1668,62029.421436970806
1669,65124.350749932346
1670,67213.75038850908
1671,69087.24356513363
1672,71573.8519735115
1673,72721.10132045942
1674,74006.00531030455
1675,74688.49387068338
1676,73643.57980450416
1677,70475.06616632325
1678,67950.26637958383
1679,64716.18202737598
1680,59965.97457034561
1681,57396.29254845786
1682,55897.24714241209
1683,54953.20557457119
1684,54840.55073065436
1685,55487.07624912325
1686,57695.1179620679
1687,60656.66126595974
1688,64503.79571562194
1689,66738.78480142653
1690,67318.51773883765
1691,66454.41777772382
1692,64376.51277940342
1693,67956.48330972424
1694,70359.79232194705
1695,72291.42871515067
1696,75110.25865777653
1697,76198.557006954
1698,77217.64658466337
1699,77618.98783551852
1700,76171.68570868405
1701,72577.33258753488
1702,69791.4234043325
1703,66293.60122641912
1704,60516.980488784466
1705,58122.43992606806
1706,56674.91515410389
1707,55646.475813547266
1708,55505.25070330134
1709,56125.5462072914
1710,58305.33829701839
1711,61364.98028368178
1712,65792.11185035299
1713,68530.01400811558
1714,69096.37241643747
1715,68390.90580140679
1716,66839.41479252973
1717,70668.5055849812
1718,72921.17989027376
1719,74427.14025136965
1720,76363.94039901359
1721,76271.02381719367
1722,76030.08632503856
1723,75536.68412811938
1724,74067.52663328381
1725,70830.13236176837
1726,68541.64636669129
1727,65451.63213078717
1728,56550.890452537635
1729,54478.2305205632
1730,53105.0226123634
1731,52171.40433364673
1732,51870.61336080503
1733,51919.60866255629
1734,52728.91912152571
1735,53416.08341147255
1736,54658.63036152009
1737,56100.45831538766
1738,57243.741909044016
1739,57697.73900037668
1740,57216.42069919352
1741,58987.97971194867
1742,59448.07828599714
1743,60064.2722599884
1744,61279.4411500871
1745,62019.28249886856
1746,62640.83682362387
1747,63024.01401891756
1748,62568.51850817457
1749,60486.61281041818
1750,59222.94824782941
1751,57151.557943488566
1752,53424.887349247925
1753,51438.87735292438
1754,50288.20511276413
1755,49511.20094125315
1756,49203.10255641355
1757,49051.25412056852
1758,49129.62161523601
1759,48205.20585047138
1760,46987.35801758923
1761,46634.09835082819
1762,46822.46287135619
1763,46537.65187679204
1764,47004.02962560776
1765,48182.67091135633
1766,49302.80322447949
1767,50809.373189697384
1768,53470.393089331395
1769,56616.861694780324
1770,59030.71961542007
1771,59806.5235488044
1772,59836.8715635209
1773,58226.674684728976
1774,56291.447591871976
1775,54164.85242659795
1776,59801.03427476112
1777,58063.84493218217
1778,57136.38560541555
1779,56667.66506972774
1780,56696.34215612658
1781,57068.638552036165
1782,58206.26819562005
1783,59580.88213920232
1784,61437.61841710821
1785,62582.724830068386
1786,62912.677780137565
1787,62588.544268109996
1788,61854.85803198492
1789,63818.630607690095
1790,64892.503964264404
1791,65718.05288316878
1792,66850.19825222639
1793,67146.01560290418
1794,67313.17543539265
1795,67323.23069308989
1796,66624.40805173166
1797,64962.43314000204
1798,63692.875189227365
1799,62004.429075174005
1800,61030.41221903012
1801,58783.671224624784
1802,57554.58505507648
1803,56897.13330668651
1804,56878.042195043265
1805,57343.99730698256
1806,58774.46880678605
1807,60499.960880471146
1808,62863.201128578505
1809,64409.37438840508
1810,64997.50250582256
1811,64634.96867753641
1812,63819.03208233645
1813,66352.1125050053
1814,67667.02989283399
1815,68733.6029280191
1816,70317.79219581763
1817,71013.5419123726
1818,71461.7598823934
1819,71363.2663156462
1820,70423.77905313233
1821,68181.9438241167
1822,66476.27869920184
1823,64191.16676479393
1824,62215.3188761769
1825,59883.52962315246
1826,58616.63291091692
1827,57850.89219058054
1828,57708.610056786194
1829,58158.05786605739
1830,59885.15592433899
1831,62102.74763682422
1832,65248.92298584161
1833,67395.61495043844
1834,68300.03089522436
1835,67936.28320573593
1836,66909.2041128625
1837,70122.54212649919
1838,71757.47052144652
1839,73123.92073725074
1840,75288.41711847123
1841,76201.57618288904
1842,76842.05897667412
1843,76724.01479673739
1844,75418.2302360311
1845,72402.11374613515
1846,70056.73820742278
1847,67034.94131584838
1848,60997.989046714094
1849,58326.54512732534
1850,56655.176831801466
1851,55629.22496183808
1852,55367.540427111846
1853,55919.29434127563
1854,58086.78363514572
1855,61056.192566293175
1856,65311.7431532445
1857,68215.26270911188
1858,69547.05154000051
1859,69194.24654868257
1860,67936.99178329106
1861,71728.21814197928
1862,73551.53618643442
1863,74939.03641165953
1864,77165.58652417321
1865,77776.27826491187
1866,78268.34914813818
1867,78031.68904887163
1868,76345.42187456928
1869,72722.82559988009
1870,69892.87781120995
1871,66262.17373466308
1872,62316.08983493233
1873,60049.08717854537
1874,58630.39682906822
1875,57747.9975171471
1876,57568.00875286294
1877,58162.469802157866
1878,60359.00616974118
1879,63838.5923322015
1880,68515.57737029793
1881,71843.9567741705
1882,73216.91504961971
1883,72550.97912832038
1884,71183.31898393342
1885,74611.08757341445
1886,76437.86425655488
1887,77762.19276723902
1888,79007.16834246305
1889,78183.61976899291
1890,78016.86257458446
1891,77588.32671306864
1892,75971.84230786623
1893,72755.38708063628
1894,70354.20744249852
1895,67332.15346231138
1896,58127.948401826725
1897,55972.460319369515
1898,54578.26908897285
1899,53671.48396963494
1900,53327.23812011532
1901,53471.80313774988
1902,54877.89697941581
1903,57080.510350273755
1904,60177.119173433515
1905,63142.05447251742
1906,64458.36130811176
1907,64318.74884164732
1908,63448.34289056537
1909,64887.325831665665
1910,65468.41626197232
1911,65659.2912281051
1912,65994.40370716096
1913,65680.4341190444
1914,65847.90300688085
1915,65806.38051851571
1916,65148.77454713648
1917,63081.62116969565
1918,61516.0587073884
1919,59252.00211556493
1920,55627.79986691662
1921,53504.54578554612
1922,52283.261620930774
1923,51406.85801063109
1924,51251.64838484476
1925,51373.436067388946
1926,52125.6739229612
1927,53003.43687617771
1928,53894.00708986706
1929,55392.013609343674
1930,56596.90144982303
1931,56916.088418852305
1932,56959.194893451015
1933,56422.0043105943
1934,55754.241860043316
1935,56296.34040292438
1936,57786.173817862276
1937,60364.2327953682
1938,62409.356482516305
1939,63475.579732318496
1940,63579.24002360339
1941,61706.070506172684
1942,59626.87992059082
1943,57108.89805569063
1944,61014.07871696572
1945,59169.69529662531
1946,58070.8832317388
1947,57509.43089357451
1948,57477.132233933306
1949,57945.76312009918
1950,59501.95801448446
1951,61739.03086103054
1952,64577.81576598932
1953,66600.78147613283
1954,67403.71180549558
1955,67114.8851646704
1956,66245.61520088099
1957,67681.77728278803
1958,68273.47671377384
1959,68810.28994833138
1960,69765.37533610921
1961,69999.04094127416
1962,70206.3830830294
1963,70114.22725554608
1964,69281.86270451448
1965,67370.42367523412
1966,65871.64410513508
1967,63837.630436176805
1968,60193.73516766076
1969,58229.40843638411
1970,57010.72545974477
1971,56275.394996800285
1972,56059.437934780275
1973,56467.20382376319
1974,58053.60031006687
1975,60452.99538526616
1976,63516.337924115076
1977,65275.700914085544
1978,65564.17723015012
1979,64982.21587168477
1980,63747.02650236549
1981,65347.866331882076
1982,65961.46869708227
1983,66373.94973296327
1984,67577.76381693257
1985,67920.48954474942
1986,68135.45467905345
1987,68069.9725191908
1988,67187.32413351926
1989,65372.06456868279
1990,64043.28770017296
1991,62094.60250467092
1992,60278.1397339134
1993,58107.97078468578
1994,56803.86276354874
1995,55975.64090558072
1996,55770.42895490635
1997,56228.79420458316
1998,58209.064312206785
1999,61275.274368692626
2000,65322.840297872324
2001,68196.22742512036
2002,69246.5903475497
2003,68687.95061408635
2004,67285.20365821623
2005,69370.1361705777
2006,70200.94581798601
2007,70830.06865175984
2008,72081.17490963092
2009,72399.74892399738
2010,72797.01216155208
2011,72735.10978624302
2012,71588.5749452442
2013,68886.55058068743
2014,66812.3460652162
2015,63960.60952035115
2016,59459.65141035416
2017,56985.950598618634
2018,55402.520541908976
2019,54373.83564032163
2020,54098.69437873671
2021,54623.905886953864
2022,57002.34468883904
2023,60834.132269844
2024,65833.03672703156
2025,69263.9160843228
2026,70433.13999367681
2027,69561.45948203543
2028,67862.55455912606
2029,70543.33083348954
2030,71575.96045565828
2031,72320.62989168918
2032,73818.67245758492
2033,74145.21400883811
2034,74672.62472517816
2035,74577.96794167298
2036,73144.82781142504
2037,69790.4949113748
2038,67292.09944016338
2039,63835.12948592359
2040,60154.39455748732
2041,57881.40908381432
2042,56315.16297766124
2043,55342.96023642043
2044,55096.92454098065
2045,55676.11012885754
2046,58113.19208914135
2047,61897.34185659848
2048,66966.86517066268
2049,70056.1447092072
2050,71021.18584615104
2051,70004.7258213098
2052,68164.74959959544
2053,71484.52469655892
2054,73025.67286779801
2055,74043.1377217916
2056,75788.3773685783
2057,75908.01360047764
2058,76251.86044539024
2059,75860.88287066233
2060,74203.19528469173
2061,70870.34972541475
2062,68364.45012491773
2063,64981.41273560252
2064,57862.87309470058
2065,55861.23247580325
2066,54417.72914483456
2067,53515.48125078753
2068,53251.33894537613
2069,53465.0807880586
2070,54999.67999537506
2071,57221.872874847366
2072,60359.01041101631
2073,62840.45551538583
2074,64267.48224380903
2075,63995.47566685317
2076,62815.097221376396
2077,65340.12638756697
2078,66842.74127340215
2079,67610.00228338853
2080,68774.09856034526
2081,68969.07627418863
2082,69267.60808061274
2083,69076.37946203315
2084,67896.21237632092
2085,65383.38058791105
2086,63538.26644507414
2087,60964.47478609653
2088,55048.046792588204
2089,53127.17581916611
2090,51953.49009944072
2091,51320.44776745002
2092,51065.12424043015
2093,51104.592245603475
2094,51985.768856494375
2095,53156.27075594659
2096,54685.68493193014
2097,56296.49346209292
2098,57299.61966750643
2099,57344.69849125975
2100,57041.60858122605
2101,57953.93089306655
2102,58472.40435553545
2103,58810.22088725665
2104,59448.93913881143
2105,60173.45043060234
2106,60930.50237309364
2107,61217.49802035189
2108,60846.05599443488
2109,59264.801051475726
2110,57751.066558246355
2111,55822.92356973085
2112,62816.35503393516
2113,60851.757376574344
2114,59767.59731258137
2115,59240.5289486387
2116,59215.755619113464
2117,59626.68989428498
2118,61033.83303454461
2119,63084.832250684034
2120,65736.76555036852
2121,67416.57227421516
2122,67986.7621261472
2123,67506.34397380993
2124,66559.54342999322
2125,68365.35614484854
2126,69297.13035751285
2127,69821.01453270022
2128,70741.08275639275
2129,70984.90709361793
2130,71309.92708642324
2131,71209.72187368023
2132,70368.92321470896
2133,68571.57519512427
2134,67173.40026896837
2135,65246.40662872479
2136,63070.23145717575
2137,60925.60545676656
2138,59668.312944979356
2139,58985.35478473242
2140,58930.29613604056
2141,59438.86122500265
2142,61347.488153402104
2143,64236.26439601055
2144,67844.709351136
2145,70265.40447464459
2146,71239.4736054578
2147,70628.15756052874
2148,69432.45847329174
2149,71680.38397892694
2150,72873.21535708646
2151,73537.70969860772
2152,74530.15263036663
2153,74738.7461092168
2154,75136.4490803835
2155,74972.44535100751
2156,73839.16496338496
2157,71418.5396475728
2158,69563.51701830067
2159,67013.2639205226
2160,62492.29589353865
2161,60137.67716884903
2162,58669.395507706016
2163,57851.00784887714
2164,57742.297155244014
2165,58302.32181587895
2166,60663.70385348525
2167,64320.12854512085
2168,68791.94138295873
2169,71772.31977641142
2170,72846.0638720538
2171,72129.90892248246
2172,70677.81057835641
2173,73162.0701217073
2174,74455.84501984288
2175,75115.50459299811
2176,76272.75084813348
2177,76333.33704276218
2178,76693.10265838055
2179,76549.74068792096
2180,75190.41805223089
2181,72278.60975293464
2182,70058.77368193341
2183,67015.53973734641
2184,65148.00492307985
2185,62584.10258888705
2186,60975.58372783281
2187,59969.25765784127
2188,59863.01788053991
2189,60544.50833049495
2190,63523.87988506715
2191,68079.21815635316
2192,73528.19867215947
2193,76921.67921137784
2194,77876.95520825445
2195,76881.7150385863
2196,74946.9382470558
2197,78197.26408314651
2198,80201.71339790126
2199,81282.52645088118
2200,83066.53635257807
2201,83344.98534589839
2202,83904.30369515462
2203,83761.58757844185
2204,82039.99713382585
2205,78338.3089094681
2206,75411.14573552423
2207,71595.22850191679
2208,62499.08917831379
2209,59899.614016140506
2210,58173.21649743042
2211,56957.50343036773
2212,56733.72663896787
2213,57373.48412704575
2214,60612.975449924765
2215,65581.37071186844
2216,71405.86575450875
2217,74678.53680584214
2218,74935.98498255457
2219,73306.07273800918
2220,71003.39169636607
2221,74246.71640916962
2222,76269.45910645815
2223,77452.3624213627
2224,79533.64986770121
2225,79649.14490094243
2226,80003.26819680567
2227,79831.91885326167
2228,78094.20549823195
2229,74388.63498152871
2230,71423.11570640863
2231,67665.27166215375
2232,59668.997305885845
2233,57376.552268997504
2234,55836.38784543607
2235,54868.83141350153
2236,54612.75344801359
2237,54919.827814716875
2238,56890.50214356414
2239,59788.36643693445
2240,63489.77723817292
2241,65872.86785255706
2242,66363.47773466574
2243,65795.3219501789
2244,64761.28790173429
2245,66828.34478123968
2246,68203.91617435143
2247,69076.30699141389
2248,70371.62993481834
2249,70588.74757158702
2250,71205.53126170693
2251,71312.2468053792
2252,70268.78897465771
2253,67574.43384317982
2254,65394.83929010288
2255,62574.96269041418
2256,57745.96790677617
2257,55561.14809607885
2258,54212.328600695764
2259,53444.69457474338
2260,53188.290554564446
2261,53095.648703201005
2262,53946.67722274956
2263,55206.550545456885
2264,57115.8637760873
2265,59115.406130982614
2266,60805.11519244981
2267,61255.7137513057
2268,60724.477191305596
2269,61311.51298139361
2270,61748.79851758564
2271,62620.09391490933
2272,63809.6003730298
2273,64800.05040076289
2274,65886.9463875091
2275,66507.79349624655
2276,66149.15321054337
2277,64093.918823277345
2278,62086.84379330276
2279,59646.66265703882
2280,64129.30675111982
2281,62048.25111724205
2282,60817.786223970645
2283,60162.53368809308
2284,60174.26194868333
2285,60670.11291041923
2286,62596.164717868465
2287,65430.209894629355
2288,68629.43476086478
2289,70509.3862056572
2290,70915.87713066135
2291,70307.85127434735
2292,69187.5164180265
2293,70584.02765078587
2294,71349.69298367959
2295,71803.470924009
2296,72617.50921428841
2297,72598.51863911892
2298,72806.74040595184
2299,72766.01682429199
2300,71928.62200885541
2301,70070.09404552849
2302,68581.12855379957
2303,66598.93945829898
2304,62816.98751979693
2305,60380.71772272092
2306,58902.36651640634
2307,58098.18825967505
2308,57992.898598274805
2309,58572.02829834495
2310,61075.943331230184
2311,64878.63556028861
2312,69315.2177706575
2313,72156.04521822679
2314,73170.46880278143
2315,72757.38307908199
2316,71528.2172386292
2317,73176.3955015343
2318,73793.89218051003
2319,74132.97955281338
2320,74889.1503509063
2321,74762.84364372479
2322,74906.33103715938
2323,74744.30329728793
2324,73518.45906983264
2325,70953.39413463621
2326,68936.44732468532
2327,66290.77397146227
2328,63030.89388650164
2329,60612.20121409896
2330,59172.649214415505
2331,58438.11491474229
2332,58425.25929046248
2333,59266.11191174991
2334,62519.27601015622
2335,67473.15500610344
2336,73397.88026506192
2337,76942.61511285111
2338,77854.67992703209
2339,76929.42640843417
2340,75055.20945630022
2341,77269.78796474036
2342,77952.43627454105
2343,78203.39396785675
2344,79002.33777476038
2345,78203.78078953881
2346,77610.07248023928
2347,77021.61204506896
2348,75370.66652667151
2349,72388.66273896083
2350,70270.33045031223
2351,67135.77516223208
2352,62199.648381213905
2353,59406.539130746816
2354,57609.69273514378
2355,56476.631237980444
2356,56185.928131595334
2357,56827.84970696822
2358,60134.151111137566
2359,65332.24724013322
2360,71866.2791373081
2361,76177.91962823799
2362,77712.57877545958
2363,77008.74987235996
2364,75038.7661990369
2365,77577.54900682803
2366,78607.06701254164
2367,79233.10039552487
2368,80529.79551115434
2369,80247.79288446574
2370,80321.65782907205
2371,79954.59996015315
2372,78046.8471278673
2373,74140.60307469721
2374,71176.83714859936
2375,67186.33891005654
2376,63170.320786118675
2377,60819.89296619052
2378,59384.77714733242
2379,58361.20100834326
2380,58261.75858769395
2381,59052.76576946077
2382,62220.45306193925
2383,67161.12381166276
2384,73528.90272560324
2385,76849.175993652
2386,77240.60012646673
2387,75629.12930473954
2388,73144.13856946147
2389,76015.4604100038
2390,77643.38467117744
2391,78918.01940543119
2392,80821.1398999313
2393,80497.74341199682
2394,80387.19047522335
2395,79808.2245313417
2396,78035.06778856392
2397,74350.95762275744
2398,71544.94237024491
2399,68008.30180243109
2400,60187.44361392729
2401,58014.40755920659
2402,56661.2259447395
2403,55830.92735325744
2404,55673.80219192053
2405,56181.630516974714
2406,58564.676030305374
2407,62254.99758049354
2408,66674.45560313058
2409,69583.18671259975
2410,70794.17024239663
2411,70395.77246977352
2412,69013.28798011682
2413,70715.31796648643
2414,71341.20754439804
2415,71835.24128759652
2416,72810.02921514938
2417,72797.5835176428
2418,72892.83320756153
2419,72694.73697532172
2420,71452.06852849752
2421,68756.39041552685
2422,66649.65114305333
2423,63839.10725399689
2424,56757.34625502499
2425,54502.682219627706
2426,53124.13249641845
2427,52405.416962272946
2428,52332.63423860656
2429,52297.46366154985
2430,52665.26155847158
2431,53105.27659610555
2432,53967.39475717377
2433,55637.74242538198
2434,57491.48526174452
2435,58129.993837503236
2436,58364.8505144776
2437,59812.76360809066
2438,60105.98473746902
2439,59944.079169042714
2440,61182.29517537673
2441,63256.99867000119
2442,64515.06540051107
2443,65191.28749635671
2444,65010.78845419002
2445,63074.81857050466
2446,60828.23902468636
2447,58140.0843205015
2448,64894.440568722865
2449,62665.43808817239
2450,61442.376002655656
2451,60887.859902877935
2452,60954.49989021532
2453,61551.324384895
2454,63551.1985363235
2455,66437.3219561975
2456,69928.79535862665
2457,72122.66868384376
2458,73124.53538696223
2459,72946.15890411394
2460,71987.59865059832
2461,73588.26555679245
2462,74232.06344784188
2463,74537.27754841575
2464,75443.70943534002
2465,75597.52217498678
2466,75678.53186281688
2467,75507.3024731436
2468,74528.64820759562
2469,72301.85909137796
2470,70478.5186125741
2471,68056.04987380368
2472,64341.04490487774
2473,61886.86824821672
2474,60433.14268456362
2475,59651.10422323076
2476,59616.014240905206
2477,60166.366902501126
2478,62281.18819381511
2479,65352.12515655897
2480,69152.1429207665
2481,71546.79869901529
2482,72627.33516999181
2483,72410.75558728482
2484,71352.98362789366
2485,73121.91415128269
2486,73899.21633474878
2487,74321.58113997628
2488,75383.9140050864
2489,75574.87991493616
2490,75686.56344954189
2491,75505.19595987585
2492,74434.25731495334
2493,71978.50449191671
2494,69968.42671587721
2495,67313.5761888734
2496,65988.48576567687
2497,63567.7428527531
2498,62146.06935190898
2499,61377.6920999709
2500,61298.73056469086
2501,62097.51851803816
2502,65439.24740612378
2503,70497.4886091797
2504,76703.44723443416
2505,80201.45057013283
2506,81174.94876883955
2507,80932.38517220446
2508,79599.98341626662
2509,81812.02065667557
2510,82783.37540458108
2511,82956.94582577124
2512,83954.85465630771
2513,83231.72323016614
2514,82725.03958406713
2515,82361.68450447709
2516,80446.11674070064
2517,77258.1867997704
2518,74866.08111993804
2519,71614.5969281463
2520,64632.99029271782
2521,61871.701422136124
2522,60042.99734175235
2523,58910.19997308323
2524,58631.74980004381
2525,59305.75145870185
2526,62581.86894345699
2527,67591.7427985562
2528,73997.07419690743
2529,78311.28530020773
2530,80229.33065012199
2531,80100.04611598155
2532,78427.97643931437
2533,80945.00339506892
2534,81936.35353967392
2535,82124.97407366346
2536,83429.08352134562
2537,83442.50757536682
2538,83492.20004237758
2539,83167.28874662214
2540,81175.60098046559
2541,77243.27461110085
2542,74134.57528665276
2543,70139.8712093091
2544,64806.816635889285
2545,62248.026803051755
2546,60612.924541981476
2547,59530.59451536248
2548,59365.54205067813
2549,60119.90860673925
2550,63544.3150862465
2551,68967.82810887283
2552,76013.79395307468
2553,80497.42608136329
2554,82176.5884727904
2555,81010.81830489052
2556,78535.43180401498
2557,79700.54374563611
2558,80134.25138876849
2559,80428.01131096213
2560,81749.5238344784
2561,81122.51613881004
2562,80817.33921991776
2563,80324.79290822666
2564,78562.21955793203
2565,75121.5482102519
2566,72637.67839665644
2567,69221.34654164231
2568,61620.121735378416
2569,59011.717302682715
2570,57341.853723250766
2571,56102.76223467768
2572,55691.90505353634
2573,55878.907880500425
2574,57675.90103622122
2575,60553.86253480875
2576,65016.43004176626
2577,68844.75150859158
2578,70797.77462818484
2579,70560.29042041511
2580,67720.31203832028
2581,67522.68027337524
2582,67725.21609367561
2583,68443.40379608574
2584,70301.73864602347
2585,71095.39594934587
2586,72283.96972190682
2587,72552.04774194058
2588,71425.96336171177
2589,68690.00525321356
2590,66585.2607707187
2591,63649.552129125856
2592,60523.192027948724
2593,57916.78487505804
2594,56454.85131576177
2595,55542.158471776034
2596,55347.08691103849
2597,55340.44860341372
2598,56267.53018395328
2599,57369.75819441285
2600,58662.55901596788
2601,60466.46058797197
2602,61781.64978012773
2603,61892.454713009174
2604,61649.64039379938
2605,62254.147219677645
2606,62820.046450145266
2607,63982.92039471032
2608,65879.34737128763
2609,67979.55095457297
2610,69899.77942094754
2611,70660.82472501119
2612,70223.40807146706
2613,68168.35445627637
2614,65877.24201767177
2615,63104.80091015208
2616,67799.2548701594
2617,65351.51019860697
2618,64044.22964669142
2619,63370.358364132204
2620,63410.593561392976
2621,64030.47084466475
2622,66269.57956068593
2623,69502.3654742335
2624,73515.42357826431
2625,76240.17585694649
2626,77329.79035227328
2627,77039.40556695037
2628,75813.16770657717
2629,76796.57433086804
2630,77254.91590927693
2631,77527.35519368932
2632,78361.31488907969
2633,78483.01139579045
2634,78726.01741476999
2635,78607.44841366347
2636,77460.0017904726
2637,75257.12476772428
2638,73498.14738639042
2639,71131.77035196607
2640,66989.02847989665
2641,64325.92035533866
2642,62768.978694362886
2643,61838.7002178736
2644,61713.64679111875
2645,62272.73879000786
2646,64788.4939026465
2647,68633.27555723711
2648,73669.32225463771
2649,77270.9686899878
2650,78687.59308814994
2651,78209.06848523999
2652,76574.16240356992
2653,77902.62202452819
2654,78523.09199067681
2655,79073.7476244848
2656,80389.8438822639
2657,80809.61328390705
2658,81339.38513334458
2659,81289.70670607228
2660,79788.65979484643
2661,76902.42182072344
2662,74482.27795940381
2663,71356.43169688451
2664,67707.97208230979
2665,64672.18724455391
2666,62833.7039079504
2667,61657.40594723935
2668,61463.70523651111
2669,62055.38147068701
2670,64872.097049932745
2671,69241.47495757398
2672,75116.19186306318
2673,79388.93965923604
2674,81132.8400946367
2675,80531.9977746651
2676,78598.43164072323
2677,80174.99796806923
2678,80945.56457164152
2679,81647.81784836337
2680,83280.00104638316
2681,83896.65464777709
2682,84665.75868421845
2683,84621.96011684331
2684,82844.9151801749
2685,79349.6008085737
2686,76350.07889651024
2687,72558.72704417254
2688,67788.39916396388
2689,64522.99454056941
2690,62482.04509655127
2691,61147.26091459075
2692,60946.2279634356
2693,61602.72515518372
2694,64750.998765234486
2695,69747.41638477014
2696,76656.86432188415
2697,81543.91684992556
2698,83581.685408694
2699,82995.2136401342
2700,80872.58349057699
2701,83043.08599370965
2702,84285.88465029537
2703,85510.40802315979
2704,87694.2379034291
2705,88438.66567359072
2706,89347.66353908252
2707,89311.45362947331
2708,87059.86576879714
2709,82629.88584804925
2710,78835.77194817667
2711,74159.93616405666
2712,67627.92300222795
2713,64670.91258557833
2714,62793.81463985937
2715,61580.962643697756
2716,61343.39655330304
2717,62079.18831135544
2718,65278.53347586575
2719,70567.32973971294
2720,77668.0695957494
2721,82416.6183965681
2722,84465.50097814093
2723,84355.08765857373
2724,82809.62990526002
2725,85801.84467321543
2726,87265.35244267083
2727,88045.68278782596
2728,88940.01184603313
2729,88342.26387330872
2730,88216.06063121896
2731,87854.95064729039
2732,85543.72219558606
2733,81204.14602216739
2734,77672.96326431986
2735,73348.30671050995
2736,63645.602446761266
2737,60820.69536792323
2738,58926.107768031776
2739,57643.5894623782
2740,56955.6990003535
2741,56689.252898388724
2742,57315.226579029804
2743,58665.390215266445
2744,61197.18550783543
2745,63780.9797824107
2746,65623.31206687666
2747,66407.08785163924
2748,66086.75024689068
2749,66750.55297984212
2750,66926.8351983185
2751,67405.89234933977
2752,68255.89157003255
2753,68930.62414390981
2754,69833.60715216478
2755,70515.45706502977
2756,70061.50883511116
2757,67813.80048181284
2758,65610.67901460908
2759,62943.23842453385
2760,61554.28995269839
2761,58739.16736645974
2762,56891.55060497815
2763,55775.90097350587
2764,55338.19173364079
2765,55339.656547062885
2766,55823.144135867326
2767,56585.369213296515
2768,57740.653473438746
2769,59322.139204232146
2770,60721.28989728099
2771,61018.905046016545
2772,61637.36983603619
2773,62814.34618677077
2774,63727.48949867274
2775,65114.396971400325
2776,66927.84573086354
2777,69369.06726125594
2778,71281.21790095748
2779,72027.81966440578
2780,71613.95165304495
2781,69284.20193337214
2782,66399.35651361971
2783,63403.622544848666
2784,64447.80403126077
2785,61840.06063225395
2786,60325.205806246115
2787,59574.21545536473
2788,59558.87023789079
2789,60228.45506149208
2790,61963.723037175056
2791,64542.223941599936
2792,67875.73095921268
2793,70243.51307588187
2794,71349.81846676038
2795,71280.77405378384
2796,70789.52236154334
2797,71853.0225772148
2798,72454.45658805921
2799,73019.94347406265
2800,73920.35786398195
2801,74531.22424825275
2802,75038.52124329301
2803,75101.44534086263
2804,74137.1962074683
2805,71949.99172960498
2806,69904.18125125322
2807,67499.09400596457
2808,64561.63555080876
2809,61522.6326208885
2810,59802.08194114064
2811,58966.266176109
2812,59022.14992423893
2813,59892.610639095976
2814,62056.81851187597
2815,65305.16291478763
2816,69470.35976466845
2817,72404.59234201332
2818,73697.57721203232
2819,73544.18916036151
2820,72885.44220468341
2821,74315.9486060325
2822,75141.14158457685
2823,75823.93126206493
2824,77075.23092377489
2825,77960.18965010528
2826,78660.46564649051
2827,78660.4350935966
2828,77271.87506971844
2829,74468.55095712321
2830,71837.82070244531
2831,68767.96596481104
2832,65374.22921454276
2833,62497.42610027801
2834,60741.47490225542
2835,59745.558788650065
2836,59685.26796289725
2837,60496.60167416695
2838,62791.7395089516
2839,66270.28466368212
2840,70555.39538501509
2841,73603.65505882095
2842,74983.13846654641
2843,74659.94335705748
2844,73934.43232045203
2845,75324.25274499923
2846,76412.42288587778
2847,77382.09021399432
2848,79190.09747675025
2849,80516.22094594654
2850,81442.13995527699
2851,81318.9715072369
2852,79699.52325893984
2853,76598.53456199485
2854,73572.89104684106
2855,70174.30731763125
2856,65350.467349713545
2857,62082.96957060405
2858,60036.344346482816
2859,58805.3373960018
2860,58499.85749799962
2861,59154.93730628686
2862,61406.32740289681
2863,65015.55102318917
2864,69807.38977030262
2865,73404.52451560336
2866,75150.2770645533
2867,75014.91955348816
2868,74399.26522489155
2869,75966.83669203482
2870,77090.05412882191
2871,78193.85276164602
2872,80083.61433514579
2873,81593.86911419645
2874,82636.74083473251
2875,82660.20838054463
2876,80902.42420264076
2877,77272.0574090827
2878,73796.71710095482
2879,69858.12462212962
2880,67048.07614260385
2881,63698.58927356129
2882,61532.71086325219
2883,60149.85006229759
2884,59753.593099388185
2885,60420.548898595785
2886,62818.06704403059
2887,66809.79422656602
2888,72292.67635783888
2889,76463.33307615145
2890,78478.73446167645
2891,78345.83383728641
2892,77584.02819672857
2893,79421.76089413508
2894,80874.31878125874
2895,82357.09236110875
2896,84890.70314316888
2897,87038.74803555122
2898,88474.81509102872
2899,88644.9918829867
2900,86562.2643906597
2901,82068.06499909858
2902,77757.00413559774
2903,72931.37536486438
2904,65533.53651739274
2905,62286.58912115085
2906,60213.0652029443
2907,58941.28302009829
2908,58562.0875210079
2909,59131.69570254199
2910,61045.22932637836
2911,64155.14568888189
2912,68265.67842919518
2913,71568.78432959755
2914,73190.50827274183
2915,73159.34065582418
2916,72701.7967017517
2917,74064.88516530997
2918,75217.91810042901
2919,76486.28744059584
2920,78618.0729829439
2921,80537.42053697571
2922,81800.21624082254
2923,81938.57597347944
2924,80319.40342829782
2925,76877.44968102555
2926,73643.01005888473
2927,69864.19484121824
2928,64921.74091146428
2929,61614.02750450805
2930,59550.068506736374
2931,58195.5000754809
2932,57683.96705188565
2933,57812.357233093535
2934,58616.37068459113
2935,60086.3962181797
2936,62080.69653914528
2937,64537.64420126802
2938,66625.52109323254
2939,67288.8671536823
2940,67789.84081910613
2941,68800.4140141408
2942,69805.4269106796
2943,71423.22701624919
2944,73740.42784203202
2945,76059.87193729912
2946,77557.03359537756
2947,78230.2894355653
2948,77427.50418467107
2949,74660.35254912399
2950,71667.63321439408
2951,68138.261315465
2952,68564.13724664702
2953,65681.66317866297
2954,64015.7678434046
2955,63107.10786073891
2956,63067.854298619415
2957,63856.5873110892
2958,65868.40355897175
2959,68999.3657964159
2960,72945.97498625291
2961,76051.94696780779
2962,77695.18169950046
2963,77781.74016524038
2964,77427.10669171272
2965,78790.78316699163
2966,79908.02459090699
2967,81037.07303029102
2968,82815.80278836063
2969,84125.38173519266
2970,84892.77758357149
2971,84887.13218125424
2972,83389.97486108975
2973,80417.26399864312
2974,77562.58042322076
2975,74218.60253905208
2976,69973.33314304463
2977,66596.9298523319
2978,64510.28240659092
2979,63222.16420277193
2980,62934.55779493906
2981,63699.159387161206
2982,66062.29145430477
2983,69905.81257837827
2984,74846.88301085724
2985,78721.60192920892
2986,80831.59463512493
2987,81019.0121063353
2988,80639.06736124745
2989,82494.98977064152
2990,84127.37987919213
2991,85802.52287785594
2992,88200.94138799974
2993,89844.28721317656
2994,90778.05153931178
2995,90752.94274932779
2996,88720.1065249504
2997,84722.16736404336
2998,80931.41087073255
2999,76538.6164361377
3000,70118.09024698715
3001,66900.66910677108
3002,64853.37012670763
3003,63515.58100708343
3004,63112.23011483131
3005,63924.66908572595
3006,66976.38880719687
3007,72067.90718581973
3008,78640.41455283096
3009,83038.17145765536
3010,84725.85809218526
3011,84583.99902141916
3012,83768.15776080874
3013,86656.25051443672
3014,88626.21760385016
3015,90485.04083780086
3016,92742.49142236663
3017,93452.11222979466
3018,93780.04311365198
3019,93294.05834948052
3020,90431.31427424976
3021,85854.28697960933
3022,81670.62536607977
3023,76885.83606576761
3024,69031.58865858612
3025,66006.85268673346
3026,64037.651357956835
3027,62733.49082079645
3028,62399.581595730786
3029,63190.995759800346
3030,66333.80830969986
3031,71604.33365793964
3032,78412.94708909106
3033,83189.15232015363
3034,85418.00973906
3035,85618.15720279487
3036,84573.32853589098
3037,87475.63196793961
3038,88796.74386227972
3039,89817.74493143726
3040,91802.14918862746
3041,92287.8469927064
3042,92326.7810927477
3043,91731.89049892963
3044,88666.4629846815
3045,83910.19787209503
3046,79668.78367772038
3047,74982.34676907379
3048,69616.56252977645
3049,66580.98529957008
3050,64709.79723920598
3051,63386.01412034859
3052,63012.69374762079
3053,63812.18083147695
3054,66850.5522426384
3055,71960.6526338691
3056,78449.07356236332
3057,82545.62032663124
3058,84268.05752312139
3059,84089.19364230173
3060,82711.53300539286
3061,85419.13247396704
3062,86815.39950035703
3063,87865.3211210802
3064,90010.2241423678
3065,90493.26304795436
3066,90350.93660848677
3067,89863.72681733839
3068,87164.96461593606
3069,82742.17620073451
3070,78867.86171228522
3071,74817.96584876387
3072,65665.17059740347
3073,62654.69714522526
3074,60650.46866677911
3075,59216.98119252305
3076,58543.356450477535
3077,58724.60440364168
3078,60417.45020703716
3079,63178.45505810175
3080,66760.20152516288
3081,69781.80230499752
3082,71715.9196945801
3083,72178.82815707002
3084,71483.10908734598
3085,73290.76693579333
3086,74358.0922513475
3087,75368.24974820488
3088,76976.53228939555
3089,77919.69004106635
3090,78502.27960371332
3091,78536.59204761437
3092,76776.26030247522
3093,73472.15477136588
3094,70621.85766001603
3095,67315.81754810455
3096,64448.53009288935
3097,61447.13553865311
3098,59470.52891256295
3099,58240.40477865888
3100,57671.90264435189
3101,57626.65782546706
3102,58110.577737467116
3103,58897.583763488445
3104,59851.43763149627
3105,61325.05359556497
3106,62869.991681696505
3107,63544.268128509786
3108,64230.66499994726
3109,65789.7073864522
3110,66906.14846744262
3111,68706.65993029308
3112,71110.06923254859
3113,73965.5190599414
3114,76226.40814854183
3115,77043.96426173004
3116,76180.05553670268
3117,73313.58154723018
3118,70146.26119593577
3119,66754.11312616573
3120,71234.94949753878
3121,68159.08175767712
3122,66330.34980470709
3123,65302.31524925754
3124,65077.340951927115
3125,65740.51805556986
3126,67937.90343370447
3127,71348.60515702052
3128,75536.50478063698
3129,78445.66207704015
3130,79894.80611520715
3131,80151.73960094438
3132,79674.718703851
3133,81561.71761322777
3134,82660.77593411318
3135,83641.81174220708
3136,85129.1660459396
3137,85916.64968123341
3138,86464.32043862848
3139,86327.0219432635
3140,84556.86934113111
3141,81511.56240414525
3142,78729.0393482619
3143,75591.97727761051
3144,71278.63717439356
3145,68169.36109810989
3146,66211.06857598756
3147,64983.14015594346
3148,64584.063601526184
3149,65126.88249493042
3150,67345.87509599782
3151,70968.21415977264
3152,75550.47095393806
3153,78797.66702809159
3154,80339.4074541392
3155,80435.14569209925
3156,79725.41774935355
3157,81888.28725156687
3158,83075.19915338991
3159,84169.70229159201
3160,85950.45942995077
3161,86922.00703608726
3162,87540.17323411489
3163,87386.84174329866
3164,85279.87441169335
3165,81707.61375195147
3166,78498.26632612923
3167,74902.02613307702
3168,71643.09467831344
3169,68941.02869263284
3170,67107.4034717954
3171,66042.92649156906
3172,65761.72166605745
3173,66733.05349792844
3174,69754.86943946485
3175,74611.2679525128
3176,80695.9924546521
3177,84531.26404222388
3178,85927.1017190963
3179,85627.94662222506
3180,84468.01095203897
3181,87331.54195891262
3182,88983.2377497754
3183,90266.44325673066
3184,92291.38524299869
3185,92369.5869220063
3186,92040.26562342889
3187,91342.73058591188
3188,88534.20989474397
3189,84527.24190877017
3190,81159.67297543054
3191,77319.88998895968
3192,67224.21272114923
3193,64203.10120503385
3194,62067.84519148363
3195,60661.66112906366
3196,60103.996451363426
3197,60647.28066208142
3198,62914.03485020732
3199,66670.85222609346
3200,71616.19077584198
3201,75197.68417692481
3202,77179.81992934205
3203,77494.38697149865
3204,76540.00354242294
3205,79318.72318785095
3206,81106.6080206552
3207,82778.70686154455
3208,85179.82815138694
3209,86109.61079471173
3210,86758.87219534315
3211,86596.18728088532
3212,84139.88112626484
3213,79838.14300350279
3214,75869.87955861705
3215,71510.54504940216
3216,68740.68374302187
3217,65784.96755158408
3218,63868.54249321929
3219,62607.4920825078
3220,62207.06411545718
3221,62953.02068335978
3222,65558.31804258298
3223,69730.53302017873
3224,75386.08709158347
3225,79096.41233301266
3226,81135.58882761533
3227,81553.05131894634
3228,80742.09347086871
3229,83705.39204134587
3230,85676.65994196334
3231,87220.28573843384
3232,89319.14889289871
3233,89482.27802269846
3234,89312.16463322073
3235,88825.45253568357
3236,86165.2488319063
3237,81866.7967145769
3238,78075.2102643403
3239,73936.85289470984
3240,65118.74506963489
3241,62486.42992979683
3242,60832.14142273328
3243,59840.55879278956
3244,59583.980266559025
3245,60234.70214771992
3246,62268.876975308944
3247,65419.28013631393
3248,69510.02835062063
3249,72440.92312088428
3250,74111.8327309519
3251,74456.24294432453
3252,73979.7004737255
3253,76192.87578551951
3254,77694.12519778276
3255,79054.57811233652
3256,80802.22593231846
3257,81562.21759361002
3258,82036.73932131469
3259,81875.91097491144
3260,79899.39130751186
3261,76497.88156902458
3262,73422.60771326769
3263,69975.005186765
3264,63549.1801499604
3265,61083.298103853645
3266,59519.84796444826
3267,58485.04312356405
3268,58051.57748406081
3269,58232.49557841436
3270,59203.20946040258
3271,60630.48983077826
3272,62475.68060833512
3273,64175.75585107739
3274,65726.0090818351
3275,66369.69076879963
3276,66493.91769055389
3277,67858.76653259523
3278,68983.094677396
3279,70093.67845951613
3280,71566.9421629854
3281,72520.89840843173
3282,73108.9043448285
3283,73398.36835973542
3284,72075.77323809564
3285,69744.36220685471
3286,67497.58939071708
3287,64962.7583380643
3288,71801.68790628975
3289,68853.2169273345
3290,67156.17459874666
3291,66314.69512446622
3292,66274.63764733468
3293,67077.75768330136
3294,69025.20083236335
3295,71812.66814947428
3296,75247.16117925673
3297,77557.88951066343
3298,78829.40088831895
3299,79003.6242825546
3300,78495.29889659944
3301,80168.49718386927
3302,81290.00075117129
3303,82270.74854457325
3304,83630.42570392696
3305,84010.3388354021
3306,84085.76321143792
3307,83916.56191127637
3308,82343.35958082866
3309,79775.3867517737
3310,77438.0589909644
3311,74783.57550024104
3312,72422.21887974777
3313,69367.92572617109
3314,67515.85397042417
3315,66444.95850740945
3316,66185.20036842074
3317,66982.5196649036
3318,69327.48879220094
3319,72885.91392501692
3320,77365.60942272254
3321,80534.92973484771
3322,82512.81652817756
3323,83029.23523262597
3324,82539.46244289682
3325,84900.50008647094
3326,86552.03792623772
3327,87987.19821443211
3328,89775.3833746237
3329,90318.4848547095
3330,90476.64877868432
3331,90315.19573045227
3332,88010.75711064425
3333,84381.98038297027
3334,81040.92186395629
3335,77314.56501924849
3336,70573.01454982572
3337,67377.35596408081
3338,65298.6884974754
3339,63997.35923665078
3340,63643.48698460417
3341,64648.95014228868
3342,68043.3895452245
3343,73796.41063358303
3344,80916.42482828743
3345,85553.39885474989
3346,87783.2613528095
3347,87655.9001125459
3348,86347.46511904808
3349,89093.9396363391
3350,90852.88012193448
3351,92116.73416508608
3352,94034.24291279762
3353,94382.84676490781
3354,94649.72848712563
3355,94442.91473605066
3356,91024.20659520329
3357,86158.47289727961
3358,81721.75002896033
3359,76892.91124620021
3360,69184.11166120632
3361,65857.40029819105
3362,63698.902781186254
3363,62189.46833529254
3364,61719.95947071291
3365,62701.181391334554
3366,66221.87965914763
3367,72211.8796848673
3368,79887.47054980107
3369,85165.02285958076
3370,87818.06227900083
3371,87687.76935784276
3372,86520.44449491469
3373,89833.2257384427
3374,91933.28183994828
3375,93435.03239992894
3376,95505.25783645225
3377,95933.1365380849
3378,96098.78729728237
3379,95871.46021864115
3380,91857.21796929101
3381,86204.99272765833
3382,81292.85932990359
3383,75904.54538304865
3384,69124.9747591669
3385,66140.61205298136
3386,64215.016896484834
3387,62828.35228029197
3388,62479.63261078049
3389,63481.61412303924
3390,66805.49964002892
3391,72639.86515796748
3392,79799.84245526457
3393,84296.96992148383
3394,85927.17697476079
3395,84976.47922304478
3396,83127.53765691211
3397,86174.46078422906
3398,88144.80848081324
3399,89233.5026504019
3400,90911.62136517414
3401,90482.4292093818
3402,89915.08464703528
3403,89371.83360412835
3404,85909.43710567748
3405,81145.23658135637
3406,77364.22077472361
3407,73243.64573945882
3408,64294.96713237215
3409,61606.78210236079
3410,59597.769573058045
3411,58167.49878314046
3412,57654.98215917788
3413,57912.23149688117
3414,59282.164408048695
3415,61694.26529470087
3416,64879.27319614528
3417,67781.73395719317
3418,69463.13592753862
3419,69460.27922249657
3420,68437.39882391729
3421,69869.51026556683
3422,70768.91225245586
3423,71825.51562325972
3424,73522.76736701909
3425,74444.34460796419
3426,75090.2263704205
3427,75269.07781297884
3428,73321.33861236072
3429,70197.07575900317
3430,67584.32290913709
3431,64537.55072177386
3432,62243.7916270453
3433,59803.167736562646
3434,58075.693108276275
3435,57050.77092481754
3436,56586.710099078045
3437,56764.53505795703
3438,57341.83939139672
3439,58571.32707455686
3440,60290.70803142508
3441,62017.55876708293
3442,63413.260936652354
3443,64310.03961155579
3444,64996.44776933496
3445,66124.52491387904
3446,66875.80809267036
3447,68103.09203100264
3448,69854.14985989154
3449,71628.85125429295
3450,72926.23203658963
3451,73522.72567781566
3452,72047.53299775551
3453,69423.25339135477
3454,66669.37822384885
3455,63701.30797767795
3456,69013.10675347787
3457,66534.52867591252
3458,65096.83036691332
3459,64349.772728998854
3460,64334.510120111045
3461,65165.95776485546
3462,67356.20188162824
3463,70909.38582922374
3464,75139.63591022391
3465,77890.06185022405
3466,79034.08370098124
3467,78829.63675663034
3468,78019.48292183869
3469,79511.25258155185
3470,80361.41359167508
3471,81011.5497223798
3472,81899.12313516767
3473,82015.00250211259
3474,82123.95440300455
3475,82031.02651458845
3476,80072.99320592203
3477,77348.05143345495
3478,74911.61934615226
3479,72203.38332986487
3480,66011.44543557278
3481,63388.74019287345
3482,61753.07237230154
3483,60791.01932599352
3484,60652.18618472626
3485,61469.41047421537
3486,63777.868329120305
3487,67670.26974862098
3488,72414.8188269138
3489,75516.96217632311
3490,76747.72428361452
3491,76340.47206558124
3492,75347.45656855169
3493,77085.8383841777
3494,78029.58851130171
3495,78727.24727610563
3496,79908.40603255453
3497,80109.51521546446
3498,80249.31771719293
3499,80097.22233351544
3500,77829.23979505418
3501,74668.23677861341
3502,71962.08267706842
3503,68903.77841905947
3504,66582.12927775983
3505,63764.95133985719
3506,61905.37981004115
3507,60687.44942013249
3508,60411.00521489477
3509,61272.106558838044
3510,63958.01966647412
3511,68469.31529763168
3512,74199.29220354358
3513,77996.61593465364
3514,79536.97286891761
3515,79159.26319165924
3516,78050.54301584829
3517,80688.40729901074
3518,82194.25680921071
3519,83359.6928391581
3520,85029.7322262339
3521,85352.36437135328
3522,85488.35634629027
3523,85217.59758677815
3524,82109.99480809305
3525,77971.91416837787
3526,74499.89864091804
3527,70591.1701729905
3528,66655.7402212348
3529,63615.081515444355
3530,61516.79267541707
3531,60105.14012106774
3532,59746.38882032334
3533,60729.09799314863
3534,63837.32340615393
3535,68902.51542562917
3536,75398.67578031156
3537,79614.10100899189
3538,81335.1213667463
3539,80931.80133375955
3540,79673.19230623601
3541,83091.27433195304
3542,85218.88169171204
3543,86840.16520613621
3544,89170.84952233617
3545,89785.04521083392
3546,89988.975827487
3547,89483.79631623805
3548,85567.62406015024
3549,80549.78045065419
3550,76387.1454124594
3551,71744.82219600427
3552,66683.42929245601
3553,63956.115346014005
3554,62092.372359661334
3555,60878.30583761559
3556,60612.16045366112
3557,61743.890774851585
3558,65047.37410029152
3559,69940.8031475572
3560,75945.31751327225
3561,79525.97286516303
3562,80927.49459587535
3563,80251.07337977916
3564,79009.8325172545
3565,82716.40612023436
3566,84979.36673312302
3567,86651.90050338458
3568,89088.06159195979
3569,89589.25204481758
3570,89253.17013485591
3571,88130.06692127667
3572,84226.3384661827
3573,79603.4200428207
3574,75924.12583133338
3575,71809.07534072408
3576,61249.02017384057
3577,58648.072846632174
3578,56908.2141408764
3579,55635.669715706535
3580,55142.86609771233
3581,55645.65660998735
3582,57257.66852127494
3583,59288.98713567491
3584,62041.049774853054
3585,64282.45412829009
3586,65335.57387234988
3587,65098.010962220986
3588,64416.085848713
3589,66674.4843336171
3590,68299.21115473617
3591,69842.72588489378
3592,71910.44833035403
3593,73097.70833684271
3594,73651.13883310433
3595,73427.6733412489
3596,71072.41034654823
3597,67942.82353643191
3598,65390.95254981966
3599,62377.7300629556
3600,58925.83083190969
3601,56340.58365663929
3602,54584.36534245421
3603,53511.63832946507
3604,53112.29950160185
3605,53287.1989339526
3606,53653.029296096305
3607,53794.26895808034
3608,53737.83201039935
3609,54775.34314508504
3610,55951.97683338121
3611,56219.805665446256
3612,56667.540944586624
3613,57824.44524031457
3614,58880.60223646548
3615,60717.16717785496
3616,63288.383245540135
3617,65939.45964918092
3618,67499.10260774317
3619,68022.92369121463
3620,66618.92285271737
3621,64252.57102571736
3622,61895.892044635926
3623,59184.95283314228
3624,65252.88260380992
3625,63000.090977780346
3626,61582.7802376026
3627,60685.574858472864
3628,60506.50003056633
3629,61173.91371646601
3630,62926.78253543808
3631,65337.367213297744
3632,68225.51029869965
3633,70258.85378976732
3634,71208.18817274708
3635,70983.85597745149
3636,70256.27599732512
3637,71990.21997313306
3638,73145.24931469803
3639,74101.5687297066
3640,75459.89695634869
3641,75974.12719192053
3642,76183.9091800666
3643,75897.11589097841
3644,74006.21643169869
3645,71612.53339684238
3646,69666.19083701326
3647,67330.49165199131
3648,64519.80024576232
3649,62061.03774495463
3650,60522.07564097341
3651,59558.10312236751
3652,59407.22898929713
3653,60228.40389230569
3654,62339.090488859765
3655,65145.11899422347
3656,68505.13374925248
3657,70784.47991317078
3658,71780.20122822835
3659,71485.82513990268
3660,70664.78493146895
3661,73060.30244717539
3662,74648.49071706866
3663,76005.72893184592
3664,77815.22796798052
3665,78551.24012983708
3666,78792.82849643924
3667,78403.9143829349
3668,75986.13339962048
3669,72949.63941506407
3670,70492.36352933348
3671,67605.76375385292
3672,65701.64569401352
3673,62915.28840847025
3674,61053.8991312734
3675,59817.62471073079
3676,59530.196303556695
3677,60529.479997704155
3678,63169.36065103646
3679,66738.68607314635
3680,70952.48338555067
3681,73873.16721255117
3682,75125.98035898605
3683,74729.65460520468
3684,73537.57847571994
3685,76785.1682962737
3686,78956.2750465534
3687,80873.32514048513
3688,83445.63078913312
3689,84611.03985865045
3690,84921.9749385547
3691,84341.46011374414
3692,81045.96256167564
3693,76991.00409523319
3694,73838.00537112486
3695,70087.9188274748
3696,66465.77798408452
3697,63523.990709680285
3698,61611.33199700744
3699,60265.53800149151
3700,59912.326075699035
3701,61152.3570789548
3702,64436.460731659965
3703,68963.78709396391
3704,74381.60273338131
3705,78200.61836899768
3706,79698.2382136289
3707,79241.06820795534
3708,77483.216743722
3709,81958.14935731598
3710,84856.97752794412
3711,87445.09876877264
3712,90831.6416410743
3713,92129.79350523595
3714,92337.46638911695
3715,91580.85615370574
3716,87182.38105411398
3717,81906.09934481121
3718,77866.0742453432
3719,73100.84611803287
3720,63824.257569837995
3721,61483.79892352259
3722,59938.10420386318
3723,58922.56808182409
3724,58725.3955864228
3725,59876.909604950466
3726,63142.82891918777
3727,68220.46673684056
3728,74583.76941294142
3729,78361.49977670058
3730,79398.32893457438
3731,78804.16332554762
3732,76603.88738655808
3733,79706.97336329593
3734,81085.20107811377
3735,81908.44243677086
3736,82871.9463389095
3737,81848.5224273302
3738,80863.41308731226
3739,79967.5637785433
3740,76729.90607156996
3741,73003.93819442774
3742,70378.10154251562
3743,67156.47928576652
3744,61079.262785883046
3745,58800.34088756637
3746,57274.21059783778
3747,56265.43554297273
3748,56031.435342973855
3749,56942.558484163936
3750,59397.82491631733
3751,62929.73625907634
3752,67148.98377607022
3753,70060.4894928958
3754,71142.37142047739
3755,70875.95266514595
3756,69471.00161689047
3757,72217.19865487772
3758,73832.0628415609
3759,75136.18925726766
3760,76888.81170169204
3761,77344.61082433774
3762,77416.96618790494
3763,76956.70535653505
3764,74130.48681700017
3765,70695.23912673
3766,68131.17029043013
3767,64982.08972560968
3768,59037.4521065995
3769,56557.60114592735
3770,54759.610861923225
3771,53923.9358318163
3772,53580.4772226019
3773,53985.977527052855
3774,54532.77476353623
3775,54985.78806045933
3776,55131.40202725694
3777,55376.106217096945
3778,56132.78532916184
3779,56506.5866088033
3780,57385.488305389925
3781,58766.19817099188
3782,60109.758070283046
3783,62048.733297673396
3784,64632.0610924621
3785,67476.56167223108
3786,69172.93209992231
3787,69655.10975437525
3788,68120.70509599759
3789,65745.9760736567
3790,63158.52204571564
3791,60477.04381422955
3792,68106.00917209347
3793,65923.05438082319
3794,64714.006900807784
3795,64176.16953907807
3796,64271.19275073581
3797,65170.540762244345
3798,67052.13740921771
3799,69544.26312432055
3800,72299.34579981129
3801,73901.188113896
3802,74320.79247681005
3803,74077.21711143448
3804,73242.71871052458
3805,75109.98225859644
3806,76190.22013168795
3807,77055.48719146855
3808,78175.79708036914
3809,78486.90522027847
3810,78460.77699858851
3811,78133.61764445598
3812,76362.15812197204
3813,74208.9070872594
3814,72573.67850090156
3815,70574.3132610378
3816,69881.12926560098
3817,67494.89281766456
3818,66141.8496574563
3819,65477.16953487928
3820,65516.76901520603
3821,66551.7542471384
3822,68798.5447709039
3823,71816.11830301705
3824,75241.77722203165
3825,77385.99872802335
3826,78104.50472154516
3827,77965.07807045702
3828,77036.05534854672
3829,79328.81007646385
3830,80679.78962617631
3831,81846.29812890706
3832,83391.20183410755
3833,83943.23731483529
3834,84014.00743097164
3835,83630.76018598986
3836,81298.92812646263
3837,78493.16982597123
3838,76308.23287859185
3839,73722.45680671258
3840,68419.47603212396
3841,65664.36318139044
3842,63953.15876245533
3843,62972.44528755396
3844,62850.496516526066
3845,64042.16044302181
3846,66833.08671296353
3847,70914.89949612037
3848,75759.99137137587
3849,78921.5827538928
3850,80143.61460891904
3851,80145.44609114208
3852,79072.48859682775
3853,81934.40833479518
3854,83499.56415940604
3855,84823.33065282727
3856,86606.41302878804
3857,87052.40752687222
3858,87091.29126839164
3859,86515.3612000147
3860,83391.88552533099
3861,79618.5280699152
3862,76600.10641398415
3863,73184.12460135773
3864,66824.05160638377
3865,63767.339665436855
3866,61683.61725707601
3867,60419.730572363085
3868,60191.24940621502
3869,61528.17969364361
3870,64887.960426839796
3871,70275.38132935257
3872,76790.93015247672
3873,80935.35882092807
3874,82575.32271623769
3875,82632.10263097554
3876,81219.28507169223
3877,84605.71915039812
3878,86413.98524742208
3879,87961.86294861212
3880,90055.61631984213
3881,90505.4219469874
3882,90562.3827964993
3883,89774.43748829045
3884,85692.26324818203
3885,80756.23507759249
3886,76840.22026200751
3887,72459.13892468212
3888,66590.13515645571
3889,63773.7950962731
3890,61863.294285153876
3891,60707.87754301487
3892,60420.24440723406
3893,61790.92888087703
3894,65395.97854662747
3895,71468.68587296322
3896,78698.13130411992
3897,82727.5320033744
3898,83991.88957244913
3899,83680.0268377514
3900,81880.39684130467
3901,85356.21783435157
3902,87043.52368667095
3903,87886.0094485455
3904,89094.28618236649
3905,89086.2547387872
3906,89307.91208228731
3907,88586.69317113858
3908,84336.19153857545
3909,79744.4317213515
3910,75971.5683585427
3911,71779.18054189303
3912,61433.48014987076
3913,58824.21220408652
3914,57039.409287573704
3915,55779.43452897014
3916,55251.55893651729
3917,55361.16577397123
3918,55912.257564425585
3919,56616.316008702444
3920,57388.03765458626
3921,59075.82392211724
3922,60479.51714138865
3923,60731.908935637126
3924,60661.79246209363
3925,61271.506960775165
3926,62154.21685517049
3927,63215.56487829486
3928,65012.710935082025
3929,66881.54921744055
3930,67995.62872959547
3931,68220.52177753385
3932,66512.51409955398
3933,64198.678311257834
3934,62618.543664962745
3935,60197.86986222754
3936,57470.38027737353
3937,55055.51315544835
3938,53556.12552545486
3939,52732.0030028051
3940,52366.54409365907
3941,52731.62853031205
3942,53342.31882240662
3943,53926.23591327564
3944,54529.47031168771
3945,55915.1748081853
3946,57443.2397483654
3947,58048.82872176898
3948,58517.598703210184
3949,59392.97200372
3950,60430.57897521874
3951,61370.41220988383
3952,63429.083300877624
3953,65421.501647014986
3954,66492.92073947741
3955,66384.12172501469
3956,64647.4807971702
3957,62296.402903140384
3958,59954.85819917175
3959,57482.79423938351
3960,55085.93891987479
3961,52577.01778425362
3962,50956.263500099616
3963,49867.813771651825
3964,49415.08547460478
3965,49640.49963381151
3966,49970.66758353891
3967,50572.67241748906
3968,50877.97450401544
3969,51935.610753946035
3970,53479.25637640482
3971,54547.17715798568
3972,55529.784806159216
3973,56879.23545579159
3974,58218.14751130565
3975,59295.40564887662
3976,60696.74245372756
3977,62129.00079498037
3978,63315.20061327478
3979,63330.02310331391
3980,62071.615601488455
3981,60270.1652955256
3982,58313.838689030556
3983,55913.49971042332
3984,56718.76681416261
3985,54330.97627100879
3986,52737.58780521342
3987,51609.68726397705
3988,51058.86888900121
3989,51207.61191503111
3990,51853.6540848841
3991,52574.6925717744
3992,52244.41132988692
3993,51772.56488589592
3994,51993.67101430353
3995,52732.846859681005
3996,54097.80997747205
3997,55331.006541411225
3998,56832.51556764283
3999,58600.28462211195
4000,60697.371101138386
4001,62613.68715496492
4002,63970.928603358254
4003,64313.650080954976
4004,63372.42229102595
4005,61965.43073521894
4006,60377.86161336707
4007,58361.956923904225
4008,57835.46743613957
4009,55334.32370983109
4010,53740.78175759725
4011,52838.636314211886
4012,52715.59972169941
4013,53213.80636763496
4014,54007.005779507
4015,55091.93707495594
4016,56168.2057287513
4017,57674.04505338856
4018,59530.35208392474
4019,60903.01158708513
4020,62157.31232550449
4021,63339.20284192738
4022,64464.26861308188
4023,65661.45996042862
4024,67101.84902425045
4025,68281.7663327628
4026,69175.54936350086
4027,69165.16467860513
4028,67920.94705430324
4029,66061.17519384858
4030,64145.68119340588
4031,62022.20594469759
4032,66105.5633162694
4033,63377.9730362454
4034,61763.23490329284
4035,61118.79079937677
4036,61369.76590011235
4037,62932.55470511375
4038,66127.17600389935
4039,71104.2303586622
4040,76723.18199955141
4041,79942.02425840679
4042,81412.22616981447
4043,82075.70778448577
4044,82267.30375091988
4045,84266.45376203068
4046,85380.33349005415
4047,86016.97719398634
4048,86209.6443404375
4049,85579.03655234558
4050,85109.44835560264
4051,84491.21418596392
4052,82169.32161955592
4053,79692.88404458889
4054,77669.49980673665
4055,75408.89780772851
4056,63878.96943545874
4057,62146.982166148366
4058,61252.57633313646
4059,60652.398276379354
4060,60888.69934192757
4061,62387.79435980227
4062,65784.01332975313
4063,72008.87617363085
4064,79702.98097701816
4065,84717.06499894141
4066,86470.0568877619
4067,85682.58228281584
4068,83425.43825880943
4069,84904.57884464494
4070,85398.51083249529
4071,85046.17021420177
4072,85051.25918707607
4073,83389.23247686388
4074,82474.36556223415
4075,81345.37830120446
4076,78512.69125460536
4077,74714.55712318495
4078,71785.35358810474
4079,68962.0070058947
4080,55546.0734164814
4081,53180.29624073241
4082,51539.83372285061
4083,50571.39144987703
4084,50173.442765408545
4085,50324.808038016665
4086,50772.56477921839
4087,51970.52135345284
4088,53588.93778373722
4089,55408.8898328393
4090,56302.55354066456
4091,56352.35377142729
4092,55800.37749893481
4093,56146.05500519262
4094,55914.63857771891
4095,55739.140184452
4096,55657.915388851834
4097,55483.862760400494
4098,55900.48750923491
4099,55698.85552120875
4100,54825.219770821335
4101,53621.816423554046
4102,52955.12267578559
4103,51611.000297261286
4104,52864.8034716565
4105,51126.10749484112
4106,50042.95739891474
4107,49375.67306585951
4108,49191.70335786597
4109,49454.82247294123
4110,50069.4535966506
4111,50270.3334879171
4112,50102.357854723676
4113,50125.21568010971
4114,50459.78902061559
4115,50838.179691416866
4116,51806.487942371314
4117,53140.24519083484
4118,53765.08984827629
4119,54417.580113515905
4120,55557.03061982367
4121,57028.12572820048
4122,58466.12927629888
4123,58497.387086728886
4124,57604.139896337016
4125,56166.82512318096
4126,54987.28557577003
4127,53530.56218120227
4128,58133.348789959266
4129,56507.31559432628
4130,55813.39637170159
4131,55636.025242882126
4132,56185.513427078535
4133,57879.65597894476
4134,61253.26902800598
4135,65365.675163930566
4136,69062.36052575374
4137,70214.05953437992
4138,69786.81258284579
4139,68243.20900493003
4140,66454.64023112788
4141,69283.23366007657
4142,71312.33082801719
4143,73423.51509983676
4144,75884.19086141037
4145,76276.44037625873
4146,76261.16996866431
4147,75023.30493081389
4148,72385.05458970861
4149,69997.87387595307
4150,68703.21985871198
4151,66742.2517676038
4152,58606.5119815548
4153,57088.62645909945
4154,56173.45297648619
4155,55440.32977989397
4156,55609.49934460754
4157,56642.72981524874
4158,58523.00378576137
4159,60512.96529366443
4160,61849.517383277474
4161,62052.332486223015
4162,61649.96162318407
4163,60370.56016174999
4164,59321.67548857914
4165,62386.20813467523
4166,64566.887565996796
4167,66278.50729316403
4168,68567.2302898518
4169,69536.07034043243
4170,70206.06328011682
4171,69211.72782791583
4172,67058.0298947729
4173,64832.838447033086
4174,63157.0929873002
4175,61406.81732572762
4176,59496.269400125464
4177,57554.35299727383
4178,56464.487658883656
4179,55980.86456758651
4180,56021.321233270086
4181,57249.852918800105
4182,59604.28106423983
4183,62399.45610486895
4184,65419.110949787435
4185,67475.88299366462
4186,67887.1776312692
4187,66493.65890720226
4188,64793.14049733663
4189,67851.08396826955
4190,69348.43607689462
4191,71004.95377236686
4192,73398.84174411048
4193,73855.05440625403
4194,74235.83383189805
4195,73194.3871063885
4196,70602.42123906418
4197,67805.86838791687
4198,65994.0756597502
4199,63738.10589592172
4200,59652.334731589326
4201,57495.486372261475
4202,56281.51517721796
4203,55568.3187196935
4204,55621.460234686834
4205,56859.9208977028
4206,59699.95714738798
4207,63329.510848402104
4208,67076.26678541001
4209,68915.20415707935
4210,69255.06609243549
4211,67791.69442010358
4212,66167.5953722733
4213,69908.05933650344
4214,72126.91840864884
4215,73804.43278283902
4216,76319.84040367338
4217,76592.19402734342
4218,76914.06947175373
4219,75468.19141571668
4220,72302.51369889373
4221,69053.34506123811
4222,66893.00070351473
4223,64188.88819457977
4224,58556.02281040628
4225,56215.35097406926
4226,54696.53258823449
4227,53681.66434884729
4228,53560.717188058436
4229,54929.33332520502
4230,57992.48932873751
4231,61928.75653128529
4232,66016.6744861917
4233,67971.87392906952
4234,68128.39842319176
4235,66493.43684036829
4236,64691.52215027587
4237,68662.99736680754
4238,71034.30958879025
4239,73069.40112411683
4240,75923.93894023474
4241,76360.46124997763
4242,76782.27101476415
4243,75184.23507467711
4244,71709.34192660102
4245,68038.3265925232
4246,65714.95216744262
4247,62672.926941110716
4248,53760.76020043281
4249,51722.710232841804
4250,50496.31294929587
4251,49613.46939079609
4252,49377.9919412187
4253,49917.58559258549
4254,50980.33948036368
4255,51719.25654486075
4256,51915.563200174394
4257,52295.48694903206
4258,52879.16244395917
4259,52386.021408543376
4260,51839.03593113244
4261,53871.545755388455
4262,55265.54949416504
4263,56725.44147008609
4264,58444.41078348006
4265,59223.23203424753
4266,60323.827048105566
4267,59824.885404819936
4268,58155.173121334476
4269,56107.25219391695
4270,54993.4027003001
4271,53011.531103583395
4272,52581.34686181123
4273,50793.867245678724
4274,49617.57633176598
4275,48888.890715084366
4276,48769.540181872064
4277,49114.49569224843
4278,49513.72367045815
4279,49270.5431379862
4280,47963.2890754991
4281,47411.76528180456
4282,47729.96812202335
4283,47591.055811666694
4284,48077.36751352771
4285,49326.76448055913
4286,50519.37105572203
4287,52376.30961499567
4288,55169.68933115103
4289,58094.19333845228
4290,59935.63800048995
4291,59872.53596355262
4292,58729.591242308044
4293,57016.0364453748
4294,55689.03534463465
4295,53689.81829359891
4296,58538.5195865954
4297,56585.66678246522
4298,55493.206724096846
4299,54947.011680605916
4300,55068.29055140131
4301,55996.741989885595
4302,57664.231705826925
4303,59387.74516662753
4304,60692.32808177971
4305,61300.55414845649
4306,61515.298485137195
4307,60746.25203578566
4308,60031.23825443705
4309,62167.72877147443
4310,63590.30769920519
4311,65001.26421987662
4312,66833.02560782313
4313,67592.31999725227
4314,68115.03435512625
4315,67370.2624801729
4316,65655.408354563
4317,63752.030388059764
4318,62541.23574583298
4319,60793.0048873912
4320,55501.148488711886
4321,53960.87360590002
4322,53018.72801711585
4323,52486.44927696791
4324,52471.44856028841
4325,53144.718678052086
4326,54440.31090495014
4327,55820.50795225889
4328,57034.39860972219
4329,57748.00722417432
4330,58118.80916346012
4331,57647.25821943433
4332,57069.058508827526
4333,58676.77916074667
4334,59652.40858332762
4335,60600.350752927654
4336,61857.80224132173
4337,62274.22831619291
4338,62710.529578763795
4339,62107.4098428164
4340,60739.73072119829
4341,59196.64233284131
4342,58263.044910727156
4343,56841.22948268487
4344,57162.08279971246
4345,55494.3403242996
4346,54274.783948502605
4347,53363.0982853545
4348,53166.48610315021
4349,54028.63549363696
4350,55871.352298688194
4351,57882.778990380866
4352,59512.88467368317
4353,60206.51542429412
4354,60419.29184669315
4355,59431.59861698042
4356,58441.65604369738
4357,60831.91441932125
4358,62476.45059475989
4359,64080.53008808723
4360,66249.27823752124
4361,67105.77953609056
4362,67905.323187104
4363,66971.52533487878
4364,64975.4732377884
4365,62743.30240559866
4366,61472.23603367146
4367,59442.951972428884
4368,54858.906525578976
4369,53144.63579366165
4370,52050.80024033596
4371,51296.03786472969
4372,51192.70008543934
4373,52085.39628521247
4374,53775.23702485026
4375,55544.28410530999
4376,56900.335780515146
4377,57487.039965242
4378,57691.16451363749
4379,56704.3713861794
4380,55665.28265608613
4381,58161.290483193225
4382,59913.876901649026
4383,61557.07413646624
4384,63708.58476267953
4385,64721.88089789091
4386,65856.1242149233
4387,64990.55568050406
4388,63104.23384005662
4389,60862.80093194035
4390,59555.67932145117
4391,57464.64652214733
4392,55631.40938304129
4393,53652.601394291276
4394,52346.170438091256
4395,51535.93881116072
4396,51451.87833036252
4397,52443.993584046424
4398,54388.22790267847
4399,56286.93823474024
4400,57490.382189132215
4401,57523.9543757983
4402,57018.37832950588
4403,55458.028050469606
4404,54161.196068160134
4405,56757.14794365746
4406,58789.295096179245
4407,60772.558300038516
4408,63410.95297024893
4409,64832.12612294233
4410,66222.65401720037
4411,65342.426174259235
4412,63546.263731905405
4413,61453.006497851726
4414,60280.990063459976
4415,58293.59700532159
4416,52553.638333819705
4417,50676.59785218762
4418,49390.718913657605
4419,48513.023583430295
4420,48317.54989238389
4421,49055.098844198656
4422,50580.19782512227
4423,51907.12581605012
4424,52513.12263418114
4425,52305.01172344895
4426,51897.11887350552
4427,50735.243942522706
4428,49854.35158093527
4429,52204.14908576857
4430,53955.85467414492
4431,55702.695393641516
4432,58160.95219534433
4433,59739.09151866957
4434,61103.38896240744
4435,60362.26050111936
4436,58787.64968575282
4437,56933.33063690339
4438,55926.263650222194
4439,54164.5958403609
4440,51931.54274469494
4441,50550.984379821115
4442,49699.02703507952
4443,49181.837667452535
4444,49118.329138485424
4445,49633.622422527806
4446,50493.10075435758
4447,51066.62396631462
4448,51209.12587112614
4449,50996.90904275841
4450,50893.908195576354
4451,50481.86573100077
4452,50392.12147990554
4453,51716.68486743791
4454,52577.388669053355
4455,53430.40392234263
4456,54785.68270339419
4457,55952.21569685996
4458,57026.85367225188
4459,56668.53477088872
4460,55861.95709498234
4461,54766.30939426134
4462,54051.19552048077
4463,53009.12117210618
4464,57988.098835672106
4465,56678.90545458794
4466,56129.99659583393
4467,56002.831358183794
4468,56337.106798492925
4469,57295.5273707562
4470,58708.78069327136
4471,59973.254972884795
4472,60818.627574781545
4473,60746.61200768573
4474,60339.43277984445
4475,59412.978777302385
4476,58665.03403717793
4477,60340.902304595256
4478,61468.85083182798
4479,62461.09236090873
4480,63911.1202611738
4481,64727.875742871
4482,65722.7869588084
4483,65187.28064620307
4484,64117.68390672977
4485,62821.39344280177
4486,62103.82096616825
4487,60923.77565152352
4488,58111.20642526574
4489,56378.89989520644
4490,55416.06701306224
4491,54977.78873220301
4492,55119.037062477066
4493,56060.848056441355
4494,57665.11809273162
4495,59224.96036897649
4496,60154.18873679269
4497,59798.87775492385
4498,58993.092009610125
4499,57699.86406848609
4500,56847.05663060659
4501,58951.748974803835
4502,60399.04050700967
4503,61747.19390277958
4504,63682.8684036226
4505,64843.827488366434
4506,65959.12740682386
4507,65349.38597689013
4508,64136.97686299135
4509,62710.936991993956
4510,61883.02099709011
4511,60587.36793495651
4512,55850.271380240585
4513,54021.62140274533
4514,52897.68822932411
4515,52279.372752512834
4516,52349.14544079279
4517,53368.19533697256
4518,55325.28120007609
4519,57191.11283865451
4520,58192.03610803427
4521,57562.19938478871
4522,56811.56725409358
4523,55785.04741145943
4524,55053.03319954097
4525,57797.87077322951
4526,59627.08793957969
4527,61251.18900505914
4528,63499.67094411342
4529,64900.09607828404
4530,66544.9910430917
4531,65750.4616155857
4532,64141.72399385939
4533,62233.898428860564
4534,60998.13800590231
4535,59183.07486818163
4536,57584.97299727252
4537,55458.73450188941
4538,54175.43531509957
4539,53475.9576287548
4540,53597.436491961365
4541,54885.81747845783
4542,57460.68332617086
4543,60039.35804474586
4544,61534.98201317868
4545,60698.54043286232
4546,59572.90575434906
4547,58098.57659033715
4548,57075.98408509638
4549,60471.64071562555
4550,62739.93688370343
4551,64959.06260149271
4552,68063.93998848979
4553,69949.50697459052
4554,71871.63250932873
4555,70708.69230101867
4556,68502.81288783684
4557,66039.95457683991
4558,64566.48759981339
4559,62327.59614155576
4560,55798.30661290639
4561,53683.50371731405
4562,52367.53401326118
4563,51606.98699154784
4564,51708.938963961715
4565,53030.289049866944
4566,55697.20331652734
4567,58429.87672778689
4568,60126.06074588428
4569,59349.319439045066
4570,58171.555322484084
4571,56608.60526075299
4572,55510.853690269076
4573,59122.483022634806
4574,61472.23259076852
4575,63745.27044643856
4576,66852.69257621888
4577,68599.40185782178
4578,70430.92807465403
4579,69120.74110066392
4580,66803.96716077063
4581,64198.261306609005
4582,62603.65384456772
4583,60272.378575366616
4584,51852.30323784782
4585,50000.80192509727
4586,48784.9411682
4587,48133.3316040108
4588,48188.38980178279
4589,49188.239391675495
4590,51073.059300691195
4591,52908.938586115786
4592,53924.02165506277
4593,53161.110247007025
4594,52001.97105465729
4595,50631.59610412611
4596,49533.81664129997
4597,51920.807264819734
4598,53725.14971588435
4599,55720.72275074391
4600,58286.97335102826
4601,59672.308796013036
4602,60995.38563271984
4603,60110.788656767974
4604,58605.14435315989
4605,56769.83718359689
4606,55665.96765082466
4607,53960.38798794783
4608,51350.868714135744
4609,49835.151874714575
4610,48964.26865014095
4611,48536.54631321323
4612,48495.33318271155
4613,49163.59597821488
4614,49871.58808438076
4615,49805.694452240845
4616,48496.38803177145
4617,46959.81585408711
4618,46520.252446279505
4619,46831.46847043869
4620,47076.418803614215
4621,48662.08123062047
4622,50477.65574529773
4623,52234.8644939024
4624,54055.39763379583
4625,55635.111140684625
4626,57192.68983773483
4627,56893.41826974845
4628,56123.5403616694
4629,54946.247615531705
4630,54003.68101859675
4631,52634.39594082609
4632,57802.04141363606
4633,56130.8470875125
4634,55219.053211440114
4635,54854.566714055516
4636,55057.61424481117
4637,55999.143072213075
4638,57619.1762690053
4639,59181.65525388871
4640,59992.3139290594
4641,59475.10363730861
4642,58792.87374890733
4643,57976.97448594523
4644,57125.892258428765
4645,59012.69599954219
4646,60429.57632110042
4647,61816.825738849235
4648,63484.19760943555
4649,64348.55973980621
4650,65235.429758078266
4651,64569.66686063626
4652,63446.937879832236
4653,62159.748202191426
4654,61363.728299490576
4655,60112.55979847296
4656,58172.98621494098
4657,56213.451376302866
4658,55141.609397092565
4659,54637.883825007026
4660,54884.40063732124
4661,56183.93804975703
4662,58477.88568672468
4663,61090.42288681636
4664,62982.203879602894
4665,63058.037594731
4666,62711.92327014287
4667,61876.82302376886
4668,60826.89147341199
4669,63355.77803655506
4670,65092.14337976906
4671,66546.05680126803
4672,68257.14534842278
4673,69112.25188784795
4674,70250.73364005225
4675,69130.622711487
4676,67433.76636361261
4677,65481.33202627146
4678,64291.26140838305
4679,62437.35146519678
4680,57899.25751497296
4681,56302.555488325146
4682,55327.939745362746
4683,54773.07987079078
4684,54969.09785738103
4685,56190.35585402684
4686,58733.05587148541
4687,62097.70363637341
4688,65295.37712937802
4689,65789.11157033454
4690,64691.73600295914
4691,62579.30206160579
4692,60076.00839881583
4693,63410.237342778186
4694,65447.40169838271
4695,67230.38847795439
4696,68999.54990289483
4697,69502.69742096608
4698,70114.06674282288
4699,68774.74726578694
4700,66821.23493746656
4701,64775.55169162395
4702,63296.67658501482
4703,61438.316682079625
4704,58016.95515019342
4705,55998.4392217843
4706,54594.91936378437
4707,53864.660238301076
4708,53971.48168637932
4709,55487.25435823145
4710,58525.48578798349
4711,62525.117909265275
4712,66417.6393517326
4713,67081.9560128372
4714,65808.22477170316
4715,63175.67308347007
4716,60215.879319865024
4717,63715.31579167839
4718,66149.8586827512
4719,68612.4469362806
4720,71432.84805238678
4721,72367.65702072496
4722,73412.88201299268
4723,71728.59728440925
4724,69243.47723818867
4725,66525.93029341832
4726,64911.00841375845
4727,62599.7879946369
4728,58862.90599624167
4729,57058.59858001454
4730,55941.15115274265
4731,55294.38702011764
4732,55297.97525932983
4733,56599.053988510386
4734,59481.37334640827
4735,63269.92186944836
4736,67346.28249780067
4737,69091.32602678241
4738,68877.91091074958
4739,67228.65837701026
4740,65010.20436998733
4741,67914.83967962113
4742,69331.03330111367
4743,70505.0358719413
4744,71787.3388342412
4745,71567.52169267884
4746,71896.74097106558
4747,70527.3158946202
4748,68316.9422159706
4749,66065.13142621696
4750,64730.22340757457
4751,62870.25822834443
4752,53081.81631135946
4753,51416.02290407738
4754,50384.23686068973
4755,49601.52025951814
4756,49337.34544800698
4757,49739.52913023418
4758,50929.6489258549
4759,51998.87181082906
4760,53350.53114795583
4761,54219.100252353244
4762,54526.15778472019
4763,54206.714670388166
4764,53463.321857789706
4765,54494.032926506276
4766,54874.65136023781
4767,55110.71595572811
4768,55477.05024239415
4769,55693.921285371885
4770,56380.53174770449
4771,55805.458284603425
4772,54838.03476514634
4773,53635.87037839614
4774,53059.27423122233
4775,51976.48742553189
4776,51138.29760229661
4777,49276.38590860176
4778,48171.44303261842
4779,47776.90387832868
4780,47928.0848150427
4781,48643.74209548838
4782,49383.396701673824
4783,49021.57032859155
4784,46998.11973783096
4785,45064.60622506344
4786,44394.201174647285
4787,43834.917377792306
4788,44618.08392745557
4789,45703.958916170355
4790,47122.884340465134
4791,49285.13161910286
4792,51924.51883148285
4793,54768.01222603589
4794,56782.560673647306
4795,56804.920826475376
4796,56281.65644779114
4797,55352.13453283929
4798,54063.25870823616
4799,52720.50857858399
4800,58977.18600618069
4801,57723.928861714965
4802,57004.91303519569
4803,56682.88681798734
4804,56834.46808961901
4805,57572.949136164694
4806,58960.485262278344
4807,60631.694665526775
4808,62195.430619675804
4809,62651.86793076971
4810,62366.28160331405
4811,61472.962223663264
4812,60443.16075525009
4813,61764.674116902264
4814,62512.74330875812
4815,63193.29410606696
4816,63970.2652573715
4817,64185.93570494742
4818,64556.707915709376
4819,63954.655629406996
4820,63017.71249880163
4821,61989.82146042683
4822,61350.88529244773
4823,60434.87153223857
4824,59502.29409245985
4825,58049.49342056136
4826,57214.529996281795
4827,56835.81912264208
4828,56937.81388665984
4829,57689.65981039362
4830,59121.99794789061
4831,60731.491729482725
4832,62188.601575533445
4833,62533.058052594475
4834,62180.462113368965
4835,61256.943631362126
4836,60173.2807354827
4837,61582.12386924637
4838,62460.64787001299
4839,63325.40718814808
4840,64305.760879703965
4841,64689.073106133845
4842,65121.35285326187
4843,64539.563428090565
4844,63583.549809224576
4845,62524.966167942024
4846,61840.345987377004
4847,60887.65795770496
4848,57768.58191877135
4849,55768.21182574585
4850,54624.307414665775
4851,54082.412102803406
4852,54258.19954832786
4853,55473.78675511137
4854,57823.3055068528
4855,60565.82801555628
4856,62958.05967552381
4857,63675.451968639485
4858,63346.747152186035
4859,61848.13145316373
4860,60039.169733213625
4861,61989.51700047082
4862,63307.00870822825
4863,64680.456075808055
4864,66472.12549952803
4865,67242.63549558865
4866,68018.24138679043
4867,66981.86797033611
4868,65350.708306226385
4869,63537.53076580816
4870,62490.29690355946
4871,60901.499187511574
4872,56770.10654587123
4873,54379.59903600133
4874,52991.62516226519
4875,52193.64636130622
4876,52324.53179350895
4877,53852.87678497239
4878,57085.68568453493
4879,60923.285451383585
4880,63793.33497357821
4881,64213.152150233094
4882,63417.44284595185
4883,61013.95783679157
4884,58233.440950783035
4885,61189.87369050089
4886,63319.71970997998
4887,65763.90243024276
4888,69012.03590559664
4889,70449.41832107102
4890,71518.48245668739
4891,69869.24764270007
4892,67464.57282202353
4893,64874.135634234866
4894,63448.84782511414
4895,61175.78232509256
4896,56365.946384756346
4897,53993.23607869063
4898,52580.32271587887
4899,51796.334075695966
4900,52018.4406130805
4901,53584.102203094844
4902,56931.77128239639
4903,60875.09757671944
4904,63014.65887109351
4905,62310.06658844969
4906,60826.396667399946
4907,58198.86401359701
4908,55483.374401436995
4909,59180.395637378955
4910,61952.14460680042
4911,64929.102309951646
4912,68324.82759078396
4913,69727.21773369706
4914,70659.31199957983
4915,68890.47346013831
4916,66530.42826058192
4917,63974.726550092964
4918,62722.115475885665
4919,60419.24698648725
4920,52688.48298322957
4921,51045.74464702145
4922,49849.75586848916
4923,49299.3434330172
4924,49310.465906897174
4925,49899.11217836046
4926,51024.33549176588
4927,51335.006965162014
4928,50123.242619815566
4929,48431.79897667244
4930,46996.544254084
4931,45918.91684229206
4932,44982.39121175366
4933,46742.600590004935
4934,48263.99596630488
4935,50274.00800317648
4936,52887.511460521164
4937,54449.772890983215
4938,55647.927309251405
4939,55181.67854558948
4940,54418.385312662496
4941,53384.49988165799
4942,53041.24032847931
4943,51898.1964554419
4944,51418.19295374008
4945,49873.6651611745
4946,49057.37835131427
4947,48844.22560379275
4948,48858.49730009254
4949,49429.62626990281
4950,50354.83400527468
4951,50391.02436650307
4952,50129.59897858958
4953,50192.483501840274
4954,50562.79992700564
4955,50832.834595934735
4956,51047.16755704217
4957,51606.97699070042
4958,52119.968239100876
4959,53091.485555858024
4960,54370.12620634341
4961,56200.05166872531
4962,57536.12064657636
4963,57105.17378703036
4964,56311.89741064025
4965,55339.192456416116
4966,54379.850529983756
4967,53195.687552959476
4968,57219.004888911615
4969,55552.10105240465
4970,54643.695735356334
4971,54328.84854336314
4972,54607.39121788596
4973,55630.59461465351
4974,57476.25311563936
4975,59436.63497042284
4976,60551.64939654201
4977,60350.072267865864
4978,59662.65689662389
4979,58404.42104727034
4980,56916.35557477734
4981,58619.88670219714
4982,59898.94993357917
4983,61326.1783784086
4984,62961.31834971039
4985,63750.59207094414
4986,64225.120336889035
4987,63399.12775626468
4988,62247.05751047289
4989,61008.615857666555
4990,60384.5491302004
4991,59216.99551461881
4992,56966.36022371908
4993,55210.023752620036
4994,54258.501942587696
4995,53939.69573213614
4996,54216.58765961415
4997,55277.00014078111
4998,57242.27116273443
4999,59205.39996704284
5000,60105.85977842622
5001,59599.32575006783
5002,58683.11542270946
5003,57195.368469224755
5004,55528.971475600825
5005,57502.913447147075
5006,58945.24752970109
5007,60785.651374801935
5008,62969.338736485704
5009,64073.02759291408
5010,64747.64084713384
5011,63884.718853359685
5012,62626.44238715901
5013,61264.354020302424
5014,60571.96035636855
5015,59227.48005633684
5016,56389.63920830039
5017,54408.401445548385
5018,53278.977590533344
5019,52886.80378588147
5020,53186.49749415141
5021,54482.708598053236
5022,56966.85516260159
5023,59373.24847393522
5024,60361.45208691958
5025,59579.82234343426
5026,58338.02003632281
5027,56632.515045485816
5028,54790.93602037194
5029,57619.90013054892
5030,59501.621182893476
5031,61903.97605964021
5032,64640.9949227143
5033,66018.88726686285
5034,66887.46922036007
5035,65761.16664799514
5036,64053.550517923264
5037,62287.721398390524
5038,61378.15317159941
5039,59601.14190171561
