,sarimax,sarima
0,66909.83161135968,80491.01976162576
1,64590.15462422346,76837.46642821838
2,60463.42862990699,72625.60167954907
3,56814.65326021384,69950.63217164275
4,52196.92041021891,66346.39984581673
5,46614.60102046213,61616.28210017327
6,43240.91226307381,58904.23101255491
7,41636.59990307976,57258.58075218683
8,41066.66915968065,56241.258709757996
9,41323.3084586082,56107.586940660556
10,42707.365885180174,57121.393428490665
11,45955.70476806253,59873.357386273026
12,49499.434465602215,63725.44326533511
13,51573.65149161713,68168.76140624032
14,51491.37235431332,71100.72165231527
15,49485.9625821389,72075.97079037578
16,46651.996911394235,71568.68390574606
17,43991.70402586803,70273.4030722872
18,47176.8940977653,73731.8817581793
19,49886.44058086569,76011.65295009711
20,53196.7104170788,77676.48209736167
21,57297.93075304951,80121.24592428864
22,59510.06267561348,80980.42157832539
23,61063.90902262348,81096.08107857018
24,63778.634579681275,52590.47968056449
25,68971.35866731405,54945.993749049405
26,71643.1023466289,55107.04941725817
27,71414.36043954668,54468.591442653444
28,68284.85571885367,53077.93369923655
29,63680.26609999781,50988.00315784923
30,59579.87374153418,49704.96946385739
31,56931.789230204304,49580.91679007662
32,55308.244921697784,49301.2120595135
33,53077.25065305908,47710.59573384534
34,53035.62032033748,46626.535731745316
35,53130.47556459528,45969.83436365494
36,53021.28407500156,45600.58588183421
37,52755.61312915663,45978.630674493346
38,52361.441450161095,46912.779862438096
39,52958.41134066446,48531.187894223105
40,54899.04265935873,50374.525190679225
41,58196.41772799354,51866.49761056574
42,60434.12826627105,51713.199058998594
43,61319.96650824946,50833.26599890597
44,59861.72945257924,48982.671571012135
45,58890.9737096902,46796.15271162409
46,62136.593745927516,47681.56283989231
47,63367.32422035871,48400.66214957473
48,47843.747588453625,48265.292626828596
49,48171.30281366305,48132.997631206315
50,48201.26274928131,47938.83569400702
51,49323.68386822559,48317.588808477536
52,49383.42665745697,48496.154228012616
53,47973.04253149629,47814.52122402162
54,47161.64082727563,47136.90268506274
55,45930.31947911764,46757.0790840104
56,44786.47347563714,46146.363600864235
57,42358.78592446931,44874.20285434535
58,40364.558672080224,44212.04165371743
59,39263.10117106366,44042.8293599641
60,38374.523927240196,44153.703323324
61,38413.95905691292,44631.080195618335
62,38918.71961895713,45245.55620148617
63,39609.44889969789,45760.74495248204
64,39436.99102562383,45841.27934217363
65,41518.02651591901,45773.179061023584
66,43872.69581267862,45770.4820172243
67,46694.880917206305,45808.84562406404
68,47986.38199479742,45293.96552653939
69,48354.65195930089,44728.75040041618
70,49413.901268079055,45219.78133719757
71,50436.22827711813,45029.38349006086
72,43065.99537934098,42224.705852499246
73,44680.333267694245,42888.085212451515
74,46034.21816238428,43525.287800373764
75,46011.14249574017,44111.40267883794
76,45322.197726490296,44313.19023426752
77,43448.567835961345,43730.69551951331
78,41374.814319564255,43200.9384706741
79,40698.13711026518,43103.66951949411
80,39555.227404212004,42882.9205506029
81,38013.72349926053,41863.71175824211
82,36026.48550460605,41234.670734362975
83,35609.66179983261,40926.5012674542
84,35591.938725839376,40763.67046321215
85,35671.74255093289,40811.66052678903
86,36198.316732423154,41078.76541486157
87,36248.132163923976,41223.971539582955
88,35662.64594870511,40722.54500566684
89,34234.88484257222,39747.382589365385
90,33498.943000453444,39033.172339811055
91,34179.97416227858,38651.87104974924
92,33894.5416973235,38240.60732266988
93,34687.726250015396,38129.10597541499
94,35911.0833586728,38507.14739056093
95,37302.54647247992,38712.93517178935
96,64221.918642798504,64790.52540653306
97,64751.66812318771,66404.65908331201
98,66939.3164126053,67918.34973522797
99,68637.3860951672,68946.31143737963
100,69511.15748090016,69315.4505260773
101,68924.72273630471,68745.7723141969
102,67993.78983480808,67960.10684883416
103,67483.41681077762,67500.33956873443
104,66344.36364701818,66904.24939343511
105,63969.28207064951,65683.6020109046
106,62782.30578272988,64945.071383920214
107,61619.52802042253,64682.73721627386
108,60331.302064669384,64659.33261386544
109,59938.7772751839,65006.44597655631
110,60236.672787631214,65705.07591712629
111,61739.09051863331,66779.37479638257
112,63663.61686722074,67530.28386797877
113,65315.4179613659,67767.60195003591
114,65906.51690305267,67548.85669867229
115,65748.14539238274,67342.24393648334
116,66225.22300673951,66958.03445109105
117,65915.4026025436,66454.23266606894
118,68071.16999825949,67385.12495266844
119,69627.3646466605,67873.96421175706
120,58263.360997771735,58039.42510816888
121,61225.667736593954,60113.91880302074
122,62213.53605633538,61630.75451586534
123,63161.21350335002,62571.222544946744
124,62139.02837245688,62639.34156354928
125,59859.653104231475,61596.96903040821
126,57570.81741167675,60393.09874448563
127,55657.18430503072,59532.12180969306
128,54021.485377333534,58659.97820346186
129,52047.036952421455,57439.119350357294
130,50217.60932525711,56910.09193884847
131,49573.61484595652,56853.42951259451
132,49365.06423112497,57016.407427217324
133,49523.35286924005,57412.7703372523
134,50312.89968902216,58080.76478899982
135,51680.328837520465,58956.14720317158
136,52918.18943320403,59540.918631527114
137,54565.05356070783,59732.18938647027
138,54767.054595755944,59346.30532518465
139,54661.20627426188,58784.01470410824
140,53982.92114141364,58041.98278997415
141,52714.43666161671,57313.47717208041
142,54510.9948469014,58091.57845225991
143,55502.893235363896,58597.83340913059
144,52054.17092067847,52273.78478978761
145,54849.34523529483,55301.2781742049
146,57186.97553350949,57580.83529379332
147,58714.447007430725,59056.875027277965
148,59642.581121345436,59651.36667778445
149,59294.61205624223,59151.01985472001
150,58723.35329774472,58353.84321417824
151,58491.998977568044,57845.897947905796
152,57869.05684461135,57309.31818442892
153,55934.61875231031,55864.557900284024
154,55253.81838417917,55119.30769673721
155,54822.13662237993,54645.18788152644
156,54711.30630580249,54414.73206247485
157,55024.6666084918,54823.126276086616
158,55572.518792666844,55254.3208133117
159,56103.770234555275,55666.73436416036
160,56244.59364371638,55628.19983275786
161,56034.91305276266,55508.02820626263
162,56178.82868416365,55424.70146796845
163,57582.76530946643,56281.03452334044
164,59094.51108854711,56879.46661600503
165,59717.05878735791,56555.34138009431
166,60627.41377359046,56987.08749476807
167,61413.40678410314,57400.652340491106
168,60609.1251999015,61015.70001297804
169,62355.87575782441,63263.17573360777
170,64358.28788889529,65568.95384749943
171,66442.52821819678,68105.26283363233
172,67917.93508174422,69694.07388706705
173,67266.26037237153,68897.93663132908
174,65865.14291267723,67612.63320299119
175,65232.40122479548,66865.66404949756
176,64087.710389549735,65476.68918253839
177,61147.514855509886,62119.26827974043
178,59288.72396903002,60148.68612288863
179,58244.42636215502,59090.87670085028
180,57898.488488823,58624.53691227427
181,58190.1020617259,59026.6471630491
182,59137.25946042683,60222.93672366406
183,60733.987942671316,62000.15191122315
184,61712.53579340497,63158.572816811786
185,62225.80642028702,63533.5926857922
186,61243.66197463002,62546.23156741432
187,60105.032019953986,61541.567173279815
188,58482.439654959286,59790.75654448612
189,56983.821723433655,57968.64158054777
190,58511.49271482436,59491.287106859076
191,59572.530368174164,60379.00849869887
192,57256.44139680721,57598.879961978026
193,59685.350741655304,60324.926694599555
194,61764.147262360304,62828.7512532529
195,64117.57913260198,65629.984907275
196,65587.25178722118,67149.45321209078
197,64369.542745191764,65818.30421445321
198,62735.91412316646,64054.312965994504
199,61776.45555535297,62804.5051489708
200,60214.2950974883,61187.304639221395
201,55859.7298386441,57118.65287945474
202,53883.40616699401,54981.510951903525
203,52926.060622319805,53871.20177221367
204,52528.36927039233,53366.67626633826
205,52947.91782417116,53861.87382506645
206,54221.70285898306,55278.002254110725
207,56344.190301036295,57502.63264932008
208,57783.15814915407,59192.46143798727
209,58464.8470190828,59893.962090308814
210,57360.86632900512,58708.1229482199
211,56092.67323256426,57198.12155275484
212,53881.40327824906,54940.24286774731
213,51676.032018576414,52726.655281078456
214,53556.968288295546,55036.52401719531
215,54680.672110308114,56538.118663025234
216,47021.15134141589,46985.50136417009
217,49303.107971628044,49364.14929105711
218,51225.45593190611,51497.81828024915
219,53586.74013257111,53649.04093428159
220,55129.22625136174,54829.00173146809
221,54158.349232882945,53762.485983052145
222,52938.8776131151,52315.27368339119
223,52063.96789104001,51389.916598207965
224,50713.83224194906,50035.45104978722
225,47586.540521304254,46851.163524933414
226,45714.83553349795,45092.32716827262
227,44762.94757076853,44200.99865758896
228,44492.19829958682,43839.56595033039
229,44903.81407924707,44235.75277593299
230,45969.71198730832,45272.31349328184
231,47621.15413374095,46855.9446875455
232,48562.62971168938,47729.10794507126
233,48595.56032545113,47571.827399446105
234,47392.50420537214,46419.48257248956
235,45997.42225905385,45207.900012007274
236,44256.76120737583,43665.287488241745
237,42409.85169032262,42182.613338560404
238,43933.10054062701,43854.62794701892
239,44863.24653686132,45125.73326232337
240,46487.996550767115,47048.57224813086
241,48721.65735613377,49643.056937805195
242,50780.53986724032,51963.21340243908
243,52680.478252245804,54017.650684794426
244,53850.29501695491,55324.752455815855
245,53005.914574744646,54872.608411479116
246,51638.27436812349,53855.09842703877
247,50871.9478730893,53432.159898913276
248,49724.03220184018,52364.90772191549
249,47419.5158456996,49721.51775241495
250,45729.70871854919,48155.43210607841
251,44912.78859353334,47357.599279505215
252,44501.40497276135,46866.04775870707
253,44695.57510367642,46945.14469462297
254,45460.27418684952,47501.4065545453
255,46737.28102007051,47974.436103660075
256,47307.4418403173,47093.20172295482
257,47297.868828067316,45269.36860361843
258,46350.60814814536,43908.171031750484
259,45521.4896244951,43016.036616508165
260,44199.62612581384,42394.11935292687
261,42707.88296673118,41863.60871692848
262,44375.11180759295,43284.22754421549
263,45446.55572619159,44554.658041837116
264,68515.6355725077,68473.2350806536
265,69707.82909342358,69575.65356145262
266,71016.99907822313,70583.04441738814
267,72782.96675006674,71989.88245240702
268,73825.13355527933,72876.50840995518
269,73125.62242693028,72045.54393021004
270,71962.34169634743,71020.84503972073
271,71288.30097696953,70445.10656809907
272,70123.91984692265,69446.69860555697
273,67232.93621509131,66730.13127839567
274,65598.19761959888,65260.356185805846
275,64751.87612425151,64499.1115540927
276,64274.46287413903,64126.029088277246
277,64503.11093472185,64430.83732715341
278,65334.21509483002,65348.39630095522
279,66702.11991636126,66755.5619610708
280,67763.55464769278,67680.89503984842
281,68455.9391352712,67880.50603588263
282,68142.892393433,66980.98428973785
283,67579.12882509972,65854.76715179202
284,66383.46048784968,64332.21378484048
285,65018.665366025045,62764.58803672047
286,66403.0038339781,64380.13061856174
287,67510.05091157158,65622.47772683113
288,57490.81118341877,57284.00799680941
289,59409.285131599856,58143.517373487404
290,61608.92182165783,58823.50135123316
291,64124.2841816019,59935.92155108916
292,65623.22435490561,60650.6102600273
293,64963.086669711076,59794.97233233646
294,63794.032724990764,58938.73354979763
295,63076.74973110547,58700.73651853636
296,61614.691312159106,57626.979905007436
297,58337.756290503814,55055.19571807452
298,56356.7239292199,53858.872249942215
299,55409.18990047159,53300.45796284896
300,54925.992515282036,52920.93735671749
301,55287.728901557784,53233.717719608896
302,56391.44911464012,54252.694341344606
303,58116.34717799773,56301.31877524353
304,59578.05846375437,59419.35140423013
305,60387.45677225343,62126.700914398396
306,59991.59988879456,62408.20765582194
307,59288.78492249962,61066.90982161708
308,57568.17432181025,58115.35399335574
309,55817.22690796758,54606.269960143145
310,57460.845282546776,55622.26608036009
311,58511.55751935039,56197.24599231028
312,59012.98256487713,59233.83744011732
313,61568.632143000876,62084.418292091985
314,63577.520564856,64371.03971524165
315,65804.16466062669,66346.04836625159
316,66947.56010885592,67135.38645026828
317,65758.3042954649,65810.27713507475
318,64082.797937889234,64122.58871045868
319,63142.30477340288,63105.188474646566
320,61513.90346143621,61381.6473304266
321,57960.41194171316,58060.78446564348
322,55884.42722792989,56304.54999881197
323,54905.96598503772,55302.25276688737
324,54380.1449629795,54755.34416006245
325,54821.90989588304,55177.634991421444
326,56041.435955011046,56091.88931345716
327,57984.898014027596,57968.26599286509
328,59415.88275925046,60224.81915130135
329,60051.184283190145,61696.08955818298
330,59067.34855612805,61016.82664626439
331,57744.95789569966,59428.10424454558
332,55562.107931908344,57009.26223106127
333,53463.77252731405,54735.08127856684
334,55608.01097414088,57053.57797459854
335,56774.937282344035,58555.22227059753
336,58671.030579345366,58853.16113696458
337,61326.33293165692,60533.09308254305
338,63638.648028810916,61542.347396155776
339,66068.59024402671,62917.330741272
340,67417.52547128018,63598.41110104631
341,66139.56165121908,62384.54164509157
342,64389.32352759492,61237.75145779931
343,63370.02189866296,60344.16773455151
344,61650.63895733136,58815.42388804578
345,57932.64291821614,55857.9574498865
346,55882.7404748763,54409.58673078486
347,54902.462642477425,53519.585919723526
348,54400.27239940513,53164.53127513729
349,54917.58340014858,53531.08212581762
350,56169.92430760714,54580.75548706018
351,58206.27687794378,56349.61005779199
352,59724.54834377478,57500.8893121463
353,60447.21415031998,57997.50928877086
354,59568.444910404025,57164.78734935266
355,58191.65573856865,55971.07465140001
356,55991.55120877533,54177.01902994541
357,53675.516370182944,52176.22201962919
358,55783.73153539672,54595.23771899415
359,57107.08544438905,56274.16548728405
360,58740.42942194186,59284.133984899134
361,61484.98588762839,62289.31504296759
362,63410.10329244257,64414.1094276999
363,65246.138415391244,66493.97253495654
364,65997.54723445208,67434.70406036351
365,64342.46086104987,65696.71563230512
366,62357.02524201365,63760.70381359772
367,61239.25466459193,62586.721711473336
368,59461.11825037358,60495.896636313046
369,55186.76681568525,56577.9239494878
370,53213.30782428538,54613.233686863845
371,52213.014166792396,53501.7816281089
372,51840.05791666496,52903.2392681476
373,52236.00916084301,53218.835021653904
374,53365.134182841226,54374.934182368204
375,55387.85725569468,56535.2506569791
376,57130.72523392833,58297.029045851305
377,58224.68177876632,59317.50553281721
378,57648.63970724387,58491.076004198636
379,56375.94460907249,56879.262228071275
380,54317.26590206682,54524.81602501554
381,52322.23742067913,52103.25804491813
382,54800.9037203845,55029.30382282474
383,56460.2025814003,57134.9985590369
384,58901.329931739514,59357.4232659055
385,60877.5813500893,61154.68401608779
386,62525.334730867966,61942.538788299884
387,64342.40660895999,62924.62031458619
388,65246.95033460195,63481.17959710477
389,63877.45501996527,62239.735878437416
390,62255.67334268696,60814.42385075585
391,61359.35144434977,60236.767709018764
392,59787.63782508439,58952.07907348767
393,56255.53401659877,55935.79037814167
394,54291.069567150684,54321.95909157674
395,53251.75897644198,53407.77996179601
396,52735.12563003259,52769.65500933203
397,53119.723460808076,52768.67086216543
398,54202.943562193606,53021.67213754696
399,55979.63403941025,53793.526269570255
400,57478.986005956234,54838.67409648208
401,58466.20775468742,56567.67565221628
402,57925.22467453699,58150.487075694415
403,56904.32324155597,58560.99982794793
404,55004.89662921758,58332.183088169615
405,52934.1181444731,57435.0898711095
406,55086.57762931526,57589.660610648985
407,56541.55798150951,57855.8143242251
408,54814.824956384844,53880.19548191076
409,56331.01816304744,53773.58618933157
410,57594.5327838333,53721.58641571325
411,59140.404183072256,54194.61333887348
412,59973.95315399454,54578.80325188708
413,58884.868791065885,54043.6370355401
414,57566.76586593413,53053.58625989335
415,56891.42671812415,52957.135630362325
416,55635.101025466996,52230.11656266496
417,53171.70486913279,50159.45575972183
418,51525.07978912193,48522.71644663878
419,50704.31788409975,47581.84146289596
420,50339.195139094314,47156.02223321378
421,50732.687211069824,47168.74258940993
422,51717.55336948167,47534.162834281524
423,53272.962149850966,48067.95404212508
424,54488.42515016215,48472.94776955965
425,55291.83226842571,48850.526651094544
426,54898.11003557513,49108.624069097474
427,53978.66353246643,49184.56494995306
428,52338.18829879367,49147.07279562347
429,50655.68619233493,49451.55695155179
430,52191.2792227804,50207.427714771264
431,53123.490945389094,50544.86736138397
432,62653.79275835939,62873.320339105434
433,64409.02249824091,64322.36724939131
434,65887.99481636361,65258.58260584379
435,67505.84278489994,66118.40527962388
436,68392.28048631805,66369.65774149941
437,67241.17842574681,65339.216678195844
438,65864.56859268299,64177.61608979921
439,65107.07541662416,63482.8120733789
440,63817.444508548244,62362.5060177109
441,60788.90987948152,60261.25047624655
442,59085.42796454302,59187.84982581127
443,58238.408078735585,58613.65200823974
444,57861.50692912929,58350.47024869313
445,58246.679835653515,58622.79322675099
446,59283.7989140477,59293.455229813684
447,60971.76139644363,60508.994965321006
448,62326.49272971224,61796.24379254748
449,63215.01486517785,62751.588084245675
450,62743.69153157358,62606.63402869426
451,61726.69095162089,61841.68465665281
452,60001.6467015307,60493.14853291119
453,58193.057584928465,59016.99189477866
454,59889.0573343952,60262.88651214857
455,61043.706616732015,61098.24083427803
456,65438.54940807317,66009.29344135468
457,68136.29827174125,68534.48914558129
458,69759.0385419645,69322.58691286163
459,71221.10190417737,69438.68874846748
460,71686.4612315159,68620.86999583358
461,69899.02359414882,66455.92704179042
462,67883.40537465943,64650.11784805132
463,66653.97928359003,64037.82641076024
464,64901.987799303046,63189.04135196283
465,61460.8379263003,60939.57878113749
466,59568.88210735801,59817.97100238668
467,58610.99499174857,59090.31876603927
468,58245.78953005679,58579.271052098884
469,58673.105812107366,58620.88642520365
470,59709.262710125186,59174.70874371778
471,61497.518666812015,60550.51153482231
472,63041.10178551883,61946.426470871025
473,64127.986333887384,63104.8157490105
474,63790.6153006755,63116.32483100262
475,62854.20809945557,62438.728121843415
476,61276.021931808755,61167.64144695336
477,59482.34593089154,59778.98547574025
478,61528.98842632407,61884.59367100858
479,62864.96428542338,63300.66878481383
480,61827.00340522018,62068.936673202494
481,63414.88431435537,63305.66826229895
482,64829.7194369869,64232.80375854497
483,66667.5509557179,65543.26020625306
484,67719.58237212662,66319.67469110004
485,66577.79047681879,65125.246220074245
486,65099.92943754598,63386.18871633562
487,64294.67843195093,62214.965951667364
488,62848.61218582147,60392.594292700014
489,59419.53252020027,56842.20195486078
490,57464.04578983537,54814.866543148826
491,56442.35942231105,53781.85258732036
492,55959.52677165636,53551.321800323516
493,56288.04841520602,53941.78090852548
494,57380.69166271361,55094.539006616
495,59295.380723633694,57683.73687200707
496,61017.2271104572,60316.696262696816
497,62244.02606638028,62472.093078310594
498,61974.53069797104,62984.75938481559
499,60974.35696185155,61687.69322659878
500,59157.26437774191,59682.987589156364
501,57149.60259184009,57657.2697009687
502,59084.67059126291,60312.946201149454
503,60387.36695036681,61913.62317390061
504,57434.58837650033,57486.02127342056
505,59839.401248696784,59731.630279257966
506,61663.14949842195,61150.81658997671
507,63738.74709553256,62881.38473306458
508,64903.81719776303,63721.44945859328
509,63661.4717400485,61905.242823079134
510,61910.22356300456,59570.81842471919
511,60859.556349217324,58274.271449189204
512,59100.31394579913,56142.59568787596
513,55352.88269263446,51845.55444474294
514,53261.249380058944,49487.1695750635
515,52158.27774194789,48210.69106711614
516,51662.88270067387,47750.16645863526
517,52043.72519241386,48120.01186555936
518,53202.83363091596,49360.17101600818
519,55300.062763161215,51968.39823194045
520,57083.108065608045,54580.788882732435
521,58242.61105817547,56868.82944064919
522,57840.65038962012,57267.89087698512
523,56622.98755348104,55969.47092819978
524,54561.16012141991,53638.39327421006
525,52351.2125475121,51222.22498819578
526,54513.15748183167,54153.14976596944
527,55868.7986428425,56190.644479725335
528,60866.39100271243,60594.439514025675
529,63272.637109777046,62737.59591430253
530,64928.15579559408,64344.68885512569
531,66812.78233089675,65744.15671106472
532,67977.20296655786,66426.9322443756
533,66531.13566445452,65062.85743282762
534,64655.80700578252,63358.8711550877
535,63552.75981240613,62357.38087912916
536,61759.98613407736,60551.613005091254
537,57531.946101177884,57246.52781797405
538,55458.13613214069,55555.71096508257
539,54319.046036151274,54639.35588627795
540,53878.64808510824,54506.46962039575
541,54294.41926580767,54842.2736898157
542,55521.87575646694,55818.91788457802
543,57699.3814000031,57753.13059875834
544,59524.96456307986,59582.75985806768
545,60770.29796417923,60865.69727180217
546,60393.077943351345,60689.022580618606
547,59156.559727720596,59311.79076480882
548,57099.003406194526,56991.61606504348
549,54834.56462892056,54854.63409908681
550,57190.30589831858,57366.19881483891
551,58718.88507257617,59055.89569318001
552,47033.30551038413,46636.640633363335
553,49641.256525848614,49024.93807307455
554,51698.71829426995,50496.74099139516
555,53981.30762937062,52106.676742958065
556,55377.17878707157,53361.101267622165
557,54281.041011816254,52530.42112314677
558,52692.03827157613,50997.479809065386
559,51719.686839277514,50269.90118355635
560,50024.092593913905,48646.56661014548
561,46320.06823566434,45512.61323134236
562,44254.932024413494,43874.64145372612
563,43134.54496932654,42867.26214635932
564,42630.26016906932,42355.59370076684
565,42955.68567232562,42338.82134028924
566,44048.2844330029,42892.014942843656
567,46007.31356614594,43559.69061781298
568,47519.61222940813,43019.00037094156
569,48437.73298281882,42034.36829762839
570,47899.320614934295,40863.72374040355
571,46673.45740008071,39825.97813440573
572,44579.667012320795,38457.595741087134
573,42452.88766713228,37098.673921637346
574,44565.83249015233,38634.68663260905
575,46099.76685460042,40043.49471550471
576,45492.30640835523,45631.75535555648
577,47691.27242892997,48014.145990372555
578,49343.44154652025,50065.78954149813
579,51304.68865950667,51984.85491352732
580,52407.02261292392,53199.34244057522
581,51435.100034346004,52729.958472465696
582,49855.50658454126,51522.52029248796
583,49031.47895231442,50904.1828672285
584,47429.66573262255,49712.87121568319
585,44225.55347766836,47211.83983072647
586,42387.39462124501,45652.48740092705
587,41540.64424152876,44709.93829386806
588,41135.217435008264,44222.22896328599
589,41482.31567717656,44213.41707694429
590,42481.13590589862,44476.62648220077
591,44189.87250683828,44450.796806616774
592,45570.8757039351,43309.24135541431
593,46451.20415102199,41957.38778327382
594,45976.36336107885,40667.9441952575
595,44875.924244528134,39887.00894358176
596,43034.774399344446,39228.20587377015
597,41172.001061321906,38922.43114266795
598,43086.972625918956,40112.819225429914
599,44418.42280499558,41368.867759315406
600,67029.02970374847,66499.01421302333
601,68223.60436455015,66765.42368494353
602,69043.54487595204,66640.40643627955
603,70313.12180285883,66866.76236491003
604,70997.29937811845,66940.53499516059
605,69684.8776887401,65828.03726434491
606,68108.36893869411,64578.794469253466
607,67307.90591244696,64007.790389562666
608,65876.48164804136,63006.979473641404
609,62614.960548533796,60782.47532463619
610,60818.01711466284,59630.942322303905
611,59888.06276493723,59057.339208483005
612,59437.38187546755,58957.32042820802
613,59784.01967049575,59245.71773104252
614,60799.626161405766,60011.8770870343
615,62619.994065302,61414.24834453089
616,64252.58550728985,62413.32362127958
617,65355.963673669554,62981.12328649442
618,64947.441389353036,62636.15751050915
619,64009.58863671407,61632.66837593338
620,62302.67515788438,60179.22066710347
621,60451.51983075305,58778.26941794437
622,62670.298743334046,60725.35631040641
623,64097.16645112074,62129.34219279901
624,63596.6231627145,63325.61807182901
625,66184.9677102612,65694.2990438831
626,68009.78278935036,67311.14889018428
627,69818.31512642464,68707.92653772849
628,70717.51781218953,69480.18023415987
629,69260.20443059078,68488.6982012606
630,67422.55600885155,66960.49186115716
631,66283.97678212351,65960.25633967257
632,64547.2364020915,64412.78447952485
633,60985.31345077028,61544.299050499176
634,59005.71670211181,59898.57909508807
635,57981.28568153163,58942.13355201515
636,57538.96198917223,58591.057135290815
637,57912.52282320806,58708.50396204533
638,59036.58493174932,59381.224346729745
639,60962.19735949191,60756.98856925946
640,62645.474662314446,61858.07941366994
641,63881.07679217577,62667.86466425548
642,63583.431877200055,62462.96239376224
643,62588.43964906004,61547.14901854036
644,60862.552920315306,60070.539903344354
645,58901.78639663343,58542.00905510545
646,61000.21813776756,60267.60176833953
647,62432.497487065695,61507.3231870326
648,52155.18356645216,51863.02556739338
649,54066.72045037113,53202.16272821028
650,55681.270030521,54225.62182826623
651,57548.534479229376,55307.37778112191
652,58690.20790362897,56040.76523558558
653,57694.97789277448,55545.85021813929
654,56247.68567872961,54639.22170736745
655,55482.843023583635,54124.97056452189
656,54025.26255990104,53163.55286826093
657,50736.48849843392,51188.58043488762
658,48911.03976493401,50090.43205166115
659,47916.27795220558,49459.72924437598
660,47462.62599247415,49216.47358784633
661,47766.02088148078,49322.08639361718
662,48784.45016206739,49810.506180828816
663,50507.884788016345,50664.1570046383
664,51890.84909753135,51240.74607094354
665,52809.55184761675,51574.34721697851
666,52345.59974175134,51187.260815642825
667,51273.2039873568,50509.441756796405
668,49514.67494564543,49419.210874460114
669,47661.39920513477,48353.48721127834
670,49687.83067691168,49629.61638228493
671,51114.205281099625,50627.629242750976
672,58306.62786795393,58380.6120304908
673,60408.12170700626,60646.68297518187
674,62002.93703463752,62433.51457487512
675,63710.382894029215,64257.63787933634
676,64686.330523160366,65360.63432293336
677,63502.37282203645,64416.803181407064
678,61797.19105182663,62684.857703869864
679,60798.42723217054,61720.36377404649
680,59152.157949031665,60021.38185226702
681,55753.53090651533,56709.488768251154
682,53829.47597148739,54868.72734614546
683,52837.13557063319,53856.85004056437
684,52423.553360774,53406.275968014714
685,52766.11086900032,53566.19237848152
686,53863.605574369365,54367.51746102665
687,55672.72210029446,55785.41525617855
688,57096.53652566597,56856.0084739548
689,58029.95214209536,57510.90952061084
690,57547.878349968276,56921.96327224439
691,56461.204389427876,55934.82218289082
692,54557.94263143578,54379.40787475897
693,52585.2938486013,52871.65804916411
694,54623.25097837952,55013.59853617967
695,55980.256954015786,56669.75395595626
696,58062.685572214265,58330.80247949869
697,60162.73069819002,60869.58768334494
698,61785.23340092987,62891.017422884004
699,63606.83394243072,65228.592140612425
700,64583.9387043105,66717.80512403273
701,63315.457461313206,65668.71761023796
702,61542.66274037125,63596.77407570107
703,60484.89236083075,62429.93638205989
704,58792.644276244166,60366.81350984876
705,54879.97005453192,56323.28378210528
706,52859.015794950195,54095.4313440732
707,51818.78186510227,52897.97037014712
708,51280.271095948,52277.66530702324
709,51587.97375940816,52440.78798859446
710,52560.129399597565,53392.599545941
711,54442.71669576375,55167.96732693999
712,55966.2269102834,56424.83535277084
713,57209.55646563462,57234.13866761436
714,56902.11067674246,56566.03305543182
715,55838.86419945389,55388.74882512861
716,53944.195443309785,53472.09582293081
717,51829.82062097644,51549.112164919694
718,53955.7404913365,54265.65784709158
719,55397.067678065985,56332.880958175985
720,48968.384573836105,48939.168743975606
721,51286.25783247222,51164.829080628195
722,53062.24533693326,52815.95429630927
723,54972.067215166986,54481.16692042854
724,56083.62467433706,55368.686854731925
725,55042.9681505954,54419.60150607834
726,53432.79254844922,52707.4804920604
727,52445.87317584539,51675.06091725536
728,50767.13964128715,50045.12424389259
729,47302.80574550204,46949.41250349671
730,45338.529994671466,45194.80278851381
731,44245.58673537674,44265.58070187591
732,43685.09814371983,43810.31396886037
733,43831.35161623454,43953.36322395295
734,44746.095806002806,44649.13375864632
735,46425.8383533822,45922.84908869102
736,47848.65431261817,46775.040163513026
737,48915.14257035568,47339.50480824922
738,48632.64941364681,46879.494188181845
739,47728.091528647376,46129.11774793172
740,46092.42699044693,44755.7683106184
741,44345.49471392533,43427.104582771484
742,46519.09109014048,45498.33166831926
743,48013.17573275894,47047.362060282336
744,53757.71973683946,53828.41891147237
745,54920.56855099503,55130.26555674154
746,55954.162365947166,56171.85011631931
747,57356.334732717805,57258.63863158757
748,58185.70700538575,58054.849106252244
749,57151.127510919534,57701.57790850459
750,55780.99482165024,56703.30208087067
751,55085.54550756799,56124.24439762811
752,53782.71504511958,54996.28278117303
753,51082.6187199233,52553.83360967692
754,49434.690773114075,51128.36333091092
755,48576.2982115517,50282.61213120432
756,48203.35395649175,49872.524875587194
757,48494.064525491536,49873.66738518644
758,49409.69735507795,50136.23048951119
759,51026.37626235422,50821.286231180355
760,52375.860708250635,51021.63868958121
761,53410.641858685114,51280.718082140986
762,53207.46371487407,51329.22100853403
763,52440.45127928734,51524.91880300539
764,50986.78198668246,51172.66268448278
765,49444.45433425018,50730.83299828015
766,51489.04293260601,51671.010023564995
767,52905.34349943824,52223.91706658288
768,56090.05015217692,55991.737534936416
769,57669.73622467988,57111.10367226405
770,58910.90434438175,57909.51224669589
771,60334.1287259912,58767.40351849032
772,61058.88360602481,59206.215661990616
773,59935.92856322164,58657.93112705725
774,58428.52909384331,57650.540390047376
775,57563.15470694588,57025.08428738611
776,56153.888556775586,55993.45746536836
777,53104.527246626596,53971.68151484592
778,51385.789253864095,52812.3727155201
779,50477.27089680664,52180.38044703066
780,50035.589250249286,51843.68868942391
781,50285.790793379296,51916.49149461652
782,51130.99897002786,52311.153215820166
783,52656.518565065075,53122.47783301216
784,53975.43845681631,53733.85020486571
785,54986.892192816274,54269.903949858875
786,54812.48115501903,54186.58509631132
787,54115.70860420599,53843.877365689834
788,52770.08520308456,52993.122275662536
789,51266.25070378523,52098.243033572835
790,53186.3665205166,53273.553146769875
791,54489.27003001015,54146.23604113941
792,66640.80330100463,67284.9388483154
793,67376.29164335558,67766.88734253815
794,68002.56429937811,68418.41054424096
795,69063.28846015327,69402.38338993552
796,69643.16633995115,70298.73108936247
797,68526.18433375184,69997.29312889717
798,67062.55180566438,68645.66755957728
799,66318.20499760383,67301.66434120137
800,65030.45848804168,65561.04587166115
801,62061.13266357562,62494.2721323837
802,60434.982010064625,60511.23511194387
803,59627.12514163395,59543.663565308736
804,59292.33101288779,59064.06770217104
805,59635.70480686509,59516.478567916514
806,60593.483168910796,60954.93016077354
807,62238.791137313034,64622.19545839321
808,63575.744890830676,69752.80717575208
809,64538.58059129363,75065.15053235118
810,64263.541108170306,76940.11815476281
811,63439.988399128575,77216.3407955031
812,61915.22665254158,76301.84179887491
813,60252.41000849214,74283.5733230851
814,62103.3750874243,77169.66543733663
815,63375.54172799461,77660.40563739327
816,58623.36286910878,58725.08802653672
817,60599.112721102,60252.66110219894
818,62064.816549219875,60463.030486814416
819,63735.524328838925,60863.95834692676
820,64706.457533005596,60571.296740201615
821,63673.825906259175,59290.376361423194
822,62109.345400492675,57698.08206719496
823,61183.88388875994,56762.10961149764
824,59652.314058265154,55124.978349596306
825,56401.68815859508,52359.30376782793
826,54581.67556397165,50727.05905814813
827,53625.573317928625,49774.09317662745
828,53201.833387511986,49379.99879929728
829,53496.366490459404,49639.87115440133
830,54434.17742043553,50340.04431846582
831,56088.67159218096,51813.50045686102
832,57374.497849917294,52943.36791239295
833,58312.39688125958,53480.17934923027
834,57987.65831113224,53079.6452265689
835,57070.90273125822,52326.686550928964
836,55438.121409571926,50593.41599999959
837,53697.4736359851,48438.608293283134
838,55704.69141233527,50577.413219295726
839,57014.12260342253,52005.04814369771
840,58152.546426447865,57844.62012503705
841,60465.832838594615,60008.87119524638
842,62217.96175980306,61701.582139188926
843,63958.84658250017,63430.52894784568
844,64869.03701062941,64565.98190971766
845,63720.34947309453,64311.261092615445
846,62034.86665604228,62998.63192679792
847,60976.42079731961,62090.41227711568
848,59300.042073333425,60471.71510734203
849,55929.69249086491,57211.35568690916
850,54052.90832134075,55542.8151427161
851,53064.50747969478,54613.687063744765
852,52625.873833025515,54095.82109241669
853,52925.19027691742,54204.94791684031
854,53914.31822599802,54983.007417602406
855,55636.00961468928,56443.77102971124
856,56937.23114190287,57343.88620080814
857,57877.94585000057,58084.93439906637
858,57499.624665130956,57754.52119506557
859,56591.59694421225,56868.96414080588
860,54901.85392813211,54801.926998872135
861,53091.52725785354,52611.04876455917
862,55081.60350084017,55145.291049586194
863,56378.71668273238,57150.22463771222
864,57533.17624267683,57586.79451042068
865,59606.92619453014,59857.24459378888
866,61238.25544813721,61806.942541795834
867,63010.926764439544,63630.41875477971
868,63931.84515537446,64354.74142455684
869,62878.193504756324,63219.3059782955
870,61280.93635998017,61420.10315846957
871,60333.294536217785,60444.23303528993
872,58613.050826027466,58727.67772553214
873,54914.987102804684,55291.381181913086
874,52928.46716584778,53651.54284323184
875,51787.55039366673,52643.35787318655
876,51240.555447883664,52166.39419770664
877,51448.5488524987,52270.80249561377
878,52338.359432769124,53097.594687412864
879,54022.73430785682,54562.03282501868
880,55382.132144368275,55549.18877288504
881,56340.99120971402,56316.34771065236
882,55940.21538307201,55760.26974577702
883,54977.10320799839,54789.51859974352
884,53295.59226679414,52732.23187164776
885,51479.238636061316,50571.80443878065
886,53566.24330755532,53332.14165025106
887,54907.85712721713,55064.38023743927
888,57115.043327805375,57557.54952914832
889,58879.18813561711,60607.10991600824
890,60119.55406284503,61853.86361586226
891,61453.0041261073,63109.845888725096
892,62048.26084605461,63570.81600132289
893,60736.20828247563,62703.62265197276
894,59033.68991611037,60947.77314442688
895,58004.08400334074,60053.30551952038
896,56398.6774692165,58400.346404647
897,53070.40825140469,54942.01077730301
898,51267.173020303395,52990.33617891129
899,50344.92279351931,51973.43271530278
900,49972.787484004664,51320.492303068524
901,50385.929110128185,51252.371535619495
902,51441.76990937994,51382.48911924616
903,53240.3392277152,51267.51883224031
904,54696.23489629329,50194.26091656779
905,55767.98148485718,49597.7795401409
906,55630.588275782284,50111.295083964345
907,54796.70506117751,50371.35195549456
908,53159.81196419479,50096.76181396187
909,51443.8681261518,49766.83619629376
910,53626.320509866986,52868.800441730134
911,55051.02958250889,54577.57814267785
912,44461.89164518348,43894.25387363748
913,46601.35855726594,44976.16252660164
914,48353.0403250269,45747.124593962624
915,50202.77955000889,46506.22210194297
916,51327.994936502306,47172.68689805229
917,50515.94465718324,46891.2272196105
918,49112.76951906174,45937.44723373815
919,48280.59848196578,45408.85483246569
920,46784.568392532434,44373.937866762266
921,43860.78845073887,42018.19001710093
922,42061.317625896874,40690.46177508149
923,41086.49533869506,39862.86796709899
924,40620.68524793059,39251.001454638244
925,40863.897818768666,39199.0995717077
926,41744.86848686211,39193.95100039582
927,43265.63667288612,39209.96319525866
928,44338.678182011754,38188.82796821732
929,45075.88120811569,36561.34130724591
930,44646.39688307422,35368.29905328668
931,43752.34865776489,34701.13778878021
932,42185.11804966348,34421.46420466649
933,40523.028310683854,34408.10394243049
934,42532.88165226475,35080.83623936285
935,43850.53356915603,35871.93930759937
936,58026.76677166677,57340.388496965454
937,60234.880311878565,58655.55677816272
938,61899.19412500306,59307.81772223378
939,63498.03900209628,59741.4683294256
940,64310.99497718077,59715.087661167185
941,63069.864884890434,58662.30245651214
942,61254.93831878101,56994.964617866324
943,60197.46525168345,55733.52833902247
944,58436.45285661761,54092.64069778126
945,54952.6737618732,51420.82131814981
946,53031.651295310185,49829.61678385437
947,52015.76109767428,48836.622650340665
948,51569.71102152726,48278.394084977816
949,51852.617290435664,48233.40952370569
950,52882.48879941804,48644.62134105791
951,54593.320221790746,49560.47609452601
952,55869.709286621204,50162.69327947273
953,56773.273002600865,50564.73518603617
954,56382.80194927169,50348.79321020305
955,55502.86423813315,49848.88710038605
956,53821.770024732126,48865.99768714964
957,51991.59162833638,47752.47526124352
958,54213.267346088076,49439.984191672054
959,55624.93613382775,50549.12656037737
960,58622.03680256525,58557.217300620585
961,60826.494492223224,60809.85172121376
962,62587.97307293898,62486.99582784414
963,64256.32070621947,64043.71918458853
964,65037.32252884558,64834.74334404369
965,64010.96679134884,64246.6794198517
966,62218.58556506121,62815.179639124006
967,61030.82251576006,61892.44751294897
968,59325.56291483542,60325.020793852775
969,55734.77097076517,57307.756626530674
970,53887.75983439606,55670.73659640344
971,52829.98964298025,54727.56540153771
972,52315.043951479645,54245.36304711354
973,52467.164489089555,54368.9937330769
974,53336.672964654885,55016.27582893909
975,54754.783150236464,56128.0100475222
976,55899.209087233365,56636.81155562226
977,56804.04641901069,56871.84863558396
978,56821.53548610979,56485.32322706115
979,56012.45905868886,55785.1915751897
980,54391.218584450144,54427.68382857779
981,52501.125471759886,52901.3462764135
982,54434.321082541595,55191.33763507512
983,55528.89367679998,56788.83524136316
984,58786.32789157598,58852.72670070594
985,61388.73991397704,61687.857973698265
986,63110.46282525195,63566.98336334077
987,64628.971887638545,65050.45180445379
988,65230.49562608507,65611.74630104331
989,63881.13342540562,64669.97234518238
990,61994.33093243468,62911.983281130546
991,60839.87555224072,61740.756778614756
992,59075.907015081706,60007.0883190141
993,56135.54325291308,56712.65492805359
994,54249.2425165332,54990.99414787596
995,53255.879147104606,54008.67749940445
996,52796.47121555571,53494.57339735191
997,53049.766030928484,53598.330011806764
998,53960.63511003359,54224.90025308054
999,55587.16827391154,55195.206926496256
1000,56821.3082569107,55379.01887267105
1001,57763.423657942134,55421.97312703043
1002,57488.52629262042,54985.22214293421
1003,56602.419365482245,54330.77095608719
1004,55071.09945078015,53106.39289441995
1005,53352.77530029841,51734.49248078135
1006,55407.49967044421,54296.86189877717
1007,56800.36568641106,56171.221370604435
1008,55533.71187681731,55957.80485615208
1009,57680.617515176535,58668.86712176937
1010,59317.046634230304,60706.83936160016
1011,60997.21389537988,62631.43115345137
1012,61946.6970806238,63684.93792847224
1013,60993.63571170399,63066.385962990214
1014,59318.56356815818,61403.774657113776
1015,58281.543664546116,60151.014200637605
1016,56582.908023099124,58282.183187753835
1017,53156.87083902428,54598.91690548661
1018,51236.79708606437,52668.99556960477
1019,50191.27620212397,51559.73089634559
1020,49677.720007508025,50956.519295874255
1021,49889.47320948466,51051.54988049057
1022,50771.02211427022,51735.270573693815
1023,52333.658731561656,52892.08729144591
1024,53468.92752669146,53184.73973454582
1025,54363.22731388,53340.89998977299
1026,54036.097024948984,52864.19757250659
1027,53145.63187776314,52042.22938337543
1028,51483.275943810826,50601.319804947394
1029,49703.179538301054,49037.02563592491
1030,51870.2165813732,51932.60661089529
1031,53376.40984757289,54028.605209793284
1032,57585.950366448225,58119.41188909671
1033,59541.76395117488,60897.23787319911
1034,61040.19011946816,63137.74608175289
1035,62731.68548891572,65555.63194820141
1036,63656.6527513076,66993.56137661044
1037,62738.90475120994,66487.09570062404
1038,61166.43914850587,64630.232167973205
1039,60172.01295825833,63210.69668093886
1040,58528.51934633229,61024.133063216104
1041,54845.2018950514,56639.09907033485
1042,52966.39356090342,54353.309797163405
1043,51932.142554894235,53060.98674878794
1044,51408.10243994988,52318.22628938081
1045,51654.203146205895,52428.189924269085
1046,52572.90715798157,53227.48769334072
1047,54214.344281236976,54629.06061028134
1048,55380.943605678534,55238.89750760151
1049,56210.39589037896,55661.90189282305
1050,55772.60009602158,55092.18549759802
1051,54842.235466648504,54009.27555795536
1052,53180.88323858281,52242.99577994039
1053,51401.36603016401,50324.87831457879
1054,53673.911233651044,53768.01357983071
1055,55217.21923655965,56214.84472116999
1056,48445.25977769781,48691.674280318184
1057,50826.02735829389,51331.66310488122
1058,52692.25008068389,53342.946252348105
1059,54545.96747957338,55230.568068902634
1060,55529.4260257885,56245.627304840906
1061,54770.70103145832,55767.07922982219
1062,53137.14387253952,54332.217804858985
1063,52070.526927571904,53267.16734518177
1064,50331.48659209315,51644.33461601411
1065,46863.518992740566,48419.4555796847
1066,44969.518652227445,46727.63436792908
1067,43865.1068778978,45757.29183182522
1068,43305.32699546153,45208.31728200871
1069,43504.65096914674,45297.23079924527
1070,44221.952611203815,45860.95813508981
1071,45623.11316493055,46846.68163396185
1072,46569.26453672933,47130.73734561425
1073,47360.94339960082,47156.22618176496
1074,47147.68754313915,46512.68436243686
1075,46493.23789840272,45663.61331552169
1076,45042.60732315153,44330.840792056486
1077,43445.85724053115,42878.15182976846
1078,45920.95719944296,45146.67407060587
1079,47582.61752879686,46890.401494760314
1080,45366.01740215475,45312.19179466914
1081,47716.3648113302,47623.321145795664
1082,49543.43013911958,49775.49574316356
1083,51460.48407104232,51665.21147545956
1084,52608.49180893104,52646.59338193381
1085,51977.050497832955,52589.0450941752
1086,50462.61184394554,51455.54098846101
1087,49516.24331509259,50834.234602160854
1088,47880.77345735812,49390.2210871729
1089,44663.21097271165,46898.672854358614
1090,42811.84967700885,45291.14939344095
1091,41741.62670324119,44307.593938535145
1092,41236.43798739778,43889.86680046726
1093,41424.82470598136,43918.45791257267
1094,42166.22342004385,44142.83610928139
1095,43483.652757836775,44200.05790842086
1096,44315.43622354771,42740.36288858024
1097,44923.0817108938,40990.82573448097
1098,44521.59177528166,40037.45720916639
1099,43704.13200474494,39915.34916431037
1100,42187.40755319435,39506.078370981
1101,40585.47297928088,39395.684530364524
1102,42806.29037054996,40112.9431386727
1103,44392.35675015628,41027.85819665848
1104,63872.63429302419,63669.7705994941
1105,65782.29596195629,65164.21368842625
1106,67188.322515077,66069.23186242835
1107,68599.14383523371,66903.00565439135
1108,69255.57619640985,67118.47820604964
1109,68294.4947196737,66567.63473990119
1110,66634.74751804411,65557.15038068678
1111,65573.2902745811,64839.528172097955
1112,63912.53053958344,63823.47150549139
1113,60679.17551548591,61837.3476755322
1114,58914.94340282702,60799.632664348224
1115,57971.83989991728,60236.974953019075
1116,57505.27319755768,59904.70228563349
1117,57732.33356275001,59980.57364073068
1118,58485.17332415213,60364.765113153735
1119,59835.51947997617,61008.78413390934
1120,60831.651810587384,61211.37462663786
1121,61577.83883016241,61356.99867243971
1122,61329.15217173088,61052.642323144006
1123,60654.982617562986,60580.15272207465
1124,59237.528940132,59704.512935288025
1125,57683.27124169013,58669.51131316976
1126,59929.19026311086,60307.06258093631
1127,61542.682925708534,61476.442904685326
1128,62749.231492867766,62306.75027668818
1129,64813.815455573094,64223.250525416755
1130,66372.90670993536,65736.75840788384
1131,68046.70921019942,67266.78615800607
1132,68976.0904383271,68044.20592367885
1133,68124.49844412375,67605.0565769849
1134,66495.35050872344,66303.49289559643
1135,65464.78864490616,65321.04483559651
1136,63796.4560346468,63810.806998700944
1137,60455.16250134917,61026.87174439152
1138,58613.25166945321,59496.23382884592
1139,57605.41993115533,58615.240998185196
1140,57119.7566080199,58130.10310123085
1141,57302.86666009798,58194.16116849122
1142,58140.91976204095,58685.29997752467
1143,59651.14912307449,59714.21115297068
1144,60843.699883212605,60346.80959004258
1145,61819.229289671726,60852.35175559337
1146,61558.39171906769,60548.71372252399
1147,60654.97876094392,59951.77270215112
1148,58988.04978430495,58711.884435437096
1149,57229.852100993245,57366.78045133191
1150,59454.835542037064,59383.775940476466
1151,61003.95566885259,60883.492438466434
1152,64216.520968608,64418.221326507526
1153,66362.63614514245,66781.28606869001
1154,67879.57310345075,67948.57250085298
1155,69422.0922905894,68912.60487323934
1156,70124.3537576698,68870.42580298803
1157,69075.15628642686,67554.23012304291
1158,67313.31488728673,65406.4313580159
1159,66172.83916611086,63854.22848756083
1160,64407.01431949175,61948.70368809208
1161,60968.79048921457,58792.6965860081
1162,59094.1708937341,57215.63149540055
1163,58074.81796205196,56430.84627343118
1164,57603.792027696734,56311.73273682807
1165,57849.0909989719,56265.07751433827
1166,58706.74480348999,56834.637833799374
1167,60302.82139588098,58460.713141091604
1168,61544.943592870535,60817.14176396845
1169,62502.81206737343,62787.87384441807
1170,62187.322545522424,62770.48770986188
1171,61337.02930214476,61879.5225936631
1172,59726.10930851773,60212.58114605181
1173,57918.30609113366,58493.447426929466
1174,60222.33691921383,61578.173182166414
1175,61793.82747242896,63430.34427351576
1176,63818.32211562772,64147.28329121138
1177,65975.41200844591,66950.84359960341
1178,67538.9782668788,68750.83394559623
1179,69175.43109897882,70503.60415131791
1180,70003.29324536191,71157.7346971573
1181,69063.44189474004,70020.45428140766
1182,67300.23502913196,67659.33840874136
1183,66162.29440852221,65951.50076154615
1184,64365.96696761379,63510.15659952925
1185,60885.13746162208,59571.08209026088
1186,59000.49509473952,57602.3149238498
1187,57980.7263475753,56457.94666471063
1188,57491.79583257749,55965.661231463244
1189,57688.48142936903,56000.603587603
1190,58512.702558924895,56748.01547503697
1191,60069.46357790692,58631.70750993939
1192,61382.28097470539,60799.39967643745
1193,62514.055409460714,62861.39634293395
1194,62291.534512233935,62857.20035758657
1195,61468.16151615285,62125.84151019939
1196,59797.05961290956,60285.953041378554
1197,57954.74098688468,58195.21559852966
1198,60369.19115849574,61297.364636724335
1199,61973.61389683765,63311.503997978136
1200,64377.41271632374,64473.51136964299
1201,66538.48067295749,66948.51001735384
1202,68087.8337976483,68388.4558039003
1203,69644.95116643312,69622.04589717639
1204,70390.87298392422,69768.3227424703
1205,69345.73854261327,68246.7474491207
1206,67490.8872064606,65842.16850625258
1207,66288.1984815014,64080.76644076359
1208,64422.299467218014,61831.10607222886
1209,60615.40791829264,58156.01548741474
1210,58699.352715350506,56313.99965969444
1211,57615.75131223311,55233.536899739825
1212,57104.461470879,54677.485242170966
1213,57281.374069370686,54638.458434628876
1214,58087.609990726254,55248.606820751455
1215,59704.63978247519,57229.26882410547
1216,61153.7604719249,59725.292698181795
1217,62440.55150780857,62210.779242369164
1218,62349.835195165826,62469.043910377855
1219,61588.48279791267,61817.795921200515
1220,60022.588927307435,60096.82131897833
1221,58253.04819379276,58108.102151401436
1222,60743.34763498182,61257.241137100675
1223,62472.61879161121,63138.98404831841
1224,53594.392606816036,53451.03349847177
1225,55594.19211503671,54865.37551635604
1226,57140.187501631946,55044.899894023605
1227,58806.13644171125,55432.71329499102
1228,59703.42238983624,55626.2506746749
1229,58823.11232467335,54770.63576167924
1230,57106.730926272365,53179.74040494565
1231,55992.507064886835,52087.02957217235
1232,54190.30528698266,50478.45151591642
1233,50696.977873839394,47812.84501025734
1234,48774.760959454376,46390.212931073984
1235,47717.56068341629,45450.65964479147
1236,47186.8657635353,44766.14730745706
1237,47355.38937864339,44588.785960894515
1238,48141.37622398464,44542.1879514351
1239,49682.72205079798,45017.11186320745
1240,50912.59363590424,45362.202457876985
1241,51956.764394015634,45577.13074827719
1242,51743.43353364516,45449.45376111103
1243,50970.42922295551,45013.826909550255
1244,49398.896409599474,44316.34487512826
1245,47711.35201369116,43485.48814679231
1246,50204.71856460166,44754.07933392901
1247,51884.422965727696,45432.50001051618
1248,54992.70531871721,54549.9921987567
1249,56865.58129044642,55949.234147522664
1250,57829.40062111363,57221.907710863445
1251,58794.01722525318,58706.389497177006
1252,59060.780941059,59992.35305649275
1253,57859.084919239736,59889.856982400204
1254,55836.70662470985,58641.13199139583
1255,54605.65102145537,57775.84082024541
1256,52897.33936106327,56218.49373663379
1257,49990.54281623745,53280.375864447145
1258,48567.62610564309,51554.13429485666
1259,47936.06009787331,50314.618576662106
1260,47741.082799353775,49657.89467237944
1261,48114.766738033446,49475.03381467199
1262,48978.3893266974,49409.88478680407
1263,50600.55710545945,49133.80458502562
1264,51988.41825209839,48083.12570267054
1265,53209.791254751086,47146.293106694524
1266,53193.86297923949,47311.1480151358
1267,52519.13048510045,47926.000500640286
1268,51200.76975664292,48659.67545765166
1269,49778.40866942249,50458.6441988451
1270,52223.39068247882,52518.419089185365
1271,53913.88292088813,54054.69033521575
1272,63792.1108552599,64643.59493599457
1273,66185.86017812749,67776.24623785718
1274,67739.17719885331,69075.34116434968
1275,69182.59238887492,69388.24781418606
1276,69739.1422197722,68871.30688224148
1277,68589.6952357829,67638.41408791253
1278,66672.00260617404,66186.41326687955
1279,65419.269311163924,65366.723120828836
1280,63564.361240473096,64181.13445493552
1281,60136.35892188692,61986.60680775926
1282,58284.22540851358,60788.38938224049
1283,57257.30287021196,59993.03444429254
1284,56772.849912730926,59588.9383354767
1285,56964.46483357602,59541.18019224888
1286,57733.3193474785,59918.96654186595
1287,59209.364538299495,61012.08902946273
1288,60418.60376856077,62296.42836059836
1289,61387.83625427562,63546.77862589741
1290,61200.05179486249,63672.50394980753
1291,60464.99270549395,63277.18930953206
1292,59000.37480777704,62277.01786942606
1293,57400.059518418464,61198.94213098611
1294,59812.94397214103,63124.23057703285
1295,61439.59676005297,64296.70772383238
1296,63822.65459702422,64601.55360726433
1297,65475.57051273515,66241.49857049745
1298,66606.04066779488,66855.30622959077
1299,67895.21123142976,67493.9929701392
1300,68567.88598652225,67794.31762239336
1301,67689.87174703302,67041.93170441229
1302,66037.49269488757,65432.34632734391
1303,64958.5771722176,64217.16931685931
1304,63261.158635566346,62449.09369415491
1305,59970.2545636356,59513.50614694859
1306,58191.175647864526,57971.567546082246
1307,57201.33553098774,57042.64237900024
1308,56724.41543533229,56623.16247268177
1309,56887.71120214394,56610.04516701867
1310,57644.06153984248,57032.84297917769
1311,59110.72311119497,58229.57767077175
1312,60223.33223431389,59521.648959329366
1313,61139.97025284401,60735.761206406605
1314,60872.653009136884,60899.96753717462
1315,60099.82710943226,60627.18371855672
1316,58639.555889510746,59802.09889158762
1317,57037.095785416706,58790.022825094544
1318,59414.092696553846,61242.536762384014
1319,60999.86515346188,62749.2334809808
1320,64028.197668413544,64975.12980843123
1321,66024.12661053028,67390.3572294443
1322,67333.37724043377,68348.92418277409
1323,68680.87314720855,68990.897142553
1324,69364.4196388063,69127.24440063705
1325,68456.00547748072,68092.79446161113
1326,66624.12243075024,66182.03677771288
1327,65395.40453738878,64822.123007432594
1328,63511.13757587456,62610.84049037417
1329,60071.07342338464,58906.25774822386
1330,58176.55029982781,56906.760062759044
1331,57122.31759963058,55640.56409850494
1332,56560.543698702466,55012.900038119675
1333,56656.74517036722,55070.507426728575
1334,57351.36355795777,55666.896179549054
1335,58859.79727894043,57178.436281733644
1336,60207.9102708453,58586.53488270075
1337,61420.41000464281,60077.86343454696
1338,61326.43054527974,60434.11153851306
1339,60648.461913652354,60253.320504280106
1340,59229.8901514531,59368.75110482831
1341,57674.488253258656,58132.1826236607
1342,60305.11065617103,61282.77820309354
1343,62049.77720837574,63169.53247728873
1344,67713.29575266404,68218.00824777342
1345,69067.16513290933,69966.2312756241
1346,69989.26295557868,71081.91020187609
1347,71219.5762007769,72670.7261655499
1348,71840.6752081429,73568.45023383733
1349,70883.18518983338,72488.08892711138
1350,69189.13893197462,69817.01662268158
1351,68086.19309422256,67597.50852421831
1352,66316.86774879448,64537.80768125471
1353,62957.396997541306,59983.12027546878
1354,61146.637721741485,57654.63995781817
1355,60103.776531731135,56296.18037737641
1356,59572.73172378841,55572.86319436216
1357,59745.97916219009,55617.15819464264
1358,60517.347408073605,56319.99930151101
1359,62076.65567805595,58361.829305278115
1360,63396.10891593261,60544.08871696375
1361,64583.27636389677,62822.14549247064
1362,64561.6896255938,63483.40214290143
1363,63977.38536611609,63466.367377402625
1364,62575.07021760779,62455.25727062641
1365,60981.317757778124,60878.687250073184
1366,63488.50074469627,65038.50320051123
1367,65069.68030140573,67224.79661081852
1368,61976.676831236095,62076.18243393833
1369,64284.31338819351,64185.83679187651
1370,65774.59872585193,64995.92275809903
1371,67352.19695608976,65989.56282762061
1372,68099.42695769409,66269.41275434785
1373,67045.9702548563,64720.867943836
1374,65005.62135175629,62137.17355089037
1375,63539.22203460221,60136.036328174676
1376,61405.68773300166,57393.79030220382
1377,57382.249963238355,53307.10844825843
1378,55405.92489172356,51235.07055507801
1379,54242.116745730076,50034.3157607015
1380,53620.28247198688,49355.406566119185
1381,53690.72887078395,49399.4058585533
1382,54368.74528154842,50109.492247362716
1383,56009.415878828055,52176.21078282354
1384,57659.20237989214,54507.91754299955
1385,59256.43083795989,56982.09865399322
1386,59442.432284368726,57663.36725706546
1387,58923.367303451385,57280.70233062783
1388,57558.27224074536,55939.400883500195
1389,55825.90781022633,53930.360703927254
1390,58674.779565060446,57795.35150509802
1391,60431.34355595602,59819.43083159502
1392,50066.99502952442,49275.42917792328
1393,52291.13575209564,50662.75113968139
1394,54071.84463935142,51476.76899989537
1395,56030.93365929558,52215.834744730135
1396,57016.683503809654,52359.016831840556
1397,56373.790503711374,51576.54396120568
1398,54700.570125666454,50075.06558999664
1399,53553.40145444187,49099.232478160586
1400,51465.006846143064,47624.05151862941
1401,47641.20870401352,45128.632304043334
1402,45578.48949375351,43772.100040465695
1403,44342.659552658,42899.89114605521
1404,43685.242517731305,42336.78989001428
1405,43641.623494180494,42165.5710725324
1406,44223.11742631502,42235.8671394472
1407,45626.563182392216,42757.086160779574
1408,47044.30407541528,43003.76517221349
1409,48566.56865609093,42844.29428783364
1410,48799.960188652585,42867.326097656325
1411,48317.76879668291,42335.17606724771
1412,46976.59232580851,41372.99762269718
1413,45230.68710433918,40126.848484521084
1414,47865.08916696916,40923.46348119666
1415,49528.27322812462,41542.19688208824
1416,48558.230923786796,47860.62305410613
1417,51115.789716717096,49999.52419287721
1418,52708.56793424097,52122.134029129746
1419,54449.66590156836,54193.71966498834
1420,55121.998577665545,55009.34011676696
1421,54225.53600761088,55207.49635509315
1422,52171.68999722168,54105.90471255824
1423,50550.75138409738,53747.574071026014
1424,48309.181803099185,52518.586011747604
1425,45054.91209742201,49996.63554358832
1426,43012.032944808874,48162.230756169054
1427,41823.66159849615,46909.22216787437
1428,41179.580420299455,46369.14051039052
1429,41233.03857159721,46192.65070007605
1430,41926.633159260164,46031.19620446717
1431,43333.6141119257,45771.27774198419
1432,44667.30421047633,44884.32374933657
1433,45854.195578823914,43367.361293623275
1434,45793.82661287064,42159.78520442664
1435,45364.945559436484,42049.46204350205
1436,44273.58172592621,42045.91822698766
1437,42756.63520968315,42185.38430786932
1438,45284.21803530916,43199.36671114438
1439,46838.49563690473,44610.2935024153
1440,63826.85616713537,64542.294373797624
1441,66265.73210227385,67042.10703717936
1442,67787.61695184924,68194.21943588652
1443,69145.7649687265,68771.10611405277
1444,69638.37956142265,68642.79803087146
1445,68633.8402832173,67786.96760495425
1446,66628.62744991311,66449.30035365382
1447,65437.24176001859,65533.78172656492
1448,63604.51627533455,64255.14909096738
1449,60260.80845253899,62213.78512940389
1450,58465.762940602115,61140.82799760365
1451,57402.22866090631,60492.66637087437
1452,56862.38793907385,60123.51885098441
1453,56950.18670288254,60114.531350001496
1454,57574.44254335375,60449.001288583815
1455,58943.044783066296,61411.514738741556
1456,60203.02107005202,62375.18166660055
1457,61328.000028571456,63261.36443594837
1458,61266.95769244481,63448.59888185582
1459,60689.866220326076,63248.85513380391
1460,59483.60965544631,62618.14745324487
1461,57934.28179933492,61650.19999797361
1462,60457.99564368953,63428.62679185836
1463,62252.2463481635,64394.4976148065
1464,63484.85686790804,64226.61281123511
1465,65692.82322998861,66739.29573253052
1466,67146.22968597527,68078.70433332946
1467,68553.89647331822,69180.5460479118
1468,69180.33213664548,69390.99560380787
1469,68325.47416206327,68580.74482045247
1470,66426.95684746199,66857.67546116923
1471,65108.845724711726,65588.09639518544
1472,63094.2119884541,63741.37077567857
1473,59601.053542822934,60791.65960757696
1474,57712.02526682369,59196.03830145093
1475,56622.12825122142,58190.71735428575
1476,56069.83166973725,57636.99336475918
1477,56131.589627998255,57612.204310252804
1478,56789.41449604664,58089.99868033308
1479,58272.822639477265,59400.979010766976
1480,59597.725716919194,60671.59517759588
1481,60810.92955590944,61906.37778721305
1482,60886.1249005972,62181.223084223464
1483,60333.04488391524,61913.16795119273
1484,58960.006882696136,60875.873463547
1485,57274.17489643569,59412.00492592983
1486,59896.87236916494,61775.02249896048
1487,61634.01942497835,63232.70574959005
1488,67895.94584615799,67976.41860155962
1489,69965.1094981355,70430.86748733366
1490,71200.3938207841,71556.04234064883
1491,72445.83734955335,72356.2743261803
1492,72884.59916678982,72318.46836593351
1493,71807.99081691822,71085.38402328815
1494,69825.84393153059,68803.16462695866
1495,68470.43294515793,67464.38551492919
1496,66485.61848073831,65273.1832440282
1497,62730.679690187375,62047.29741781339
1498,60866.648953259835,60409.314015493044
1499,59800.920319576784,59446.26852431221
1500,59243.014114871665,58841.082262893455
1501,59317.58534348593,58807.327675083965
1502,60009.95963768526,59323.07143400874
1503,61550.65922990521,60916.09295809523
1504,62976.10269936998,62811.355990756056
1505,64277.65473689592,65021.84778443927
1506,64374.682588531025,66163.77445203444
1507,63832.20193082434,66443.67629343153
1508,62433.53722958223,65541.16516666433
1509,60750.05936714389,64026.04427346303
1510,63420.68859422007,67657.11285067395
1511,65156.78326378761,69645.87252676909
1512,58822.55096341919,58140.45646732805
1513,60655.75367856288,58933.72891475161
1514,61906.388714688444,58532.31561637089
1515,63393.08822738997,58254.63353159202
1516,64067.1764151522,58186.422560110404
1517,63310.78520213773,57449.90347671172
1518,61481.99606118053,55896.905074603965
1519,60234.20942618177,55057.44534922048
1520,58267.339131688896,53729.661732063614
1521,55034.163315253536,50986.22695002384
1522,53126.53395284971,49623.65639345945
1523,51994.406148154696,48809.192090429984
1524,51404.220193944006,48211.7937945669
1525,51441.70309437468,48059.05999869909
1526,52076.879033678684,48015.92530593595
1527,53538.188281749986,48314.47026544608
1528,54906.62841067531,48630.62534573029
1529,56261.68638054425,49175.01140308072
1530,56399.281501614125,49148.454309154455
1531,55895.63222090328,49075.33886327613
1532,54571.063957336664,48863.86845458309
1533,52936.97323748395,48398.79575574576
1534,55742.98533886714,49589.09345760876
1535,57472.36444059124,50121.89067445238
1536,67220.2048963646,67619.18848470712
1537,69653.91594051923,70055.93611657039
1538,70999.44015503037,71374.78846167245
1539,72196.10404955917,72740.6576047496
1540,72444.79849804338,73287.12035711868
1541,71427.33822548865,72658.22052376095
1542,69309.16216089866,70403.39278302575
1543,67747.27137257157,68517.97252478133
1544,65632.06444781135,66001.72183562022
1545,61855.3078453305,62227.30015158396
1546,60013.774579185665,60298.11440435365
1547,58892.51072853997,59083.585340235506
1548,58261.401326708656,58428.14706770249
1549,58268.31446043713,58378.29752525062
1550,58849.2195744295,58808.43252626979
1551,60305.12361754,60235.184466667095
1552,61737.1111277692,61982.096039143515
1553,63154.944482876504,64348.57362301342
1554,63392.40661117755,65303.338385449955
1555,63034.935319540135,65751.53573710455
1556,61863.34672375124,65489.09592360572
1557,60294.55690865642,64066.755201363354
1558,63040.23464322212,67264.88709690265
1559,64813.698062746946,69398.65967258422
1560,56543.28332189699,56369.803228351
1561,58148.77481532957,57544.19936936962
1562,59589.992142109404,58239.607152517325
1563,61374.63718493789,59106.02773437906
1564,62530.017508692705,59449.15824553198
1565,62228.74556809209,58953.06483012801
1566,60595.098544989116,57287.02085759217
1567,59425.78557486583,56140.45648297221
1568,57345.45075021025,54394.68915408209
1569,53695.36328741772,51548.448343299766
1570,51647.85942051661,49959.91358595257
1571,50319.550587106394,48974.10631043054
1572,49589.04084504263,48453.0679896866
1573,49535.059716814634,48362.3532167536
1574,50064.966751465894,48683.69737441773
1575,51522.994028438785,49691.56412558571
1576,52956.03267866069,50801.03793180388
1577,54542.48553684415,52215.13600497439
1578,55051.91645904994,52968.31291315185
1579,54915.4760947219,53284.79480018336
1580,54002.140446094345,52847.16817624202
1581,52493.7674248591,51712.15034007274
1582,55137.832254712164,53434.24631187524
1583,56725.314845458866,54538.717585036145
1584,49318.08447874504,48979.58224531588
1585,51412.674228012176,50025.88437004463
1586,52858.372156298465,50649.1088393495
1587,54364.6646703464,51284.141925994176
1588,55130.74666916098,51612.28199280404
1589,54456.82524002715,51371.367522268134
1590,52603.56961354283,50232.41393586668
1591,51296.54530159737,49505.14421682071
1592,49269.46505801149,48354.24615024274
1593,46049.60545715033,46333.81159743411
1594,44149.4938253287,45143.58974564969
1595,43021.05290478341,44446.84767797535
1596,42410.2874401885,44005.364480344244
1597,42394.96268627691,43854.89125507603
1598,42939.71298732731,43966.83743708966
1599,44294.37425698465,44424.55617724624
1600,45573.380665165394,44842.825845888
1601,46855.009829605246,45304.89900609081
1602,47084.04289532322,45697.49580812268
1603,46761.743766566746,45977.89285959918
1604,45586.086102610454,45774.61613737897
1605,44007.567590531995,45100.85867095778
1606,46390.29033282667,45745.27156791818
1607,47928.37817093059,46269.94525248958
1608,69751.9350775041,69473.68340376116
1609,72018.86521764316,71066.67492985535
1610,73313.33142751147,71841.8502479998
1611,74511.39732485951,72414.90214898478
1612,74853.61188975823,72485.82621752062
1613,73844.37385144288,71920.24555520232
1614,71748.97262948546,70611.92897810895
1615,70276.65189132252,69685.09646937359
1616,68178.87646514729,68368.54614033004
1617,64661.69465609157,66225.34986841874
1618,62770.201935037534,65049.803919142825
1619,61665.892731279586,64338.529441266655
1620,61078.77205763377,63916.38456573659
1621,61102.23754483382,63858.88861933772
1622,61684.11720382021,64132.56360448365
1623,63131.955444947096,64995.57423438373
1624,64639.16728555014,66001.67131415787
1625,66193.13238227653,67227.11451222496
1626,66622.20702356278,67836.14276531275
1627,66431.56209840093,68018.06372552534
1628,65332.96302249295,67565.75349840074
1629,63779.712154079636,66608.84368998298
1630,66290.09318143425,68128.59527038975
1631,67916.62610126559,69047.34475570799
1632,72412.82311528035,72372.42329171732
1633,74726.67259539581,74427.82758674757
1634,76050.1199084893,75380.94417532047
1635,77262.7189321058,76366.26561407401
1636,77708.22589208734,76741.62819184715
1637,76696.5888723148,75999.45441958032
1638,74585.08082794122,73801.86089170411
1639,73087.93344199061,72192.3369013514
1640,70984.93324371656,69950.08291253261
1641,67479.63460381607,66399.37017066019
1642,65591.3148379268,64414.52994960986
1643,64517.096086006095,63255.57670314381
1644,63945.95573374573,62540.39521778868
1645,63982.925417823106,62422.54603563223
1646,64562.611941830066,62822.45449472531
1647,66048.56153794995,64226.82850913426
1648,67556.65225865011,65976.33793403006
1649,69131.59012787192,68123.64207410667
1650,69511.44861399366,69279.08678053111
1651,69280.08821776377,69671.80362991791
1652,68179.46249476075,69162.9236210824
1653,66546.42182841118,67797.0967230854
1654,69093.20373304035,70163.82099205808
1655,70734.80994183336,71673.89298814499
1656,71730.8489382099,71837.31363558986
1657,73849.52024353523,74274.6731168433
1658,74787.93505231343,75472.68797620508
1659,75750.6638848787,76943.94917579126
1660,76183.76598414058,77800.82178684422
1661,75223.66747399324,76853.01452651763
1662,73009.84470837834,73743.65538805048
1663,71376.42621013278,71332.045277185
1664,69178.72225155197,68187.16382908428
1665,65745.80532869491,63405.02786383054
1666,63909.351536334034,60753.213491489536
1667,62816.023664816945,59210.64352209613
1668,62219.75297289942,58275.853300655814
1669,62202.61184652257,58139.30038007567
1670,62729.72696907496,58688.296366784925
1671,64201.95777461115,60614.917635492835
1672,65879.31679201168,63132.58264293703
1673,67840.27243477882,66318.30122603745
1674,68642.53999822453,68037.16883443724
1675,68591.78756272103,68520.47322923043
1676,67674.68049633701,67772.56536070103
1677,66159.81310831151,65961.99551801941
1678,68809.86043492518,69105.74656386024
1679,70527.71803540726,71223.72485515327
1680,72575.41156431961,72560.44254551212
1681,74543.40690184302,74899.22797502052
1682,75413.80509193968,75796.18285374231
1683,76350.11815629584,76945.71767267208
1684,76695.69215216894,77593.65681688167
1685,75772.94406361085,76471.06343522543
1686,73545.11341835068,73143.77194601731
1687,71965.22103977241,70496.10100207728
1688,69716.01196283163,67095.52562956285
1689,66145.23349792417,62145.02407323603
1690,64179.46682788956,59412.93586726173
1691,63016.66723716516,57814.2121993746
1692,62343.48148477752,56819.752563707705
1693,62288.16779712596,56700.772786341564
1694,62787.082353819686,57363.68014100706
1695,64350.40218152337,59622.037459162486
1696,66134.82891395765,62652.071480582395
1697,68168.13796250775,66590.51956490429
1698,68928.99639006094,68871.87723110864
1699,68833.65833329275,69444.9274816669
1700,67829.09063661606,68555.34479931094
1701,66202.93667247934,66449.93243819
1702,69027.63367331533,70118.85316223348
1703,70896.72386176726,72567.29466837943
1704,74811.06531196974,74799.15152022225
1705,76946.64245003201,77271.88363200561
1706,77958.7460351902,77830.04984119587
1707,78927.05368517051,77907.05266058512
1708,79245.2945757317,77479.21674445002
1709,78136.8386736272,75732.60252333776
1710,75804.19377157872,72488.95612909597
1711,74087.4021659308,69891.74656199303
1712,71721.01572073276,66780.70441875252
1713,67736.68729866386,62404.35077091699
1714,65740.12073590743,60068.705966432855
1715,64555.72651521823,58692.19307331905
1716,63878.06298412181,57706.49295578719
1717,63890.50099979801,57583.74263229454
1718,64469.425173715725,58204.47196143659
1719,66080.12325107449,60350.49447720723
1720,67991.3072746834,63363.63128277329
1721,70235.80583359001,67782.30139168967
1722,71251.79555049594,70549.72690415553
1723,71250.75564405732,71148.51469815215
1724,70320.29627641583,70522.13361351517
1725,68855.36470645554,69079.70709955147
1726,71769.63823509519,72819.31323107828
1727,73614.99452143311,74986.55402673146
1728,60970.55730269307,60818.63365373647
1729,62105.98368901611,61608.43663728436
1730,62674.20326099094,61329.274534258
1731,63629.35552536479,61128.895804920816
1732,64131.317740169856,60798.42006995031
1733,63352.72436157273,59863.23770979594
1734,61239.61445626767,57615.649391104635
1735,59698.36311202833,56063.924537749364
1736,57427.68496852962,53875.13225990128
1737,53787.48786524171,50750.25954528664
1738,51769.548652999474,48928.46562875586
1739,50535.310758345775,47731.46201430989
1740,49782.64117668816,46911.50825697053
1741,49706.37247089077,46649.252525418175
1742,50192.29932489928,46699.06320602333
1743,51694.78576557139,47439.10303832658
1744,53419.12627463721,48080.77475337076
1745,55537.17042791735,49229.99972386445
1746,56575.90100944512,50538.167597252366
1747,56685.58122938854,51558.91188793164
1748,55865.86039299739,51954.23809803005
1749,54402.362557189204,51510.12389721894
1750,57201.823465541354,53124.09772544206
1751,58880.03774412201,53556.52261418349
1752,53058.6018460027,52932.101025775075
1753,55193.09523418717,54483.88016259079
1754,56282.93926406925,55680.347388767324
1755,57410.97779232152,56598.63190429597
1756,57950.7493259076,57230.90616059991
1757,57175.17897723624,57035.75414640478
1758,54849.14563318297,55315.51019074213
1759,53128.86094560739,54345.28501871166
1760,50630.49653022914,52611.06814646928
1761,47178.9536996346,49833.89033243124
1762,45105.91631188374,48060.96577404527
1763,43801.73238819081,46913.032190247344
1764,43004.72357090476,46115.05699149509
1765,42940.813243475524,45790.371601899475
1766,43370.11741320304,45639.779422742846
1767,44796.86236342781,45731.55661447886
1768,46342.866040969064,44941.82004241261
1769,48242.71548359962,43924.18613218115
1770,49253.46494879635,43707.076156114184
1771,49486.23708384122,43976.88707450059
1772,48784.027069557495,43807.801538326064
1773,47418.74591038825,44187.38820678945
1774,50162.2990428212,45259.452207028255
1775,51753.73233589088,46181.21799289712
1776,73696.28531623451,73374.02347027254
1777,75031.69346712822,74092.21478572718
1778,75677.38128436882,74044.2890336455
1779,76447.48731106777,74254.62033542512
1780,76740.75786282308,74417.97289377543
1781,75912.00843979644,73702.0808361423
1782,73771.2309640357,71900.2899012448
1783,72209.86329767507,70504.75122525608
1784,69971.83559635619,68663.09331007367
1785,66421.50627144933,66035.05390497559
1786,64437.642849610806,64555.52440894361
1787,63251.34274232043,63640.44208186675
1788,62554.40588278342,63025.20633169593
1789,62471.050840497985,62906.43896289583
1790,62960.08201138779,63211.58761874463
1791,64444.063025827076,64428.462368821645
1792,66109.96426556309,65957.52974635408
1793,68163.92741206054,68030.4416353468
1794,69194.5914052903,69308.98374994576
1795,69361.00420149452,69668.67559088278
1796,68560.51072674978,69303.02530665878
1797,67194.78886710932,68482.44420301015
1798,69905.43041901961,70621.47893799195
1799,71488.47632277412,71798.794701162
1800,72845.21178721302,73143.78679749387
1801,75104.46630255207,75336.86207507536
1802,76161.04271041283,76068.14912126535
1803,77033.20842379636,76325.08882365712
1804,77218.21804238025,76175.0793320566
1805,76071.23301733301,75110.56179304926
1806,73556.46808947755,72765.01055670477
1807,71686.0434623202,71024.43275981957
1808,69212.16149388593,68723.003300047
1809,65512.3266579814,65403.500170858686
1810,63476.811191520144,63497.72524941263
1811,62288.410202036226,62335.173435102515
1812,61606.0602243243,61581.97412815463
1813,61559.57613667215,61430.57533953337
1814,62060.41686646491,61825.31847146108
1815,63646.83625463297,63283.74449175213
1816,65504.44362610473,65098.21316763441
1817,67788.98966457375,67584.28604479968
1818,68953.92617428947,69208.28246669508
1819,69184.70990806518,69835.45593708634
1820,68380.91347523335,69457.84838512832
1821,67039.30609590097,68614.07146405295
1822,69905.72171615309,71226.6123717202
1823,71638.25970635985,72578.0944397628
1824,76695.43474081841,77090.69800830584
1825,78726.00020558441,79416.71113286438
1826,79605.32424384334,80248.48655695052
1827,80430.13709911362,80635.19840183348
1828,80603.34431477457,80305.6449272481
1829,79527.32696006758,78978.08428494864
1830,77050.43994710718,76035.55819435776
1831,75242.21506372091,73852.92607077927
1832,72793.62070908053,70891.43661511899
1833,69047.2469585428,66637.77790741246
1834,67009.04258505224,64217.78046252459
1835,65796.01000888497,62722.61162393239
1836,65091.79588763251,61755.821573719935
1837,65020.98906762463,61531.39105201087
1838,65556.40803556498,62005.26250594224
1839,67178.03488489051,63840.79618586823
1840,69097.39836072373,66176.09863142356
1841,71522.75772817385,69445.93731702554
1842,72802.70019244534,71660.41844981088
1843,73043.24451977134,72580.7902806864
1844,72242.27175868629,72195.71398783188
1845,70860.5879305293,71130.81463766524
1846,73819.30397391258,74451.59473739444
1847,75574.31632205767,76141.6457636891
1848,79443.13919051303,79897.54470533361
1849,80927.99744636519,82349.33658054103
1850,81428.95558761327,83536.75546956566
1851,82181.40941727775,84574.99203617728
1852,82544.54207149339,84623.94609775592
1853,81675.04378031542,83002.85884279627
1854,79308.90390785111,79060.09126503443
1855,77478.15253749306,75952.48460517266
1856,74893.08014415437,71980.16092329918
1857,70993.19733522553,66547.98877638823
1858,68792.64554155462,63527.85719437225
1859,67427.8870212676,61665.274097607355
1860,66584.42795639276,60529.73291307889
1861,66431.37946224758,60248.12852884739
1862,66891.24155644479,60850.8257353444
1863,68625.31418156448,63205.366383443055
1864,70838.34682541706,66377.76175116353
1865,73707.78603895316,70921.45072801564
1866,75351.72686188268,74048.31328967815
1867,75822.1042781337,75505.86843755245
1868,75097.8662069147,75133.35035412632
1869,73657.53125525809,73796.78039180978
1870,76669.53521701379,77972.73375203302
1871,78400.49587723076,79984.41762304382
1872,76408.87329427127,76292.71014410227
1873,78383.6715843911,78364.74445516164
1874,79064.1089551002,78397.4750300461
1875,79687.07641348727,78364.92445515057
1876,79744.03919135401,77849.44215763718
1877,78542.98336482665,75903.03627396731
1878,75966.05415626933,72401.64483874438
1879,74028.52256872514,69564.23044836031
1880,71452.14460150294,66061.07416714066
1881,67358.91684154066,61462.42108398035
1882,65262.087625948436,58944.51516248545
1883,63988.17358301248,57382.50914067779
1884,63221.0053218204,56442.33244401804
1885,63102.8452472918,56241.55615836957
1886,63622.45226251236,56859.02421824528
1887,65327.431575563125,59155.02617939019
1888,67517.60228963797,62704.43529971701
1889,70373.84584015324,67576.32382637609
1890,72042.78926958561,70976.00830169063
1891,72574.91139065215,72398.29531865407
1892,71903.82856964607,71774.49878748794
1893,70575.0559810451,70324.60053816182
1894,73608.50885197932,74011.23842873647
1895,75341.0894926205,75920.28216964685
1896,68005.50095339624,67957.42201659032
1897,69230.53007472616,68693.23372100336
1898,69660.96703230447,68111.4316187988
1899,70486.00380671948,68043.66691806192
1900,70940.978038911,67753.338854174
1901,70169.21966317302,66464.4019280274
1902,67907.69627440453,63863.15864118896
1903,66179.11450240733,61859.30376283487
1904,63722.19183830358,59316.33382455705
1905,59984.25310044677,55934.97302822011
1906,57876.31110733923,53894.36735609716
1907,56571.048207525215,52599.16607687616
1908,55756.39227814391,51774.18077511143
1909,55600.1321073381,51491.1543323454
1910,56085.18159648499,51708.33620864752
1911,57771.93596642128,53171.52359858687
1912,59874.766262841644,55432.10707644852
1913,62714.480426015805,58593.478179364545
1914,64523.02010314514,61434.53327947237
1915,65120.8491654401,62680.43715451101
1916,64514.90306931343,62483.85226380867
1917,63263.13197893035,61584.56957294675
1918,66069.72431651774,63256.15067527942
1919,67611.94641024029,63984.16091910676
1920,58665.51877995647,57419.687393384804
1921,60685.13424918166,56950.04576529084
1922,62135.96631870842,56786.1207349404
1923,63855.68996313706,57101.70459452174
1924,64608.55937079037,57297.335916517346
1925,63518.44406894827,57255.027274154214
1926,60297.07446496725,55934.0853859875
1927,57487.102206153046,54933.46789539274
1928,54064.10775830169,53184.19366741095
1929,50019.97585736815,50559.48656574521
1930,47747.70585312889,48806.442957261694
1931,46557.02274408264,47636.73715700274
1932,45973.859175184145,46701.2473662032
1933,45992.67410605166,46422.02192397011
1934,46449.591282188376,46443.55943205024
1935,48043.59082460727,47105.78747118087
1936,50232.05701572671,47929.13244591916
1937,53262.24088090558,48807.90012111944
1938,55638.48512397294,50246.518804954816
1939,56690.85596448988,51360.62044724428
1940,56388.97582968901,51654.1798124768
1941,55407.73341920743,51667.97069539995
1942,57773.11882277051,51190.21375110327
1943,58963.66845033,50589.254506488614
1944,74614.86534284159,75126.81602259201
1945,76130.1849670819,75816.80623503582
1946,76773.95948005484,75237.45783251172
1947,77575.16803028966,74770.20519746318
1948,77834.89658488343,74376.59944818426
1949,76894.78002443092,73712.59444355468
1950,74404.03502643171,72230.79851564743
1951,72464.97444532684,71023.22563861634
1952,69839.37474296145,69139.94469140554
1953,66028.16908410695,66346.44962858588
1954,63869.92295951985,64645.201539566006
1955,62531.94415411964,63527.10968429899
1956,61716.8969510896,62881.46078902408
1957,61564.748206035845,62778.45750042828
1958,62059.89387724297,63214.35057725556
1959,63841.836820040764,64737.815518795425
1960,66222.55925592587,66909.69429057992
1961,69311.7123061962,69698.68669075471
1962,71286.62667627996,71657.88190913254
1963,71945.8142060726,72415.91046348792
1964,71314.26345984142,72119.16381369952
1965,69985.09974083117,71268.27773756992
1966,72574.58133540863,72838.05618567532
1967,73947.11321078034,73553.97310616681
1968,70411.9379120609,70858.71233943927
1969,72162.86041021014,71997.34682093601
1970,72834.99350362214,71596.06820912828
1971,73509.59389976211,71467.0173553244
1972,73635.65950388022,71320.31992175776
1973,72519.62116682313,70412.12320016536
1974,69892.35240535927,68176.33114453226
1975,67894.02781234669,66319.7137556785
1976,65194.00705301405,63854.98742605964
1977,61314.214423217236,60596.012390259995
1978,59138.99739691782,58755.72038112138
1979,57800.86779336102,57565.43810028554
1980,56984.88212198668,56814.28321444051
1981,56836.73229956204,56612.01419991428
1982,57350.012913899656,57004.78174286593
1983,59158.21632505048,58694.668442550486
1984,61588.41235562997,61276.87938211433
1985,64769.19166584879,64709.92368851281
1986,66759.09749539652,67171.77002058557
1987,67333.68375621682,68108.63119890715
1988,66631.03854845301,67755.63979538073
1989,65198.08897088704,66678.95344845139
1990,67867.08927367585,68500.5506237172
1991,69276.74432906424,69252.35456194672
1992,70832.15085397087,70935.4699250638
1993,72953.16560463226,72885.4355688094
1994,73727.42424875732,73029.47375226198
1995,74383.32556571628,72819.5391664282
1996,74407.41730670781,72450.18441112593
1997,73105.66040460796,71310.1194756798
1998,70254.25768450387,68978.90385528986
1999,68093.97444126039,67262.77975915087
2000,65222.696108009615,64598.09625162401
2001,61171.47974250151,60915.2531715447
2002,58936.16248494468,58819.78611154752
2003,57572.91091501732,57559.31172672998
2004,56731.09325271576,56765.16886828013
2005,56567.61570560664,56627.44461537341
2006,57098.67249320285,57179.85204843728
2007,59020.74002091638,59207.095160853634
2008,61673.005194004785,62290.59322374403
2009,65145.007442176015,66252.7533794625
2010,67292.46708909697,68532.37174760108
2011,67925.85007617557,69022.35896117112
2012,67165.25571688658,68058.63559541118
2013,65660.10582927492,66392.75371819822
2014,68463.00328995909,68775.44193653142
2015,69932.90527427646,69904.61759138081
2016,76365.87155101425,76510.41979571203
2017,77609.87733303948,77953.56335012185
2018,77934.93278186672,78479.82151163336
2019,78437.9564767327,79170.96325702794
2020,78498.38076735592,79235.79879611587
2021,77393.41497471645,77843.03214685607
2022,74779.37993390953,74504.1889150739
2023,72805.54895152064,71925.07533657979
2024,70077.65492084398,68365.44944726273
2025,66172.82460880789,63681.30690300343
2026,63998.35089648385,61123.69582470222
2027,62646.331694072345,59549.37720213617
2028,61815.6641173998,58596.27217762412
2029,61645.14570336523,58396.79414518726
2030,62138.32173060264,58982.10463323599
2031,64024.857736755,61452.398747928266
2032,66727.26499911444,65470.014849064646
2033,70281.32248104662,70725.90019045482
2034,72510.31105070908,74169.62338164738
2035,73212.48673900473,75306.97589614363
2036,72483.2570717797,74344.04159376977
2037,71048.76820080027,72579.08246109527
2038,73796.06702283307,75531.5312130217
2039,75160.4863822013,76666.33789364739
2040,72192.55180448464,71919.60585413325
2041,74122.97320271877,73657.68947551768
2042,74715.41226899115,73782.78548879345
2043,75277.30827439208,74030.8565800705
2044,75197.87809719621,73623.45455571917
2045,73875.46467375498,71954.71789229635
2046,71001.2842402272,68627.27118442373
2047,68879.09323536823,66219.14129240863
2048,66011.16627401374,62901.404757657234
2049,61763.47501382131,58503.463918673035
2050,59575.430970845926,56201.323135163475
2051,58220.903833247336,54680.202708982724
2052,57404.19697071091,53776.1713060455
2053,57268.9367548006,53570.81377038889
2054,57787.76475830387,54140.36599590455
2055,59702.833630595705,56498.56722935747
2056,62467.95730249948,60165.82870706795
2057,66087.21873286575,65088.06343245952
2058,68314.31257314712,68104.80237774778
2059,68993.47351685501,69053.89888805531
2060,68217.10355215038,68073.33341442698
2061,66724.67833694725,66284.37216290261
2062,69499.46864976833,69487.39884005392
2063,70931.01429485947,70965.30044389631
2064,68622.0496743531,68573.28682893272
2065,70782.63343414935,70589.56292045313
2066,71355.52022466439,70932.75221265924
2067,71761.0706580027,71199.41784042866
2068,71288.82480941262,70798.67323106575
2069,69720.85067322769,69353.41843197354
2070,66712.60160364845,66503.1107985136
2071,64480.95777732871,64376.51694868897
2072,61614.09289313321,61495.50110783863
2073,57684.013689317944,57549.3786009062
2074,55577.114318743385,55432.28958373862
2075,54300.3269091169,53990.089164411605
2076,53534.43660724947,53118.94120028142
2077,53408.5251099548,52892.63430802797
2078,53893.52207582046,53159.37663693564
2079,55729.21486418967,54794.810602526144
2080,58253.66340607535,57173.588841071454
2081,61613.14006432933,60500.06386631326
2082,63821.97737575312,63071.7604224929
2083,64673.90935781658,64495.089214839085
2084,64045.8779820342,64167.63363775415
2085,62642.429780896535,62915.31493705122
2086,65414.60246455072,65519.34768173555
2087,66887.42066186918,67032.59606261962
2088,60554.603379874316,60550.38427400505
2089,61864.41575925825,61028.91197923074
2090,62479.536384994695,61000.57665460457
2091,63408.49412787164,61112.01169918307
2092,63841.7987551739,60957.536763256736
2093,63037.35699819814,60172.29910221512
2094,60565.92668366605,58476.13179277987
2095,58608.083068730906,57267.32539719717
2096,55813.32150916193,55533.85070273827
2097,52087.73130023537,52928.27211558764
2098,49834.90266951447,51252.771798075344
2099,48394.01889970098,50145.71048903358
2100,47535.47196588179,49505.9585586446
2101,47338.988290161724,49211.759031762245
2102,47765.849141459825,49208.440219703996
2103,49537.75373612172,50025.9215769327
2104,52011.337883872526,51113.69641846809
2105,55333.88194805611,52524.10354669021
2106,57720.99253281178,54082.636341827965
2107,58671.81706086829,55062.9699838799
2108,58230.17316195748,55134.511860518294
2109,57009.303349913855,54898.424493318664
2110,59462.66677226147,55682.46606209546
2111,60732.415730345165,56121.08834793618
2112,75203.84094896785,74719.40153646223
2113,76914.44180474644,75778.31541416093
2114,77489.34990868674,76011.16162724105
2115,78029.75612732307,76238.64473417774
2116,77966.31574703884,76087.65268892368
2117,76759.10575850752,75140.03133245073
2118,74074.20570917352,73167.7348384039
2119,72003.53307956847,71669.28882826713
2120,69269.16492924398,69587.30084490648
2121,65487.074126281266,66729.93861277473
2122,63357.42464327112,65103.37053644015
2123,62036.04588478453,64063.70916899726
2124,61244.694798157194,63433.681128824865
2125,61095.48980509118,63285.39808452849
2126,61576.00480996789,63627.44002062812
2127,63415.19238627658,65091.70606654705
2128,66021.14695792549,67291.62251147731
2129,69418.95641270807,70141.6856108383
2130,71649.14461224368,71990.0786163465
2131,72430.80747534795,72647.75308985169
2132,71800.99852405342,72170.72497035342
2133,70505.71264314209,71202.02218453238
2134,73073.95402763232,73117.75420785199
2135,74440.4060691471,74122.15557171224
2136,79106.55000033765,78673.61381245176
2137,80623.33492786784,79639.04027317335
2138,81270.29591599203,79955.00977409541
2139,82053.58852272372,80548.20839015952
2140,82279.57574850685,80578.65167205126
2141,81289.00035997176,79522.15196466376
2142,78714.54990322638,77016.67285472072
2143,76701.86544940318,75046.16486949695
2144,73924.70213005837,72295.86037066902
2145,70049.9951452984,68527.53036766447
2146,67853.10203779585,66372.84982379267
2147,66493.34827049627,64994.51546241207
2148,65678.76730788493,64162.725785292445
2149,65549.54937846684,63999.6749602879
2150,66079.4161709386,64464.9429466021
2151,68059.25438109793,66482.15692485205
2152,70907.34046077529,69592.3032941664
2153,74554.54061418191,73506.46994045668
2154,76916.88538883539,76138.83067863778
2155,77722.83210909655,77200.435934691
2156,77026.23348098481,76536.04723980013
2157,75607.27846919971,75234.931145071
2158,78165.38682624821,77691.56550766296
2159,79510.34395156715,78996.42795329845
2160,75876.36733455991,75552.11498349694
2161,77495.77192799952,76656.49343747635
2162,78088.61213175673,76875.43233760241
2163,78781.66182487829,77337.26994704304
2164,78839.00702549714,77152.60152713844
2165,77623.8129147551,75818.76295685429
2166,74843.32171216393,72980.03222855288
2167,72720.91335203519,70821.22181525509
2168,69806.63570456981,67848.22304764281
2169,65763.57656490676,63807.99913134497
2170,63500.672150638675,61543.41513346515
2171,62085.738212429074,60081.43024925313
2172,61237.03144398752,59235.50301526467
2173,61087.91186122158,59093.08805177735
2174,61626.23194488312,59624.67507862867
2175,63772.0491599295,61957.612659973114
2176,66970.11275768984,65584.85729254106
2177,70979.81142757487,70011.26846123097
2178,73495.97871800856,72946.62987420041
2179,74242.62813118366,73991.2914462521
2180,73444.15838707499,73278.54029054305
2181,71913.62244149609,71840.92626991132
2182,74526.51240938362,74280.72237639854
2183,75885.33513293616,75548.59226053677
2184,79764.42701284001,79298.14843671735
2185,81946.65832170499,81049.98306845319
2186,82418.19611554708,81158.67394912025
2187,82695.90962802063,81465.75633504943
2188,82311.55795348017,81185.92601509034
2189,80685.977380539,79454.93496689408
2190,77628.36064716175,75970.36472723687
2191,75346.92561710929,73363.87009108317
2192,72416.02354668827,69813.86269087311
2193,68485.54475008465,65114.67678047746
2194,66372.80433369943,62510.98140092983
2195,65060.290449574815,60857.04543986573
2196,64271.89886567652,59822.017924348016
2197,64163.65440381319,59702.00231495819
2198,64699.95997445088,60370.78133838052
2199,66874.82668409706,63287.99391779318
2200,70050.1344590262,67742.84265628792
2201,74015.40260372573,73040.03899355375
2202,76460.57358387,76299.44268597558
2203,77133.85095874725,77184.0888317638
2204,76342.72017678223,76207.76624373777
2205,74825.7694431318,74330.01747043217
2206,77561.85121342022,77461.38276196117
2207,79062.01602723854,79392.60597883617
2208,74715.95006263925,74412.61305477258
2209,76495.65198468175,76170.01649394637
2210,76999.7669952322,76336.39996472078
2211,77598.94395746943,76903.72865707669
2212,77569.4854286535,76913.02410332048
2213,76235.01616004905,75478.99697676937
2214,73299.1967811922,72226.40568174823
2215,71000.67394009796,69492.27738441645
2216,67949.73203531136,66106.41377777662
2217,63614.58648339675,61627.916769805175
2218,61316.70796305802,59123.2826897562
2219,59868.88650351226,57495.91889526584
2220,58962.81909867909,56347.5988183613
2221,58802.777088070034,56134.790055948324
2222,59361.507639880896,56718.10168993567
2223,61680.422557858714,59694.31923314501
2224,65159.19918502404,64147.1982743031
2225,69461.65816021866,69302.83867511449
2226,72098.06858513181,72021.73350011412
2227,72741.0790025595,71940.67391238426
2228,71825.6536534777,70278.72029109982
2229,70209.98634865544,68147.0668830539
2230,72928.79927792482,71026.72316239562
2231,74439.25769061284,72843.45997806772
2232,68924.65261657795,68585.3546276955
2233,70528.67872785614,69990.32481458136
2234,70863.34260942022,70026.14608739942
2235,71343.83937077687,70311.53805361244
2236,71310.77556092352,70245.28459700895
2237,70020.8910941094,69017.61707418266
2238,67137.05310302885,66293.96545208052
2239,64900.80347633429,64076.13723817443
2240,61921.3568634328,61234.291315592265
2241,57841.8179655645,57359.11521795347
2242,55549.49034036548,55176.06405688308
2243,54082.136294251985,53720.44357831527
2244,53173.95914709844,52803.93368667183
2245,52987.97673975099,52563.124103885624
2246,53461.03642196382,52859.498413380206
2247,55599.84309984588,54778.49162012022
2248,58745.47753428514,57607.53237826049
2249,62736.76261310178,61228.85719327674
2250,65233.008788853556,63562.4739927201
2251,65891.88336640995,64043.47188929604
2252,65092.59998546587,63487.15962770824
2253,63627.97099673051,62473.976623013215
2254,66246.6945840292,64504.59950293358
2255,67727.41466142077,65855.51686433403
2256,63407.83667364109,63459.41607858336
2257,64685.656706429436,64151.7785511674
2258,65062.225351299334,64478.04039040143
2259,65789.53881100718,65423.00169532756
2260,66007.353728544,65873.29167258255
2261,64955.17295259417,65398.04239423717
2262,62229.593391534414,63352.9451806214
2263,60075.68680248804,61700.27815523017
2264,57143.04181725828,59451.491765768464
2265,53334.619838979634,56136.40024779849
2266,51008.27400619545,54064.636466259624
2267,49509.945796530796,52644.12171934544
2268,48575.199094477204,51736.80837374387
2269,48360.09981127188,51346.844660829614
2270,48766.288904335335,51145.06164534233
2271,50777.76192199085,51887.17677862688
2272,53756.03122437944,53053.726401999236
2273,57561.662734116624,54858.81836286512
2274,60044.18747693722,56868.04714283946
2275,60868.13978585638,58710.39166457449
2276,60223.75129388138,59253.50018215695
2277,58834.960661040976,58733.41583901841
2278,61227.05106651427,59163.00349516449
2279,62583.04393692898,59487.85992028374
2280,81727.70619759883,80954.76316972326
2281,82169.19321845828,80536.36758728867
2282,82082.77816060059,79691.12510808356
2283,82678.8229449015,79564.5768360897
2284,83055.70200855994,79472.62899560326
2285,82343.04869397507,78669.88135220375
2286,79930.39578874367,76802.31173655177
2287,77961.366333193,75378.80698731383
2288,75141.90136598864,73306.750201567
2289,71150.52640327696,70322.04060699815
2290,68807.15042107768,68607.71064326054
2291,67273.2882034285,67459.29895566229
2292,66306.67538314583,66696.25545107416
2293,66092.93593637385,66550.51763699873
2294,66565.24130841965,66914.12597022265
2295,68800.90687848891,68916.49755222123
2296,72148.09696960932,71992.12370410748
2297,76306.43369414275,75540.3764999698
2298,79016.75606594479,77659.40463513185
2299,79899.43847299636,78151.13386015086
2300,79213.48764972643,77507.161296021
2301,77741.85032238944,76279.93406725429
2302,80099.31566967454,77876.23573855431
2303,81294.26305818095,78748.94409625442
2304,82083.60202980315,81897.01824603992
2305,82897.95272406083,82365.65425307916
2306,82945.32677985012,82174.36867374793
2307,83492.99109461452,82468.15720467595
2308,83700.19924918166,82454.68667812791
2309,82699.73192893,81297.14424268815
2310,80032.18674565291,78611.2094880629
2311,77910.34416854444,76452.26055398559
2312,74984.27275114201,73600.94324904156
2313,70898.2903973943,69716.90967800833
2314,68541.92097738538,67420.9423902344
2315,67030.74256432409,65929.56511847004
2316,66089.23040884995,65040.35552102566
2317,65893.21367995963,64851.4337587426
2318,66417.51892388347,65441.40194885266
2319,68805.1487566244,68244.21026700178
2320,72427.32276330268,72591.90724875039
2321,76932.92328532354,77689.60040631522
2322,79848.50353303135,80976.90081848086
2323,80816.18913280567,82201.59242634266
2324,80140.0585040005,81770.32201223198
2325,78645.2032839247,80386.27997049825
2326,81057.0447150786,82219.2635276439
2327,82216.94324450578,82825.41067902705
2328,79661.81475973509,79298.38615175785
2329,80963.78401577701,79768.78453274742
2330,81191.1406605618,79160.22937225502
2331,81667.45425978857,78809.80925013746
2332,81658.1005779402,78196.63107717023
2333,80356.76797240518,76411.85179075936
2334,77446.7375156673,73323.08479221004
2335,75194.87059883245,71092.20509896945
2336,72169.49507516329,68060.12083691651
2337,68016.2531303557,64156.32555330039
2338,65664.00636283093,61957.12764711058
2339,64169.864815828376,60554.623372332484
2340,63266.13650258877,59748.839907012574
2341,63096.76282628851,59633.38018678881
2342,63651.31600408115,60386.971842193336
2343,66065.45419846747,63619.95638986983
2344,69683.23813644376,68621.53833486205
2345,74175.78448028749,74624.40073576584
2346,77020.1240037514,78292.99445917415
2347,77904.72889282776,79342.78951028155
2348,77154.1671468499,78497.55451798269
2349,75580.85078692483,76651.49262288686
2350,78108.49453088644,78872.70758370355
2351,79349.3359827144,79537.19599428936
2352,79263.69592537751,79383.304691444
2353,80820.28023954497,80907.92510955148
2354,81027.27765961702,80762.43009401459
2355,81378.42291537789,80848.87307694682
2356,81214.03789344463,80478.003025705
2357,79732.4633356943,78614.02159329475
2358,76601.55668303384,74817.68841010406
2359,74198.586890115,71899.42909207911
2360,70991.78212302816,68068.23333721342
2361,66708.6817361419,63155.04249991992
2362,64277.51770630712,60303.000949351255
2363,62757.50791492596,58521.42322845068
2364,61826.47179681091,57435.03053121538
2365,61653.07958217552,57195.28680662459
2366,62241.47101970297,57887.4771065258
2367,64824.93937520351,61175.16362832301
2368,68775.7411549011,66322.00201079671
2369,73697.02871834976,72747.80833611079
2370,76779.60578703914,76896.39726860095
2371,77732.56249475516,78326.67261146214
2372,76968.66040952924,77607.02860980458
2373,75307.74523313766,75655.10734819963
2374,77865.3957286937,78134.17857809887
2375,79108.37747761277,79134.04169154068
2376,75943.81209023016,75557.40904683065
2377,77636.60056943141,77021.4966917892
2378,77907.14925002214,76503.6680750547
2379,78247.8637280507,76144.0950861084
2380,78026.69926691231,75368.36498813781
2381,76507.87198880926,73406.92611444448
2382,73402.53338126803,69997.26582936455
2383,71020.71928410283,67503.37671162811
2384,67859.22011742504,64008.04959205873
2385,63557.96492888478,59827.58632382181
2386,61185.92217060308,57332.08197161353
2387,59711.121209619894,55849.44325186349
2388,58804.42140567876,54856.30144978304
2389,58658.586639937464,54793.26870683844
2390,59253.965041825184,55583.717350949235
2391,61794.31928806044,58583.566577266625
2392,65661.82622302604,63216.687571957715
2393,70510.3484418663,69165.10580202736
2394,73491.52478484632,72249.21989317094
2395,74359.48522987112,72590.03538479585
2396,73542.61487393771,71059.82029155301
2397,71877.5155863813,68727.88368074881
2398,74385.85256232446,71399.755392102
2399,75631.05394614107,72927.81910436547
2400,66071.7266977608,66034.74557738294
2401,67293.62044212555,66960.29106852718
2402,67259.61369512347,66557.91221695865
2403,67508.66444234755,66395.0979965872
2404,67336.1942357396,65981.008143126
2405,65932.56233605406,64685.58029898345
2406,62852.50702943313,62080.723037633645
2407,60473.0928513892,60116.60068657378
2408,57275.406927564814,57500.15715872222
2409,53088.159661156315,54210.45811623627
2410,50609.088098721644,52156.71833686716
2411,49034.6851954633,50851.37102238497
2412,48068.16235718988,50026.280797361556
2413,47869.46624425587,49829.30614530049
2414,48398.54954164145,50156.24364937259
2415,50856.492087307204,51950.33794098203
2416,54657.56596317946,54692.8257798314
2417,59388.15233618243,58009.802295160145
2418,62412.3358243158,60300.4085156578
2419,63393.994163269366,61318.620924542236
2420,62702.247636650114,61063.850102759585
2421,61138.68582840177,59991.148062647095
2422,63494.06408841257,61573.32443258211
2423,64623.242279098384,62308.58681217278
2424,63074.93411063043,63307.27696243876
2425,63891.67148708383,64108.599167830784
2426,63760.73802008655,64916.74117574367
2427,64006.529004821874,65681.99193855224
2428,63929.76504901226,66210.13293434128
2429,62703.74172175653,65863.72847093268
2430,59877.48641913288,63915.27977269591
2431,57695.10206758891,62206.927405352486
2432,54728.974954388985,59970.91507972229
2433,50977.60738673924,56655.20073161484
2434,48621.54369155086,54502.725573895164
2435,47110.30894504411,52975.28985335784
2436,46171.249808059685,52038.65715216351
2437,45972.139237051575,51787.63127844266
2438,46424.47179880158,51678.81406193228
2439,48593.27876595221,52073.88183878075
2440,51886.48817063344,52600.44982366885
2441,56027.84155665545,53533.69964869733
2442,58760.583829660485,55206.25863087641
2443,59761.71381974825,57001.70089984118
2444,59190.89716792319,57607.21193778047
2445,57816.70156829337,57785.90956810435
2446,60140.596158394,59179.554220127786
2447,61262.733025810536,59483.036827019925
2448,81101.5275708774,81226.44603982847
2449,82290.18157116315,82404.67849609637
2450,82463.66272582566,82814.55396567986
2451,82788.85183583714,82999.93617616514
2452,82715.54453635734,82845.05761481906
2453,81468.54959815643,81797.95556032387
2454,78552.16076850108,79371.24384455563
2455,76240.74243720203,77361.50210016583
2456,73172.89536557755,74710.90230395734
2457,69132.25310064705,71354.5082504077
2458,66754.80855683738,69257.66621428612
2459,65224.969253864474,67885.00214108326
2460,64296.252077674515,67082.80978383122
2461,64122.83681630433,66956.02124093189
2462,64653.03507463544,67477.78650289135
2463,67018.13004857975,69622.73428221485
2464,70588.74843188531,72759.9527389079
2465,75098.66448921272,76608.28644363034
2466,77996.59790403163,79099.64000563486
2467,79132.02397471809,80384.769385698
2468,78637.27450163031,80341.81508850474
2469,77221.2051127072,79364.99113362812
2470,79490.15183600654,81149.97685007214
2471,80516.33801958454,81860.50541259277
2472,83921.43338186458,83922.96191076344
2473,84963.64167230851,85028.84366847674
2474,85069.80183334096,85239.95229278774
2475,85414.92311658217,85399.92188828977
2476,85402.9535338766,85228.85027449805
2477,84235.90788588642,84016.35337524931
2478,81341.60944170477,81249.72781363016
2479,79006.6608455113,79004.31258501041
2480,75886.77038789826,76010.95256019478
2481,71785.61384067441,72276.00634625221
2482,69388.43592932259,70000.68774918118
2483,67848.30512836455,68546.86776415785
2484,66907.9674301551,67651.26714463095
2485,66744.99556544301,67515.04370076323
2486,67313.85787542332,68035.70614986403
2487,69796.7649605848,70360.54291483808
2488,73522.71666398381,73805.77270734053
2489,78229.74587502377,78107.39174093177
2490,81248.21533365814,80835.40676391585
2491,82474.46920023282,82086.71411846072
2492,82042.50830254024,81865.21805124979
2493,80640.09924899424,80680.90140413387
2494,83000.80460398579,82678.8476406095
2495,84084.19568203835,83550.84124573576
2496,83231.98709705292,83009.91923987096
2497,84585.96985544867,84107.11794373128
2498,84779.67698900243,84164.13337193501
2499,85024.63723451858,84086.47412329014
2500,84827.20666354177,83613.67479395728
2501,83437.22649108614,81933.21789595415
2502,80358.64550322076,78537.8834309733
2503,77921.77983071672,75817.23986474886
2504,74716.21217645676,72310.54735990838
2505,70547.40447779078,67953.32608803094
2506,68150.79989464594,65446.78665309674
2507,66627.95286956662,63887.02290525518
2508,65738.8195798465,62977.91459741339
2509,65563.80885812711,62842.259040805395
2510,66128.54876760479,63585.074286437695
2511,68716.2103204095,66848.69369859036
2512,72622.98116438663,71782.1364200964
2513,77529.43162890094,77928.50123327291
2514,80595.3901256355,81571.21829858568
2515,81678.10871725732,82984.90308120474
2516,81168.25347873305,82923.67151257127
2517,79703.87544156844,81619.37193740114
2518,82056.60948150065,83971.38778156976
2519,83144.20990959658,84952.07235691513
2520,83608.81428938193,83523.5968384114
2521,84832.69096491425,85056.97332643738
2522,84993.19556608448,85389.9763003629
2523,85338.12248934574,85691.41834624017
2524,85301.60424315864,85605.9144468687
2525,83943.03326475923,83780.49040493832
2526,80863.3861189487,79844.24924957473
2527,78418.18411137481,76645.13059969175
2528,75156.59547267736,72519.58401764382
2529,70866.54323211464,67356.6286715717
2530,68382.78118724405,64361.313702622116
2531,66806.70226273764,62471.57825988611
2532,65854.11695202392,61367.66442243715
2533,65672.91270731056,61152.20592089718
2534,66270.01794265714,61919.41674447682
2535,68935.45822677755,65370.4119816414
2536,72985.79941299559,70610.06211930538
2537,78095.47404249325,77278.4135324598
2538,81370.56244306655,81744.95609933496
2539,82570.57159956629,83682.81355463287
2540,82071.47178921869,83517.38989426242
2541,80519.52294668979,81761.41639331567
2542,82910.245897925,84323.0016820363
2543,84015.9355870564,85326.76386789826
2544,79747.84168660705,79079.50384608135
2545,81036.70802199062,79708.78294995593
2546,81216.34469606688,79071.09964462103
2547,81578.62654776304,78864.77208564112
2548,81498.28337390929,78316.46561784354
2549,79972.80023662362,76195.40634301501
2550,76737.13905023645,72802.78995002463
2551,74186.14475221124,70346.32303249153
2552,70815.34936325738,67031.27791800635
2553,66184.99251627825,62661.77224688096
2554,63668.13669815269,60229.803354407704
2555,62075.119441546,58677.993882469564
2556,61104.04424734322,57645.88423404685
2557,60934.432944606415,57502.87677577632
2558,61571.82297150609,58233.42620927604
2559,64419.041067713944,61525.42952054487
2560,68796.0795615205,66738.75688808892
2561,74332.19898571805,73514.91592158479
2562,77816.54037780067,77813.26204192947
2563,79071.05247612335,79435.51687146579
2564,78492.98749976725,78283.58296065628
2565,76833.78595716452,75887.00425174391
2566,79084.33417344795,76961.73372581555
2567,80125.47184882767,77362.48706599027
2568,66168.56404093243,66224.5851819087
2569,67906.85847318995,67644.2334520966
2570,68444.61923476949,67549.00131687273
2571,69052.06972888863,67568.10594440089
2572,69117.32492952922,67317.6919857256
2573,67694.33634824629,65875.41039452482
2574,64504.75173095848,63062.80667677677
2575,61955.89807751524,60980.46163699824
2576,58570.52292839983,58140.357654561005
2577,54181.38109046299,54283.03766032533
2578,51619.208049017805,52040.831160278845
2579,49991.703481083096,50640.349721239705
2580,48975.44779462329,49632.517051578885
2581,48770.169412548064,49344.731665092906
2582,49320.21651888042,49602.42215921087
2583,51927.96803232004,51355.08267882416
2584,55937.22322430626,54116.16278217266
2585,61159.87444061917,58265.711124444504
2586,64660.369005762834,61716.638624066545
2587,66068.57098852625,63441.37721489804
2588,65611.32655418005,63214.36240707858
2589,63813.53349095714,60763.19022254307
2590,65742.9834933395,60738.63727118379
2591,66649.46787374206,60953.91459492808
2592,63489.52936038775,63933.779610700316
2593,64909.27853665642,65644.33110816
2594,65044.52666685802,66402.4017594699
2595,65328.46439992858,67483.73784157383
2596,65114.45623551048,67639.42380319574
2597,63594.45938458513,66694.66901571018
2598,60442.1379952484,64453.15571649867
2599,57997.40351178967,62727.58215741168
2600,54759.501574539514,60344.278621040234
2601,50756.28352353422,56960.33629918775
2602,48256.5298763987,54657.06163409859
2603,46678.73283011995,53199.87002593535
2604,45677.53810400604,52159.75324128971
2605,45457.00125424018,51798.71661664506
2606,45914.07386442957,51618.84488283602
2607,48314.77718118688,52341.81172611455
2608,52007.107969193006,53193.85828831386
2609,56766.88871470066,54141.33719946236
2610,60045.8022629251,55748.92164797841
2611,61411.12730905298,57018.63771914703
2612,60969.80429870635,57187.055748804414
2613,59419.16811370087,57205.11943154481
2614,61266.12872710115,57877.71609241622
2615,62132.16045421194,58471.82987029511
2616,85777.64878246759,85050.80070126592
2617,87187.7801069689,85680.25669092446
2618,87398.26464105849,85336.03799491952
2619,87690.42961842244,85176.82200045676
2620,87492.96847222146,84733.29886562214
2621,86031.19232932352,83316.41637295992
2622,82914.59057464518,80762.678920986
2623,80424.9626019545,78753.87883174066
2624,77177.69241308712,76127.05181429893
2625,72916.15424648908,72687.25812489177
2626,70410.35229568013,70656.92394882474
2627,68849.14624434577,69410.27335949488
2628,67861.92322191068,68583.55754468877
2629,67680.81951433771,68426.13963115904
2630,68212.74538594128,68885.62948884198
2631,70760.17220745778,71168.87396084415
2632,74639.8715412338,74602.29505093834
2633,79656.14154858429,78960.83749863242
2634,83083.9803966629,81957.71438773029
2635,84426.44356446955,83177.78636363507
2636,83909.24316697191,82877.16095831075
2637,82273.58865816423,81542.64166531927
2638,84260.25905463501,82659.29239255555
2639,85223.59297047429,83189.31343534224
2640,86152.7744544082,85850.55568391108
2641,87128.97463923295,86629.16055953779
2642,87315.91819176132,86653.35113411034
2643,87791.56644327758,86932.86153488689
2644,87816.86012849772,86762.28711209701
2645,86474.47686232017,85247.13540003066
2646,83399.14912230868,82332.85268771657
2647,80896.74313928801,80006.47342580269
2648,77567.44696319565,76893.7817505615
2649,73194.22426827821,72810.42025759375
2650,70592.34694412282,70362.25191365328
2651,68953.81458073838,68845.38799291215
2652,67924.91690943664,67866.04131603346
2653,67741.79651672128,67669.54096662873
2654,68304.27347643864,68187.90820853252
2655,70938.52269321565,70767.83202501936
2656,75028.51046912173,74723.28051634286
2657,80384.72207470669,79884.27395446438
2658,84020.30669739278,83565.59609512563
2659,85477.60324912322,84996.76831542945
2660,84975.05546325808,84504.76428540073
2661,83291.7042400706,82786.50959068767
2662,85393.75107794144,84100.18718856126
2663,86332.58768534973,84733.1839996998
2664,86200.5666197279,86264.3962967913
2665,87713.27253633221,88010.5349941374
2666,87962.17503583585,88631.71038092663
2667,88246.44485985945,89376.04400744819
2668,87968.7149034889,89382.83762244659
2669,86251.90423460706,87581.95604545473
2670,82910.23073051746,84054.48690780638
2671,80224.54669839876,81113.2062226142
2672,76789.45833791594,77307.55876479097
2673,72393.20579303446,72424.80189528206
2674,69825.72705119851,69492.17096712865
2675,68217.13197718606,67665.99464186156
2676,67201.85356855718,66456.42300917489
2677,67038.39711430106,66237.27697952178
2678,67620.81815438345,66825.79673370036
2679,70318.98865269094,69732.17753055545
2680,74539.98764135149,74250.20382709197
2681,80083.15582308952,80322.9652744863
2682,83778.30520301423,84734.47473415811
2683,85192.66172666653,86531.56838648587
2684,84664.1234933264,85905.40114717348
2685,82988.8766327284,83897.20124420234
2686,85130.32665622889,85517.93602480584
2687,86116.38220670946,86310.79761069462
2688,88223.64051020959,88536.2835191119
2689,90113.64925725375,91048.39550286606
2690,90483.9182129429,92053.46116283575
2691,90804.01723378393,93078.23948294013
2692,90464.25239395883,93026.70056109941
2693,88613.2278281245,90767.59811182023
2694,85104.15987304105,86408.73842022328
2695,82233.81799379733,82654.02347127112
2696,78629.42593655465,77985.07736314862
2697,74089.6326928524,72231.29298175444
2698,71452.34958688953,68813.33121996198
2699,69794.48813697894,66667.58498362682
2700,68763.6170485675,65267.637882989955
2701,68603.85754819056,65048.564763029084
2702,69214.55087803677,65729.98695336381
2703,71985.16711031967,68997.72676377557
2704,76331.55207895896,74184.4712393518
2705,82056.92518158937,81339.54590901999
2706,85857.16271577447,86359.33379956138
2707,87310.45066002899,88435.07904331623
2708,86804.30535608192,87838.02317997889
2709,85104.16837654485,85672.54774017495
2710,87322.67778677863,87942.9803937054
2711,88403.22063598284,89242.33118380063
2712,88950.71621365566,89135.22813465036
2713,89947.35494157135,90580.3667067144
2714,89735.07720187496,90354.08802820164
2715,89881.96910974981,90554.22098251822
2716,89629.7349492632,90224.9483960269
2717,87880.46866436422,87731.81705001844
2718,84422.06151653685,83233.1395415863
2719,81618.22751316894,79482.730257801
2720,78005.9891442592,74911.59027718857
2721,73133.25059548995,69465.27668712902
2722,70412.05665457575,66222.68996200968
2723,68688.65620665405,64193.937939922194
2724,67593.2692684964,62910.58749214749
2725,67385.52240890157,62671.8591619804
2726,67998.69372552662,63447.88533869113
2727,70833.92627718531,66769.68156950228
2728,75294.24899255729,72239.83238405439
2729,81201.18827517217,79589.29127402576
2730,85131.84522870643,84524.41092030473
2731,86703.35784794443,86655.63863215952
2732,86273.5381075038,86534.58516583529
2733,84613.88595021438,84923.38950085403
2734,86925.39393290882,87995.38827263929
2735,87986.994570408,89504.46405560635
2736,72886.51230287386,72707.37148649714
2737,74002.32127217547,72540.23340038744
2738,74127.50836965046,71655.74336238595
2739,74564.22892094015,71317.8863520175
2740,74573.8851093912,71143.94064882095
2741,72964.28115503122,69778.52757134281
2742,69530.63104430721,66912.68843176831
2743,66693.33451595371,64656.53295732622
2744,63028.128015848495,61781.72486373132
2745,58405.9368671137,58160.091011632336
2746,55623.98266412337,55743.23818010299
2747,53859.42589915628,54158.8468010161
2748,52747.83112991553,53103.592748341674
2749,52514.23509365327,52596.93715693749
2750,53061.393280285876,52517.62242183402
2751,55699.865501305554,53395.74716787195
2752,59898.946139029016,55060.289223226835
2753,65512.817345180585,57827.223765963055
2754,69350.23763395788,60418.277234136454
2755,70964.44577020912,62163.99114046238
2756,70650.33912530496,62833.40969702373
2757,69112.81446515847,62445.478431953445
2758,71308.29515452016,63282.92452727044
2759,72333.61503560786,63541.50276488583
2760,66765.7979200837,67077.95129804766
2761,68148.42875601882,68256.09635257107
2762,68325.74596434178,68979.60297667763
2763,68649.48211896652,69809.48864563955
2764,68502.7445335624,70362.24907748816
2765,66784.69566298336,69717.77322070427
2766,63292.59658251134,67282.99972898571
2767,60421.80336848705,64968.156931086334
2768,56796.36427822621,62195.29600121221
2769,52523.09351966332,58648.52485446191
2770,49774.8719004351,56175.84085667547
2771,48023.79528972921,54477.12202156731
2772,46916.56573442951,53380.248420015145
2773,46663.22834587518,52885.896277269465
2774,47147.41078492307,52803.514510926965
2775,49575.58743565993,53233.67970268601
2776,53440.47560195222,53990.3708666993
2777,58614.85760050289,55201.50827114935
2778,62232.16876665575,56793.98227682351
2779,63817.07566236778,58172.03473859875
2780,63558.010548533966,58494.12383158054
2781,62221.54355956871,59024.15999295929
2782,64323.42252849617,60146.036050639355
2783,65346.34088622673,60986.53707242038
2784,79705.99497327297,79875.70881119203
2785,81265.51078247705,81197.739826172
2786,81767.28880586936,82222.96910302504
2787,82337.37837108714,83058.05936256984
2788,82319.74780460211,83280.53293611368
2789,80726.74134380184,82333.33531775959
2790,77302.12361340773,79823.24882866454
2791,74368.64173213298,77318.01903817046
2792,70740.1050262248,74487.56772196073
2793,66216.50952733296,71102.66841891548
2794,63451.78043379911,68774.07311453977
2795,61697.592680447255,67269.50043163683
2796,60595.51928573973,66341.25740759354
2797,60346.51588122349,66086.90663915628
2798,60893.325256948636,66569.462928522
2799,63379.694877027934,68266.978693292
2800,67334.78762970021,70975.60115159687
2801,72638.66747162052,74623.40469741562
2802,76325.06248866896,77272.7228065658
2803,77916.34296573527,78547.28545595343
2804,77630.63885809736,78504.32128873606
2805,76316.53812085718,78028.61892997663
2806,78401.23540721831,79302.79704900116
2807,79452.84585982912,80065.6519221531
2808,80006.69578207763,79887.34165877648
2809,81515.37464371668,81127.19998332673
2810,81956.80355772,82038.25892662561
2811,82419.47842472495,82601.54209792498
2812,82257.67406165013,82451.69662338578
2813,80531.50225236057,80963.59254574975
2814,77022.77884400949,77930.92787511881
2815,74049.4785451742,75149.9664244437
2816,70413.0646012049,71995.56045396095
2817,65908.83252450977,68286.7149269674
2818,63109.09379006107,65655.6874331563
2819,61355.79382870748,64033.62819580818
2820,60265.834449862865,63080.13732193604
2821,60034.010460943224,62935.16343079851
2822,60606.19324362674,63617.37775997936
2823,63105.10687387571,65719.28734448965
2824,67096.4064279721,69077.25213152032
2825,72449.05642121105,73511.08448033093
2826,76187.84588826954,76610.882913661
2827,77795.68106823342,77915.33630192993
2828,77500.48572564927,77673.73833529773
2829,76213.1381879897,76947.15329075218
2830,78337.02154709649,78610.68976236082
2831,79424.40605764701,79614.10306830997
2832,78589.29744566495,78599.63272712077
2833,80487.8974013591,80537.68488063768
2834,81237.59096276283,81841.85432436982
2835,81855.22318960373,82705.68660480449
2836,81682.52446502305,82549.76704531022
2837,79838.1769199831,80690.1205902913
2838,76201.2639304962,77334.74064517171
2839,73087.7886791493,74197.81407280352
2840,69320.96190296201,70610.59704615283
2841,64742.8551241288,66574.13198825675
2842,61931.15730008567,63933.07125255049
2843,60153.862293493825,62206.241004505115
2844,59055.02330136825,61103.2699370559
2845,58816.77734954737,60882.04281802752
2846,59398.83091036951,61523.64189167108
2847,61906.469492423705,63698.026315767565
2848,65916.59348357146,67108.11991957642
2849,71232.42959250986,71364.87473516384
2850,74961.21495883873,74407.68934617008
2851,76573.7996289548,75799.33610774828
2852,76258.01911700716,75479.0199710355
2853,75000.89245399514,74775.70615206251
2854,77074.25878599985,76232.83719790391
2855,78213.4386819758,77404.49095392872
2856,78712.72184388398,78868.04870096249
2857,80514.17412672014,80861.78650851063
2858,81311.66637005219,82301.2312613143
2859,82022.88377945898,83307.18979697298
2860,81946.51869275536,83203.97472588424
2861,80171.95668475544,81427.41821719674
2862,76572.62507415368,77972.63233510307
2863,73424.52456802249,74649.65603687192
2864,69640.15214033108,70916.219347637
2865,65042.28925102838,66608.22548147899
2866,62168.95927009358,63732.558230688075
2867,60349.91885737362,61886.44621175246
2868,59208.714603764216,60739.71743661119
2869,58952.39257175218,60431.10906351906
2870,59544.8404389995,61056.743479545155
2871,62032.776053485955,63233.025806106845
2872,66021.36915850172,66727.03019204392
2873,71342.48579630707,71348.14256809109
2874,75086.0941880706,74746.03050994572
2875,76706.15028626878,76297.12246067953
2876,76400.89060063724,76034.07581591222
2877,75187.35688679479,75426.19569489993
2878,77181.75869799187,76778.40603543805
2879,78308.657279796,77889.65729282559
2880,80907.3735608298,81227.90565504535
2881,82935.55545410333,83977.85387893603
2882,83924.79053697968,86211.46932536767
2883,84660.04981179975,87768.24827181209
2884,84548.00168763088,87957.9439873545
2885,82699.41539709027,85867.42849811829
2886,79007.27781905522,81442.18781534268
2887,75745.67770647969,77191.34637697769
2888,71869.91723393019,72405.8224908854
2889,66953.40982222861,67049.3120395123
2890,64042.978226513915,63473.56488636765
2891,62198.53130226039,61173.2787054402
2892,61040.85684768369,59729.86033530771
2893,60775.02115891426,59332.5197599969
2894,61394.22072981573,60068.625712211004
2895,63874.532127384125,62554.31615129313
2896,67868.57654956498,66694.597269138
2897,73222.35403504924,72304.6621733596
2898,76988.54774851722,76475.60494836337
2899,78644.5379316555,78422.0273762943
2900,78390.79592467482,78286.8668133135
2901,77229.26324042925,77501.13665040882
2902,79176.54318320104,79272.39347235202
2903,80344.16548432827,80764.83730945857
2904,72180.91209226103,72264.15375281688
2905,73865.47679806649,74099.12305517563
2906,74797.10644361845,75648.03850508035
2907,75549.1510504049,76574.65979256656
2908,75555.60542652832,76696.19111924556
2909,73799.68472224924,75181.83714551752
2910,70162.37753099167,71967.30953751104
2911,66910.98897092961,68895.3115551097
2912,63029.371358965815,65373.9019571374
2913,58398.722900652196,61299.83754608657
2914,55401.58330045142,58403.80801060247
2915,53486.39237230999,56522.941559608036
2916,52289.38337483709,55337.23584056654
2917,51979.67531449478,54922.61924859123
2918,52551.960549330244,55360.751661887836
2919,54901.22802043202,56944.126426628434
2920,58701.08158860268,59570.65322837727
2921,63800.039840658515,63072.47758264625
2922,67526.0459236599,66102.95777066702
2923,69199.56089315044,67642.23755578176
2924,69006.79451232245,67742.32502060506
2925,67952.67381514078,67372.9623777075
2926,69780.53447288787,68480.74494431267
2927,70909.02917019546,69493.91544915157
2928,72147.67857803893,72536.02661809466
2929,73981.28918786191,74661.95849665426
2930,75002.77866169631,76647.385433297
2931,75754.23722821278,77967.80414565548
2932,75695.27896809939,78201.92803849689
2933,73901.95610773418,76894.55009190345
2934,70286.43163730194,73978.15408730868
2935,67087.03933185713,71443.51176466852
2936,63245.07915675578,68196.34078359263
2937,58970.647655470726,64214.42013954093
2938,55968.90688570081,61315.330998947444
2939,54058.94057839057,59460.46817179715
2940,52835.98752603112,58197.531848631974
2941,52512.483188501275,57701.249694951046
2942,53026.62559102249,57797.14322834746
2943,55154.24809408991,58534.423103541296
2944,58662.13957360991,59912.81919230447
2945,63393.54432843614,61798.44528103487
2946,67017.10188220632,64140.82749712898
2947,68789.36631416266,66132.52443381978
2948,68723.68740658312,66742.93725853103
2949,67868.47530322125,67204.59731863928
2950,69579.04119015446,68162.0570577224
2951,70695.36126866445,69119.43661487977
2952,92935.17459154478,93123.35745981579
2953,95045.05711688056,95766.6602212612
2954,96115.54846287535,97686.42907393334
2955,96753.6329341659,98691.61511466981
2956,96532.78479511791,98507.76885185852
2957,94677.87205281205,96437.98167633683
2958,90973.49937773283,92516.45896167692
2959,87677.20567132378,88846.17926042608
2960,83773.45392681294,84649.74486816801
2961,79158.3262627103,79902.21050729098
2962,76191.18053023738,76624.91291097009
2963,74318.46152417958,74548.61757871132
2964,73124.12556479668,73233.52649367192
2965,72841.10269387712,72910.25735599997
2966,73431.29067026211,73578.54153655187
2967,75719.44517006351,75748.05040532797
2968,79478.35807378053,79317.59807089056
2969,84483.05647994032,83925.80124102038
2970,88276.41513299852,87568.61534783909
2971,90185.17392829551,89474.37084586898
2972,90155.10452970385,89504.37928175896
2973,89326.6598094727,89029.79138316865
2974,91265.05568621767,90689.83208825991
2975,92540.54778093235,92068.87054941594
2976,88437.35221589515,88364.66072784297
2977,90589.2640061046,90747.6972359128
2978,91630.90632757533,92314.49890873348
2979,92236.93670385744,93059.18717585053
2980,92035.3614712161,92786.63711257982
2981,90074.56816168904,90475.62725413051
2982,86300.06357418944,86201.94828270622
2983,82939.10936541582,82170.54519044491
2984,78965.41155615624,77555.83062161994
2985,74279.98906540076,72347.79168299702
2986,71276.97697862842,68853.09313864335
2987,69378.32911710886,66600.64839892433
2988,68169.12884932676,65134.86595337088
2989,67871.63993447188,64686.3543549743
2990,68489.58736335169,65317.879240042996
2991,70874.41014128609,67587.82722727058
2992,74767.1827646737,71370.20201862941
2993,79960.73718889973,76269.38098656331
2994,83752.28090394195,80091.51042338028
2995,85548.35578587648,82151.37771292195
2996,85487.13251152635,82297.63131086156
2997,84630.86335065612,81884.79962630957
2998,86674.5380414852,83742.14008234687
2999,88052.1301007255,85375.16328002325
3000,88992.81512447582,88981.57663052875
3001,90772.48576870102,90895.60522387257
3002,91594.7149817891,91678.46543354237
3003,92161.22294566325,92151.7386969662
3004,92013.653603216,91919.60224560097
3005,90094.99648863614,89506.76857717351
3006,86361.55296655983,85170.61032466088
3007,83010.11111623172,81143.82363080993
3008,79037.50043390633,76467.70260979293
3009,74311.12616317991,71034.78962547888
3010,71311.45963847503,67711.37644238424
3011,69405.2937760248,65603.7115679536
3012,68190.028402061,64235.08820675834
3013,67871.69818805426,63833.96787119609
3014,68492.2753204988,64666.16324790727
3015,70940.01642088145,67732.76289515482
3016,74957.50711800368,72844.43912548372
3017,80278.87380142101,79445.3521509717
3018,84088.59553564657,83926.43267996187
3019,85815.70013682525,85718.7520225345
3020,85674.3735980365,85620.5962043883
3021,84736.44215942243,84834.24658917089
3022,86841.95254262463,87723.4126914085
3023,88214.36338622037,89726.17321300028
3024,89318.88418868088,89540.7558757276
3025,90368.01624329988,90869.86994767297
3026,90806.70830519697,91093.59892480072
3027,91279.48535221879,91264.31379748996
3028,91247.71646541182,90824.04411662601
3029,89418.79354856217,88118.28315360901
3030,85782.68506360057,83748.52085379831
3031,82483.484136526,79765.43649893242
3032,78503.91539558434,75154.94252239686
3033,73735.24207456276,69765.287672905
3034,70700.48705995873,66569.56289989187
3035,68754.4429253527,64543.711782597675
3036,67509.68712855586,63250.308732848505
3037,67182.09673474512,62956.04654540484
3038,67801.96490078143,63791.65893143684
3039,70315.07856148185,66978.43255559064
3040,74454.1546119102,72279.65383576238
3041,79936.6440232265,79099.4155670655
3042,83907.70342772445,83874.51552755646
3043,85760.32134203234,86106.24054395643
3044,85726.9993431773,86322.07220783258
3045,84781.3413830059,85274.94248091028
3046,86969.79799388896,88155.21281042662
3047,88303.82733506507,89425.284926474
3048,87012.68247564381,87018.2645565693
3049,88938.01399612814,89264.94198057918
3050,89773.00793759538,89904.47959711608
3051,90256.69319176587,89944.88292917222
3052,90003.29195225342,89350.3060164588
3053,87863.28256098779,86320.17831666066
3054,83964.75120018137,81748.68702768117
3055,80467.73408992357,77705.74266080325
3056,76395.65340397319,73344.70107972674
3057,71276.77046942197,68116.35119177485
3058,68231.27742451946,64953.927397543244
3059,66306.76520899074,63036.05476222317
3060,65080.30329253046,61721.95520347568
3061,64755.79014840298,61380.11934047623
3062,65409.13934095246,62212.19395931802
3063,67975.84865824261,65278.18308203128
3064,72206.45088368087,70410.14185723176
3065,77768.31536114357,76925.98360476161
3066,81757.37249454565,81065.41489444529
3067,83580.5385865623,82817.38105554513
3068,83517.34015232958,82659.36773060852
3069,82539.43072297597,81294.6218177179
3070,84778.26029869165,84007.25214248007
3071,86083.61403410404,85392.20969655368
3072,75599.97276504753,75745.64300793574
3073,77493.96709977505,77793.01283229196
3074,78308.77917856498,78489.31394993023
3075,78809.39823717687,78653.57652915416
3076,78627.26794842083,78411.51541146128
3077,76536.09171580589,76272.68495789623
3078,72647.46228116457,72686.23787779255
3079,69151.07592227965,69486.60858901215
3080,65098.542089338946,66057.47688969954
3081,60272.033660102745,61771.17951962023
3082,57210.77627654107,59069.26706283287
3083,55279.408244505124,57318.25296295143
3084,54019.04323310241,56089.82295376434
3085,53649.67644077836,55545.62777909238
3086,54214.75616341272,55771.502447564
3087,56631.78397965968,57366.375456937676
3088,60630.34426988942,59885.535548276384
3089,65888.87929229501,63137.515259325686
3090,69740.72785713253,65987.76844221719
3091,71624.78983738541,67890.84811692534
3092,71661.6072643637,68395.08154517642
3093,70728.19750504696,67754.2485295487
3094,72877.84152273348,69421.42482555048
3095,74194.7740170773,70418.35681863087
3096,70022.60561523434,70139.49112672049
3097,71902.52068633834,71710.29150942675
3098,72785.89798010475,72928.85287727877
3099,73317.67521250607,73790.93829849805
3100,73134.11574498366,74028.73097586079
3101,71024.75855230408,72725.76379433765
3102,67132.4356317148,69982.54250996838
3103,63664.8502193921,67678.59208185672
3104,59647.48127513331,64862.88343239595
3105,55074.2678466417,61279.76736477658
3106,51995.24006774947,58763.51074940059
3107,50014.72471827957,57048.14640065281
3108,48731.63479505178,55907.8717946955
3109,48319.67230882117,55330.20646738301
3110,48833.69261865744,55240.62920952316
3111,51064.3934945489,55726.59399345034
3112,54750.72534348316,56540.57563125481
3113,59637.88732688644,57575.11344565822
3114,63273.62883211852,59058.226238220035
3115,65142.13756468722,60536.29387761679
3116,65304.82806896385,61153.65229720697
3117,64567.1546678145,61628.15325274459
3118,66709.09489658255,63060.00629700015
3119,68028.28101983265,64078.74180455406
3120,91269.35501016206,90523.01143029962
3121,93332.38367629933,91769.5761969464
3122,94416.25152580536,92112.95758169742
3123,95059.89710901337,92245.36099566618
3124,94902.33429167919,91961.29508954314
3125,92848.0213129643,90085.2137361366
3126,88980.35990613363,86957.6097304642
3127,85485.50952580791,84112.02676466953
3128,81470.95358155368,80864.0371640231
3129,76716.80707111946,76902.35706098753
3130,73684.23456695213,74446.45756542894
3131,71750.25568451996,72837.38395380667
3132,70528.06712789237,71793.3423674088
3133,70180.09895553108,71446.62471305575
3134,70780.17075640947,71968.90192663095
3135,73162.87205986357,74101.65940635522
3136,77076.93672013664,77516.89570997895
3137,82212.98839839337,81760.05930278708
3138,85964.8841576955,84649.24432660914
3139,87816.5801520971,86019.33597224455
3140,87893.74236778526,86171.3477825791
3141,87101.06111542016,85582.73268022656
3142,89339.52355008975,87508.18436248614
3143,90727.20076258914,88623.29139772296
3144,91476.46182969147,91319.67966292813
3145,93540.23486834552,93313.74244775622
3146,94619.94424246639,94783.93702055118
3147,95343.11096808717,96237.97164125695
3148,95181.91892670661,96135.78493683085
3149,92991.61727121648,93527.93561863668
3150,88985.69672432424,89225.09285461584
3151,85393.53565182557,85355.8587141402
3152,81266.38579231259,80978.44643958552
3153,76378.64024111272,75961.21017716794
3154,73302.90124898295,72962.06378771612
3155,71326.72871851498,70947.32577196416
3156,70077.3132268465,69740.74250075158
3157,69733.49959126291,69538.57831494801
3158,70379.3395855561,70519.85681524244
3159,72884.27260571173,73607.26004534126
3160,77003.52048272348,78644.96102557117
3161,82411.14004632628,85175.83306125416
3162,86290.00704027971,89323.50299675681
3163,88102.46563972441,90776.85798801978
3164,88090.44716359641,90397.3349187106
3165,87184.92831878125,89228.04178057746
3166,89523.02480134444,92198.20939663913
3167,90955.13607208061,93999.0545756674
3168,91346.36630214387,90907.44779977105
3169,93325.9694405123,92931.65535760055
3170,94277.76873459794,93915.93323951763
3171,94885.353504761,94564.21708399728
3172,94626.75896376272,94208.59744323252
3173,92336.36526143867,91358.0993834712
3174,88318.50343585892,86837.58709485062
3175,84731.33747622557,82879.10676374967
3176,80633.58746246398,78437.45494521369
3177,75507.96547515882,73244.26962512794
3178,72480.2859939892,70215.05665329836
3179,70527.4007111759,68171.65138868833
3180,69291.14993552875,66970.49028503512
3181,68948.41370378954,66645.2876193876
3182,69614.26493205118,67612.05542642737
3183,72145.8035183659,70704.50526020692
3184,76323.71924816201,75701.14843494729
3185,81772.34621041131,82001.611205782
3186,85654.3053615113,86070.57337141898
3187,87429.40992426244,87643.15349505864
3188,87393.85363339864,87409.91658325604
3189,86485.95952832345,86265.25559332827
3190,88873.81104008788,89265.95837302989
3191,90326.82061315714,91016.48157975245
3192,81019.70371915822,81174.04128054505
3193,83165.80874174439,83671.74026708526
3194,84035.68166555444,84635.06841668386
3195,84577.98290697644,85126.85369263291
3196,84350.26263194879,84823.16456540007
3197,82037.68610281931,82055.99953423325
3198,77954.94402001244,77676.91621981545
3199,74345.8909594221,73900.73418942057
3200,70184.93991976515,69648.49524015012
3201,65464.7740330887,64427.969992062404
3202,62378.28512194375,61331.32200496894
3203,60370.81912863208,59249.315512333495
3204,59106.12097409546,57960.80048411554
3205,58726.51977921226,57514.01550325506
3206,59359.17967054672,58141.47172065345
3207,61814.31190086961,60406.35714560014
3208,65847.0485756769,64101.342148992946
3209,71160.55464852747,68991.86337273668
3210,74979.07851346336,72533.57516415903
3211,76852.13409645863,74565.04188266057
3212,76906.35157711575,74977.01264311884
3213,75941.26381913477,74002.2884825594
3214,78362.03245108138,76804.43636033233
3215,79835.79112386274,78619.21636006008
3216,89049.08711507628,89530.09766050686
3217,91195.71898645334,92087.90868563362
3218,92060.15988297375,92507.99118469006
3219,92561.91235355943,92834.67723983439
3220,92266.25029598047,92607.26814614475
3221,89955.90081718733,90337.40133894722
3222,85881.69190945334,86195.44055395591
3223,82226.41165548826,82092.71931092876
3224,78064.4939065618,77693.50815897544
3225,72863.21329898323,72606.46465952547
3226,69783.85229845387,69377.91470893496
3227,67812.39665168835,67315.93091590377
3228,66546.75414083469,65938.88201349594
3229,66179.77752858242,65489.836504945415
3230,66845.90802562956,66255.02976910876
3231,69339.48936415554,68984.87528332448
3232,73444.83348556272,73347.91262413196
3233,78902.20309402194,79314.17120451268
3234,82738.71658111089,83132.46672784821
3235,84628.45224556787,85244.22584994188
3236,84729.61747489563,85711.27608070591
3237,83783.87104663125,84937.55670479327
3238,86249.30385892258,88003.52168958898
3239,87784.14107872632,90065.82448233153
3240,77225.13898875013,77456.42235113234
3241,79438.79735853277,79726.53851140213
3242,80325.47742589889,80639.7477155385
3243,80835.91739422893,81110.20862321276
3244,80634.1249271802,80856.51595822973
3245,78309.5632865067,78674.943046553
3246,74235.7224736792,75027.02989565366
3247,70585.9531679936,71752.95944310998
3248,66451.72426966707,68135.9943022272
3249,61526.55975029198,63825.391687772324
3250,58438.641461378,61142.70394138237
3251,56447.548646619456,59380.65386698137
3252,55158.49367040214,58246.629998461096
3253,54748.956575869175,57856.645661211754
3254,55357.535093295104,58398.477025889806
3255,57734.739083266846,60353.89757558468
3256,61587.32236951244,63430.47771782016
3257,66710.6854232665,67498.37725213026
3258,70407.18171974976,70437.11765202269
3259,72329.35993772605,72149.16822882966
3260,72510.62261105164,72505.40824171017
3261,71689.80105922998,71993.5662852051
3262,74095.68161738056,74225.00916753488
3263,75655.92365718754,75761.59233058472
3264,71217.74579169911,71520.709848425
3265,73270.22075223978,72951.37309588135
3266,74142.02965954752,73515.88941194458
3267,74642.33599022547,73733.12381345675
3268,74442.73009502197,73614.94679940445
3269,72187.5905218749,72195.20034813549
3270,68179.82737152513,69673.53432775439
3271,64608.278354345646,67485.2789848619
3272,60540.32700103607,64952.65523782303
3273,55952.785844738995,61770.53994067689
3274,52876.15908449565,59665.11953616379
3275,50887.04061315878,58261.75889014769
3276,49590.00895345967,57276.33109017646
3277,49164.8430052492,56837.92645612181
3278,49722.55554996094,56980.24993181453
3279,51962.867452468956,57882.084731635034
3280,55584.39656760276,59210.530793960854
3281,60390.30973165553,60938.44452928181
3282,63941.970034482794,62587.17894242637
3283,65899.38395162726,64149.56241499016
3284,66158.04103184344,64806.13450079085
3285,65471.16443682538,64956.330189371
3286,67825.41393112892,66303.25758163142
3287,69385.3292208843,67430.28753980334
3288,91985.4022306708,91406.21678952494
3289,93980.54756763342,92569.77145223468
3290,94860.54569872394,92563.30152845895
3291,95262.08803972388,92333.43829063604
3292,95010.97959425146,91741.41090601
3293,92747.59386770453,89712.22525971131
3294,88822.78613958825,86766.77367463165
3295,85279.30358234399,84187.23484324673
3296,81283.4576386946,81329.20023428733
3297,76514.65124022597,77891.57364608653
3298,73520.78205605636,75776.19488880226
3299,71576.47947958048,74370.06377827986
3300,70344.30056527338,73460.04899112
3301,69979.01915442417,73174.25771848368
3302,70643.94649440469,73698.30878568963
3303,73017.39077579546,75441.04759738054
3304,76867.89338838091,78126.98598399336
3305,81958.23509968018,81570.00001674077
3306,85605.38084833047,83915.13055813557
3307,87534.65999023792,85236.95431521456
3308,87715.97496627813,85458.14401262825
3309,87006.79901939405,84980.06136985251
3310,89427.09584836275,86774.93001591071
3311,90989.81250113196,87979.86255854378
3312,96741.1468038345,96570.29181568419
3313,98831.24612063277,98449.48391847455
3314,99747.20596465678,98925.97043206367
3315,100209.749354542,98952.38729074504
3316,100033.89190219378,98641.43268121748
3317,97681.28783954923,96211.31006498077
3318,93641.0000331025,92328.41786286846
3319,90025.27145674874,88833.99276914379
3320,85921.36805800894,84904.97606445117
3321,81037.65282884655,80163.65832103849
3322,77996.11906155798,77206.02960420123
3323,75999.24591776227,75254.77672385453
3324,74742.99642807865,73989.02421859992
3325,74357.24147642282,73533.03597303286
3326,75045.64796791966,74205.3119888755
3327,77559.01837445368,76552.23635098716
3328,81583.93635066603,80220.07275737547
3329,86832.2994927744,84899.10510231096
3330,90558.28929025905,88224.24648175479
3331,92482.08470095736,90318.17410960385
3332,92665.19810050297,90883.99538912787
3333,91908.1815799619,90388.11421934482
3334,94410.37808321092,92906.10404153111
3335,96055.6884077981,94667.69410742189
3336,91761.12021598978,91734.01683163231
3337,93610.405335568,93510.27188885502
3338,94536.79999430629,94318.52659226014
3339,95160.23574518187,94877.37930311
3340,95202.53797347948,95097.6985692402
3341,92925.83298256158,92280.37804157383
3342,88942.48835207103,87786.99593284586
3343,85303.8447771177,83574.84668387404
3344,81142.74032308823,78820.25349055808
3345,76187.11504066283,73147.5937277128
3346,73106.66006714341,69653.00646810293
3347,71113.84266595224,67363.6604672125
3348,69845.25249626578,65894.83497629141
3349,69467.59820179155,65426.32771823932
3350,70180.85181180964,66325.84307693141
3351,72814.7665325895,69486.32495686585
3352,77132.187649923,74744.52498654374
3353,82718.9780341708,81343.8992120647
3354,86548.69460381372,85819.37067135914
3355,88393.88833932359,88272.83987284888
3356,88389.90329091813,88493.48919336818
3357,87424.89995747423,87468.799683506
3358,89846.10746853214,90351.07439123113
3359,91366.65100064191,92296.81024826883
3360,93283.18062071495,93254.49778463804
3361,94924.20654404906,95057.91844957648
3362,95483.87580290031,95542.96123217742
3363,95912.07370631189,95942.16403295934
3364,95801.94082891416,95945.09889733387
3365,93354.55301504584,92473.5156323541
3366,89270.35577946145,87088.68959985088
3367,85574.8136531592,82163.97323344018
3368,81394.18409511229,76753.55881890237
3369,76405.08926588688,70447.94924665638
3370,73309.61842784722,66587.2339114539
3371,71312.48672485132,64167.61031222344
3372,70024.64981994075,62570.73050619549
3373,69649.3446338212,62127.01783136241
3374,70397.5946447153,63217.13242869957
3375,73105.03628596725,66916.14873961805
3376,77564.4739557544,73115.19673450587
3377,83388.6535827804,81049.59155368074
3378,87457.88244234779,86560.46890150719
3379,89421.09156849737,89427.25151348664
3380,89424.92917024934,89419.4235952551
3381,88465.05943309597,88293.58621177514
3382,90981.2106801817,91767.9930516127
3383,92525.1625415455,94005.50708631153
3384,88710.36132153033,88362.52719126965
3385,90877.24003349521,89966.32353288772
3386,91613.0199029147,89836.60158347902
3387,91998.9551384926,89839.75245732735
3388,91750.14476807421,89636.69507153529
3389,89038.07762487151,85957.81585156338
3390,84735.07270876708,81064.44649773257
3391,80906.67994112635,76922.95233596725
3392,76635.91448247575,72359.24490841372
3393,71320.4331403192,67096.74514434124
3394,68200.50826285605,63858.82649638768
3395,66195.8040734486,61858.79680630841
3396,64916.02482625205,60522.974212449175
3397,64571.1748471804,60263.069905386285
3398,65373.29263113498,61352.00951646073
3399,68151.47402695693,64742.38342315401
3400,72736.77905054306,70606.19192144478
3401,78673.05044868817,77802.15114292844
3402,82782.892040512,82378.08463629111
3403,84761.27002250297,84086.26414035456
3404,84656.83518476544,83202.03954260878
3405,83594.82663270393,81429.22533635794
3406,86132.70041911205,84352.12033811053
3407,87730.1508424814,86179.80753297212
3408,73762.63193081826,73720.6648161102
3409,75469.92055148137,75185.42797151486
3410,76040.80172959674,75349.23703107554
3411,76449.13942485936,75431.93618321628
3412,76366.46544336528,75356.28915272353
3413,73790.56744245446,72753.95328646549
3414,69620.79937555476,69029.87372657435
3415,65911.39565313271,65869.60026880978
3416,61711.03570354917,62353.84107580125
3417,56700.042470926026,58084.200340364085
3418,53599.25059732006,55535.781049664685
3419,51564.89334330981,53795.00811117644
3420,50235.633621508874,52612.73159937421
3421,49844.54614364231,52290.824238892084
3422,50566.3592795555,52891.68954915821
3423,53172.38853295604,54990.813643098205
3424,57517.059054057216,58579.5110791264
3425,63114.89499869457,63077.89401261627
3426,67098.86324264338,66449.16995326534
3427,69063.78216436002,68124.39302663613
3428,69025.01281547561,67909.80984879435
3429,68003.26106721586,66806.15425974049
3430,70470.75677928231,68675.37992289825
3431,72018.10923993806,69819.29207784445
3432,70689.5168685445,71035.84794214608
3433,72370.05377176887,72760.32911010011
3434,72944.32676538406,73766.45379334425
3435,73295.83491642936,74414.70272334557
3436,73158.67932689641,74534.03555778811
3437,70588.51027369806,72741.62110442256
3438,66494.64115504305,69855.29387320063
3439,62878.86354665805,67425.08807506303
3440,58785.53352548805,64588.998443234705
3441,54180.34107922325,61066.972688195616
3442,51146.87438971464,58850.05609392855
3443,49145.31858562756,57173.89568890015
3444,47848.989536459296,56100.383371203556
3445,47441.78343884789,55551.779697476624
3446,48098.78216122376,55631.35479110485
3447,50491.28778449066,56131.25458313175
3448,54517.36441410465,57294.67602017387
3449,59738.65750880668,58959.37959602513
3450,63498.974764850725,60639.31055269198
3451,65408.47773957886,61990.76236873467
3452,65497.30467015936,62841.282581508225
3453,64676.599269919716,63474.65496225487
3454,67015.57933691585,64583.972986253706
3455,68465.80770904147,65323.764617996334
3456,90610.98104266626,89943.14976484267
3457,92373.61734093353,90664.03226095164
3458,92981.81403160286,90403.4846706179
3459,93338.15578163098,90040.2858040066
3460,93181.7411777088,89493.56153321231
3461,90612.20477245771,87064.76559544669
3462,86540.27039611264,83846.39130542408
3463,82910.54300266207,81045.8744724446
3464,78848.66429961007,77967.90222402934
3465,74044.30628706866,74328.21838238143
3466,71062.96256387523,72114.89339649671
3467,69107.66131017695,70661.92039236617
3468,67860.72275274049,69732.87842531533
3469,67507.00421326351,69499.9617607967
3470,68259.75019574049,70179.97719225356
3471,70829.73518036438,72385.59889146623
3472,75109.67422966579,76146.12759486439
3473,80611.42270515344,80718.86175368378
3474,84419.9651869508,83727.58925581966
3475,86224.83396299442,85012.0098103689
3476,86191.12724865357,84833.38764984182
3477,85278.55300716142,83990.06738983798
3478,87737.53800798827,85675.91840863034
3479,89251.50231528962,86640.52132618705
3480,87789.86293226952,87363.66073021642
3481,89523.88327954421,88503.10003917167
3482,90241.4175338119,88686.34031084714
3483,90720.97709139461,88835.2712305273
3484,90683.70026622913,88714.85462926896
3485,88087.63858646256,86256.13423795588
3486,84021.30134339187,82846.49352745136
3487,80372.66820807295,79815.60683641843
3488,76275.02140920922,76465.4731635859
3489,71440.6043329218,72485.25594069311
3490,68434.64477323872,70009.890242086
3491,66464.4274754144,68371.42568396853
3492,65191.8188392953,67308.65830610784
3493,64824.83998046856,67054.65372726807
3494,65573.2841162543,67802.18504573387
3495,68215.2411805607,70153.19425660046
3496,72722.57765401645,74213.27422386882
3497,78571.36795187634,79200.77592530541
3498,82563.73945924072,82478.22478490758
3499,84427.7925946198,83798.82209053845
3500,84343.59578170409,83393.29751674287
3501,83409.4592486637,82366.15422594288
3502,85916.1577494315,84217.39906537034
3503,87415.08421168561,85222.22864048362
3504,84843.17080676075,84597.83184714167
3505,86887.78187877027,86354.23167032585
3506,87496.21868847612,86697.82142078874
3507,87692.37887359924,86859.66608050322
3508,87323.14296632307,86582.33500680565
3509,84468.122247069,83503.79448663906
3510,80272.23865407932,79307.08889516396
3511,76596.57093287872,75758.36442800747
3512,72478.16958352177,71794.96674881692
3513,67659.9356426148,67188.13234442436
3514,64682.329957215254,64328.69154684377
3515,62739.758110252515,62461.85119242972
3516,61505.23794247536,61257.54642514339
3517,61160.37229155526,60998.863323183956
3518,61958.619773694234,61868.84601428035
3519,64608.38835590796,64538.90701790188
3520,69065.97548150428,69009.57206373937
3521,74882.82408816583,74672.65306295923
3522,78784.75113733391,78428.174124356
3523,80571.88028052983,79954.51032663826
3524,80455.93084637298,79582.6733098553
3525,79474.07613389166,78489.65115570875
3526,82077.80628711772,81083.67564072052
3527,83657.01897838093,82563.94793428104
3528,86692.7560127601,86837.96930748966
3529,88880.90482998146,89376.5334805683
3530,89489.83792993145,90076.94724094379
3531,89688.38938271704,90361.75280328226
3532,89272.58005895303,90023.82456758151
3533,86315.42988223418,86233.59116103001
3534,82023.59161639171,81245.29226936973
3535,78310.16514606413,77090.49195301344
3536,74187.46921864244,72474.2412872744
3537,69372.78755618731,67153.75494921954
3538,66417.58686860022,63910.26256086959
3539,64480.479331971335,61774.17289599055
3540,63245.145717554275,60427.874383075316
3541,62938.98395053678,60160.46060231878
3542,63757.44473069734,61207.6707256671
3543,66498.38765512568,64307.34666361304
3544,70993.52471669755,69291.58350672768
3545,76776.3884939418,75632.52121266778
3546,80658.76077605432,79732.84645182901
3547,82413.30864516065,81397.66208919142
3548,82251.25491113016,80996.9762845704
3549,81237.31465190806,79763.94930438495
3550,83931.07426813892,83071.80247054115
3551,85627.89771135396,85132.31775603429
3552,84597.47301853767,84357.66183130008
3553,86403.97241039932,86176.34400863446
3554,86854.82867737535,86367.00287836792
3555,86964.05700197445,86248.9392624
3556,86501.62771645763,85449.17159693754
3557,83487.1802512407,81694.5070787671
3558,79233.3175900763,77312.75585792382
3559,75568.49538762921,73780.26307600862
3560,71427.17011743825,69785.03524653181
3561,66239.98110380267,64946.98559849409
3562,63229.08736300219,62223.72809810801
3563,61264.427556885195,60415.279166872104
3564,60002.228206120024,59285.017243817616
3565,59677.95252940245,59077.81179137712
3566,60523.93294947768,60214.71553678596
3567,63308.358689065004,63413.72003341311
3568,67859.87399815301,68096.43430312844
3569,73680.86923118883,73793.25054872867
3570,77577.98101020714,77172.8631110177
3571,79253.80066481257,78497.0568473867
3572,79008.85849314548,77840.32948862007
3573,78025.05954177721,76656.25235636812
3574,80853.92106736539,80180.67257294888
3575,82600.61554488794,82328.4782069194
3576,68894.777871251,68923.90802033448
3577,71060.22224345844,71059.50066570943
3578,71808.34584650533,71720.37832458451
3579,72035.30050694814,71670.15396472639
3580,71588.86853603812,70958.96527001105
3581,68585.82037569844,68170.63807853342
3582,64356.658050596954,64802.78340973764
3583,60731.55657570913,62087.84354277817
3584,56640.17324039747,59035.94080302774
3585,51880.10099530777,55189.719105980286
3586,48904.766515875475,52917.7657800513
3587,46981.68588107169,51438.52793423245
3588,45735.75070402925,50364.51283766288
3589,45376.93113328134,49979.75954678509
3590,46245.79601157865,50478.32785427864
3591,48864.292702236235,51939.020906489226
3592,52976.52053740078,53717.80108855608
3593,58300.92867651801,56138.21558005173
3594,61884.24091860527,58166.02829852173
3595,63517.193446471196,59131.58138429506
3596,63271.655206877906,58920.83961026428
3597,62242.18788751536,58300.73730883591
3598,64969.586220700105,60341.135454309435
3599,66683.52149807847,61825.38760065058
3600,63538.19253682186,63806.20293736543
3601,65497.44082111426,65855.2340230654
3602,66213.14999525556,67642.46359506031
3603,66545.83969871953,68866.02673456495
3604,66303.74399028411,69240.1671201035
3605,63511.05877157911,67732.61035594504
3606,59428.84489570514,65338.21363042652
3607,55930.6953509162,63340.40128913784
3608,51929.556468343304,60816.324861617446
3609,47461.89597248133,57773.39366426153
3610,44501.43409224812,55522.77839893344
3611,42576.84019485579,53950.235264405004
3612,41333.91075955142,52969.5173949305
3613,40978.80861018252,52603.37291060614
3614,41726.73072246629,52775.37575814078
3615,44123.977714542714,53122.068272656354
3616,47903.92884883101,53245.39311153141
3617,52683.25951637781,53169.953091878655
3618,55991.207299797075,54172.01232828022
3619,57517.7147951142,55317.796799573975
3620,57257.05612558263,55574.8766291103
3621,56347.33636267387,56014.5328258905
3622,58939.82406135521,57143.8061365656
3623,60659.48931359553,58175.6347762419
3624,84512.88875339954,84597.49430268153
3625,86662.84862634684,86541.84863461043
3626,87568.51554854255,87580.1134925835
3627,88075.6942368254,87984.03385486976
3628,87921.23192419492,87708.19201640703
3629,85238.85092365334,85506.88067317125
3630,81302.28357473548,82643.64615856153
3631,77861.46822285214,80214.14579457873
3632,73949.8088755521,77396.53968746755
3633,69334.36457353068,74046.20194893304
3634,66471.28309327237,71903.65004999704
3635,64596.55330400268,70522.37665543794
3636,63386.90715072679,69606.66545661014
3637,63103.716524525495,69442.37462110461
3638,63905.696008806815,70217.91565686032
3639,66402.19880076569,72227.47690908608
3640,70299.01384794556,74988.46246988018
3641,75324.82814841787,78301.10088076818
3642,78885.97523777183,80645.25639696445
3643,80599.94676818019,81746.39502799704
3644,80508.66812130078,81489.60022398655
3645,79563.85574206307,80641.83017004533
3646,82213.08825175079,82646.0487112143
3647,83950.94871140578,83985.49344054959
3648,81984.48766705666,82282.18951384144
3649,83867.45214824264,84260.57180032815
3650,84459.95812009815,84943.65679460159
3651,84651.85631220328,85125.88380503141
3652,84230.72084543848,84638.19176265337
3653,81330.31331521516,82005.47746176521
3654,77317.25691873531,78754.89677669048
3655,73897.19821338086,76140.06625731818
3656,70045.88447714149,73066.96555235094
3657,65420.32710688924,69315.1823633793
3658,62562.45876346589,67014.21170339776
3659,60710.840159836756,65523.992117372414
3660,59514.52177787552,64532.0843749755
3661,59201.958414309694,64341.4735341922
3662,60019.54626883259,65156.66790095654
3663,62589.07485423292,67334.7890888444
3664,66631.05232145615,70254.5695219951
3665,71806.05610692306,73770.74389746992
3666,75361.78293429625,76159.47872587756
3667,76972.9539558554,77207.66550832821
3668,76771.71298566312,76904.55934311845
3669,75740.50000089647,76050.73764358117
3670,78506.53297089446,78571.50701034744
3671,80211.87682638495,80242.04658027562
3672,80817.0135506164,81040.5472520877
3673,83201.33699399383,83843.1602178295
3674,83984.26514852009,85090.4769322446
3675,84197.12618048293,85550.58270501767
3676,83634.82517594857,85052.82401702173
3677,80553.1762736143,81688.8311022193
3678,76435.9168231646,77473.67816766817
3679,73031.92822744466,74121.52664467458
3680,69162.50824957177,70204.85797275565
3681,64558.040915369216,65473.12871832657
3682,61735.92850998226,62616.433496296675
3683,59931.033560983204,60772.72302760162
3684,58780.70415675949,59581.698308455445
3685,58525.33450582507,59337.46480353362
3686,59451.114259285234,60377.677947646574
3687,62134.49106273279,63077.17749492244
3688,66170.64267542915,66726.65027514992
3689,71204.91306811104,71040.61277668801
3690,74594.72096748959,74028.4869704537
3691,76028.91878510748,75307.1784835284
3692,75706.8838184813,74903.70313033435
3693,74466.54356549514,73672.33121833793
3694,77307.15378905364,77027.72080420623
3695,79061.33085646873,79266.11340265558
3696,85113.45829255976,85578.94775068888
3697,87289.02903187617,88661.48049282127
3698,87940.34998587376,90031.91821682807
3699,88142.00887664685,90394.99141280823
3700,87735.02958830427,89696.3272433315
3701,84778.57054168038,85565.42724412872
3702,80827.0434900292,80538.47418011937
3703,77537.91957790659,76696.67057390396
3704,73802.89081501107,72116.35189307343
3705,69260.42923439866,66559.30729629836
3706,66543.22166705277,63259.39133343795
3707,64788.58884564026,61199.97073125218
3708,63668.423180647,59850.99282507229
3709,63406.532931047586,59545.89726973339
3710,64329.256957705446,60826.56148739256
3711,67007.06683166762,64107.260028724224
3712,70970.92224534834,68592.5322978644
3713,75827.53282486167,73913.23164680284
3714,79033.51681307213,77600.30073001336
3715,80260.79113718562,78988.3402756068
3716,79794.6846522988,78524.78321610909
3717,78410.08733454987,76783.13949943533
3718,81329.36476958558,81131.49411378472
3719,83120.38662773988,83928.92586168785
3720,84401.60581383509,84332.90660944322
3721,85859.33571500455,85798.59134534452
3722,86293.94501242426,85646.6437326949
3723,86560.81896422023,85138.00535338305
3724,86425.38662056453,84511.32385557084
3725,83652.83459820462,81049.3154470191
3726,79836.05454835456,77140.18022850026
3727,76646.1246907815,74157.05229833076
3728,72879.76490957242,70573.32653989688
3729,67970.77055356184,65834.98308537787
3730,65203.78275970987,63234.52566335071
3731,63418.477854673234,61574.40448972807
3732,62276.41860225793,60532.314531910815
3733,62020.933580434605,60364.81131314282
3734,62980.084524911945,61590.16542611346
3735,65790.49867029607,64974.43583262784
3736,70002.99050293546,70195.13061712495
3737,75274.79327651921,76711.20047321347
3738,78781.75890920786,80578.58508843431
3739,80126.0833606225,81637.9826158073
3740,79892.82327101841,81026.66214597123
3741,78608.0013167973,78775.13484486027
3742,81650.47621509545,81961.05590719632
3743,83458.89315861491,83384.90782553235
3744,70544.20566058916,70162.41174207107
3745,72346.05576835842,71109.5865211979
3746,72849.64943382452,70573.77809902886
3747,72973.00486348114,69987.48050641487
3748,72594.0339576426,69381.30158223229
3749,69687.87267339988,66819.09909959705
3750,65759.7991749828,63821.06427705569
3751,62539.41721213901,61665.68714395919
3752,58834.76253532451,59008.55587153309
3753,54278.757221390886,55430.35891365962
3754,51504.3696893894,53363.104626322456
3755,49708.6514368752,51994.786167026214
3756,48563.88216127975,51147.894208310754
3757,48290.4373910326,50943.08292432066
3758,49175.572868861294,51613.56743387585
3759,51796.79969518522,53467.79925582857
3760,55744.79972175967,56173.39430537124
3761,60785.722832047184,59630.94405465397
3762,64279.86199088965,62258.350313812225
3763,65725.08761088386,63177.81210906155
3764,65506.946938741996,63071.71534778147
3765,64307.85192296404,61811.79445042355
3766,67180.36744048122,63546.603147001326
3767,68841.7170126298,64468.02882782493
3768,64298.55211074039,63827.996406464954
3769,66328.01812152118,65145.722673346936
3770,66946.77805598233,66153.1696749667
3771,67057.1220630669,67128.45275995652
3772,66584.1692492236,67257.02339630664
3773,63630.61743717712,65662.85267974233
3774,59764.20490546644,63412.55375850838
3775,56688.39373149406,61833.41461916392
3776,53067.50656313758,59720.07222307905
3777,48997.59510935062,56680.812073449386
3778,46300.82470486364,54645.35428463739
3779,44535.28634323947,53050.4207425149
3780,43375.72922422611,52225.84241112533
3781,43097.380955064,51837.15877505677
3782,43969.837191254606,52152.10294407857
3783,46424.87676674399,52672.00237918371
3784,50097.303640925165,53167.77603444256
3785,54721.42527050602,53477.09990767304
3786,57928.468939704835,53904.816944278966
3787,59289.23969021438,54658.41955405308
3788,59091.69446928545,55009.23094871436
3789,58026.71772342764,55696.75484459969
3790,60750.85941612237,56989.010138032434
3791,62438.430249695186,58216.49299317441
3792,87031.05267092268,87540.03817085676
3793,88932.31647236783,89226.66489783491
3794,89500.48206477381,89488.46989957406
3795,89642.8965147506,89270.0627626058
3796,89146.03304432405,88665.25242430253
3797,86223.1844541606,86622.51342789838
3798,82434.84207438506,84303.22018638538
3799,79295.27336655676,82624.65516666975
3800,75659.53077694515,80583.39202312609
3801,71224.37031701158,77882.73621767703
3802,68549.35030569827,76310.10556708045
3803,66791.18696655748,75284.14905431347
3804,65689.44712290268,74647.27915620971
3805,65449.80269089064,74526.34587251427
3806,66375.88815079599,75229.27691190284
3807,68953.81555178176,77022.79926742097
3808,72904.07707264766,79526.05182437101
3809,77816.52539929739,82367.84231556667
3810,81105.33001790257,84045.5255458504
3811,82521.517093689,84500.36342874738
3812,82391.61784465818,84263.11606800456
3813,81334.20763562623,83395.54732598933
3814,84104.31453733015,85361.96705286758
3815,85866.47420610812,86482.93694399178
3816,88212.40397850747,88533.58696129353
3817,90011.03540382758,90240.63621218225
3818,90433.05226352702,90653.55813079065
3819,90428.95168446016,90520.04043257557
3820,89807.27868534622,89940.38399297067
3821,86773.21584416748,87315.54779307671
3822,82866.62970683763,84195.47580170867
3823,79718.53344579734,81846.70442787088
3824,76087.08412714534,79025.2461577394
3825,71601.45849852197,75332.3837538909
3826,68881.16952279552,73160.68389745131
3827,67137.57372588296,71736.91195941296
3828,66028.55048249428,70851.70611724406
3829,65803.2874195937,70676.01459251097
3830,66784.15823562135,71627.47926380807
3831,69455.51924821804,73983.85863250647
3832,73468.20287484632,77265.91777793263
3833,78446.38221719014,81054.77499201978
3834,81744.17402714935,83463.47098264024
3835,83206.62491227135,84305.1345415338
3836,83076.78380806648,84186.27544998137
3837,82024.46040934796,83180.42284181385
3838,84923.56160119973,85706.04110561566
3839,86577.20307318603,87186.30536423737
3840,93192.98702092764,93458.31378405908
3841,94846.93839022034,95413.64256436063
3842,95295.07172589484,96088.59079291366
3843,95288.87902156434,96148.60091195995
3844,94913.35667841742,95593.24077061962
3845,91925.32764448563,92181.3030033918
3846,88014.89702771991,88093.84541298955
3847,84860.49766839847,84920.48439119763
3848,81201.25976736358,81194.48343912774
3849,76674.69529295257,76316.0256632464
3850,73987.44087843574,73437.97596742387
3851,72233.46303150526,71562.15219443406
3852,71147.66100514513,70408.6212361155
3853,70946.57727108081,70181.14476895917
3854,71980.61355036093,71427.68868625924
3855,74673.4862458142,74485.89633720873
3856,78783.88586761244,79016.40287810971
3857,83800.55381442053,84427.09252920766
3858,87066.11903949964,87974.72649640401
3859,88324.50141838555,89361.64832768729
3860,88076.95624381829,89382.40766367057
3861,86896.57310757371,88194.8916302242
3862,89776.38068510345,91403.46837068332
3863,91403.49048694542,93155.80788220064
3864,88454.52840598233,88648.48002117193
3865,90271.43182756742,90731.96624981011
3866,90870.37053475901,91376.81044318523
3867,91174.82291754338,91657.33676414724
3868,90860.86446879304,91179.33019160961
3869,87901.68899696125,87383.08044116104
3870,83996.91121495121,82721.57514155986
3871,80778.1078301001,78984.48894207209
3872,77100.21082453684,74732.01639837064
3873,72539.97021154777,69254.8026201436
3874,69833.01171698488,66064.55154099777
3875,68059.76485219761,63923.51645971909
3876,66959.29572022127,62649.32626325111
3877,66770.73849309301,62439.98798433049
3878,67828.89823368491,63819.85243298334
3879,70664.21468729147,67243.98726320051
3880,75052.82114080305,72705.41226640051
3881,80349.245924289,79289.64500213142
3882,83750.93759186652,83469.93773547787
3883,85136.60199313567,85119.8171173353
3884,84956.18498294974,85171.52189771125
3885,83715.40686386942,83743.05149959882
3886,86582.57107242677,87150.4584318825
3887,88189.45998760841,88969.05146372617
3888,85121.0124688308,85141.37552900644
3889,86797.68874698342,86543.49940385422
3890,87195.85774733688,86220.34616289785
3891,87325.70753102476,85899.4592934564
3892,86879.29684532106,85029.07616753092
3893,83791.95766544616,81202.66596237244
3894,79835.58863526142,76640.89097739694
3895,76632.73714059185,72958.59214129046
3896,72933.84170939338,68870.8044938539
3897,68019.17187944269,63854.51913915637
3898,65278.16752900315,60931.36388208689
3899,63492.66953613372,59031.66089575562
3900,62386.24153632729,57949.45619817074
3901,62145.578644625544,57734.61971286078
3902,63211.11437860047,59109.97635581506
3903,66080.75090246233,62609.06780703078
3904,70542.35244572493,68451.32992055785
3905,75979.88405260532,75370.70235758724
3906,79452.7488680752,79200.95510535521
3907,80764.20360232586,80386.11641190242
3908,80555.75446842231,80067.25752883607
3909,79236.87780010857,78331.92715908655
3910,82112.85992231719,81590.02119522066
3911,83862.41573892624,83151.41666995642
3912,69730.26445233985,68890.4543902586
3913,71611.96686308394,69493.03027410893
3914,72220.03868277428,69763.3417729004
3915,72524.19220955129,70372.0790440138
3916,72122.21206730543,70183.89330271153
3917,68968.9906135277,67555.78649531008
3918,65033.078835867156,64950.35102614779
3919,61780.86848873632,62723.13621498111
3920,58068.79741873037,60181.07114308088
3921,53486.55489384283,56681.5978518416
3922,50719.58790970426,54551.6022345646
3923,48908.859362730305,53081.210301355226
3924,47785.436875568776,52051.17589250158
3925,47528.73342957071,51642.63424588261
3926,48517.75627746203,51892.420433267805
3927,51196.29347634774,52702.06719357666
3928,55362.6120916415,53830.020005349994
3929,60456.25208473598,55058.19675124839
3930,63791.87814983528,56726.742833071796
3931,65142.5912356902,57942.19819216617
3932,64959.848074524176,58083.11938521688
3933,63847.87675474687,57853.13070726955
3934,66571.4373588001,58621.51780526575
3935,68176.50497404921,59460.22552122014
3936,66123.2120713585,66037.35288406273
3937,67941.42568607128,67820.16250329165
3938,68679.27933487052,69509.24448682096
3939,68894.97261965595,70465.67193445751
3940,68460.08412963113,70491.31192372055
3941,65275.656638917135,68482.90951094232
3942,61308.821357565226,65948.41605444081
3943,58080.62736863647,64154.924797657564
3944,54360.33465074516,61583.00155148342
3945,49763.963720023756,58233.597860059686
3946,46948.712244607486,55762.45186485287
3947,45128.893637356145,54158.35819387734
3948,44006.46166560394,53225.01775214275
3949,43738.91011326173,52752.34433672929
3950,44616.829808637565,53030.262540708034
3951,47077.96779907904,53557.379030148695
3952,50923.924109086955,54058.812211014556
3953,55581.55774621201,54591.39626075676
3954,58754.03699359019,55938.74576325644
3955,60184.843960542916,57461.96254469375
3956,60228.56672238077,58074.42547589103
3957,59326.340933296255,58564.9844585603
3958,62058.76098024491,59438.18688998198
3959,63727.436277633315,60482.020162717985
3960,63313.91118070416,63031.44980042397
3961,65292.96227821203,65184.89391239992
3962,66185.70786854572,67078.77499582438
3963,66529.52593176627,67931.32871036706
3964,66104.38670889809,67556.53077926257
3965,63054.99707226452,65575.66759433915
3966,59218.56611772109,63022.184508160106
3967,56068.569107701835,60517.76454070448
3968,52454.23224805379,57940.54041273157
3969,47988.033933818275,54784.55954506705
3970,45230.582150741364,52553.446316116926
3971,43434.74241752783,51080.71108744899
3972,42299.4614159225,50061.18663701132
3973,41989.747288759776,49624.90079098188
3974,42897.940476624935,49842.0637106379
3975,45209.48579429609,50151.048443500935
3976,48793.595937197686,50719.0018601495
3977,53063.03624198859,50994.07625193294
3978,56098.94287416061,52028.82106125822
3979,57580.84218484273,53546.75613343908
3980,57670.51741388709,54579.407853885226
3981,56961.870187810666,55529.769336633086
3982,59543.80801812234,56856.13949676689
3983,61186.66356897642,58180.5384374991
3984,59341.77924725126,59283.93952063336
3985,61552.21256711407,61058.011407015394
3986,62552.05263460774,62653.821381635986
3987,62985.20166344177,63882.44508835319
3988,62564.94898271819,63888.68354186641
3989,59594.520968625904,62624.35465927286
3990,55874.43228988674,60814.90637818971
3991,52762.41446599297,58846.81491743436
3992,49198.88613808066,56449.75521737958
3993,44812.30082530434,53609.46465720553
3994,42082.23525853029,51625.39007527754
3995,40334.053210134174,50377.46955642541
3996,39241.52755170395,49530.8987221526
3997,38959.3832657365,49198.34496305161
3998,39827.19699135253,49512.57576937307
3999,42016.25128723671,50292.96129612743
4000,45335.4280585366,51101.08887228946
4001,49138.26342001481,50780.883975206016
4002,51775.04632972553,50258.59698746522
4003,53146.13684126541,50428.994209488184
4004,53311.59279270351,51147.648871174024
4005,52737.70719188703,52518.45824442619
4006,55123.09193813007,53736.74281986909
4007,56752.15216945845,55237.558202492146
4008,67693.22374195475,67722.09731799147
4009,69593.55119879766,68958.41939739822
4010,70560.80683745148,69786.43214281967
4011,70987.42330964448,69996.26232113244
4012,70598.06421451963,69278.5575229481
4013,67819.34925871559,67510.81040527498
4014,64354.51048786712,65483.72251853833
4015,61416.61755673664,63476.47139765998
4016,57999.69645849715,61259.8060549721
4017,54048.27477209561,58652.1495445739
4018,51382.69744661087,56848.71008762701
4019,49618.25746118545,55647.09431152513
4020,48497.38989097729,54902.5556775815
4021,48198.64182639805,54785.81740805207
4022,49006.688509386484,55175.040214593595
4023,51033.389433498196,55760.55992624215
4024,54077.14456399632,56592.489042092486
4025,57543.27653580251,57403.112334556485
4026,60099.85356561199,58685.92510731098
4027,61563.739050856784,60357.738041089244
4028,61909.750891699056,61527.14718610978
4029,61617.567055764186,62607.20778555435
4030,63935.033311928084,63669.465096986416
4031,65544.75054453143,64725.22058544473
4032,87025.61108526563,85608.05194664825
4033,88974.72078244275,85288.20822971199
4034,89936.77292483351,84207.187536027
4035,90444.75850216555,82766.69008016548
4036,90091.53464272073,80525.93698914586
4037,87311.77929851126,77364.08144750353
4038,83786.18086825791,73948.29024983959
4039,80814.42479988537,70936.6286873588
4040,77360.10589570653,68189.36536566459
4041,73144.35050596374,65796.62102818713
4042,70502.9175218362,64217.14396816738
4043,68786.2784031301,63345.34332262567
4044,67657.95590716523,63097.026541752704
4045,67295.33937160163,63471.23880202124
4046,68163.26109467188,64906.77905567505
4047,70377.00684019337,67723.25984070588
4048,73763.40252634339,72115.90978325525
4049,77625.311396123,77036.60274295577
4050,80258.96647675219,79694.40238860279
4051,81622.79110690206,80740.94086634237
4052,81758.91052913602,81006.23990256012
4053,81302.96619927725,80888.85215085458
4054,83642.7955135647,82577.52701929743
4055,85202.44012727012,83540.40706391251
4056,87500.8731533525,87186.20528639723
4057,89075.96765259239,87820.77545267367
4058,90012.07476809634,87740.62845840068
4059,90810.48096082178,88208.76877155218
4060,90748.90072552614,88295.77308498413
4061,88100.23903192543,85383.64537321507
4062,84366.64150057347,81888.9091969705
4063,81128.98248348173,78911.59940467603
4064,77456.25700366205,75384.54426002332
4065,72702.2467571196,71127.24224280228
4066,69958.10473832648,68764.03589266671
4067,68158.82735177102,67248.47971003076
4068,67006.09882324512,66062.43899517544
4069,66778.51522324845,65822.76394637734
4070,67689.06862877234,66981.74196358008
4071,70004.1628168791,70188.91210691538
4072,73702.55877993043,76385.32006545774
4073,77987.88063250406,84141.5152459471
4074,80873.54719304387,89203.79807849159
4075,82292.9908353431,90981.99873028774
4076,82402.12281329256,90201.624862492
4077,81840.16768215592,87937.42379067444
4078,84185.57738018068,89520.62760482801
4079,85734.56485672729,90097.75289364715
4080,66888.61017182819,66208.17250945035
4081,68085.8408252103,66123.84036681626
4082,68717.78561438888,65093.748171939165
4083,69411.6592323633,64694.31409176778
4084,69372.62528188666,64209.21256376205
4085,66809.98750234694,62674.08693803106
4086,63371.46049408617,60376.83973039576
4087,60419.67589588881,58611.08579854122
4088,56959.39497860629,56888.91287762959
4089,52635.836327382574,54356.20594317589
4090,49887.21788412483,52615.36230745611
4091,48056.066549439354,51396.406099314096
4092,46906.17226887569,50677.550780672085
4093,46582.937164776544,50405.970415357064
4094,47439.5713730909,50599.06167820505
4095,49663.89580692172,51042.80525078162
4096,53310.11304308626,52219.27923321676
4097,57673.60296266745,53802.55509189075
4098,60804.12894690128,55550.62524366077
4099,62421.06085682199,56356.51859223121
4100,62680.52644745894,56318.44515002595
4101,62048.710749256476,55691.39335819344
4102,64362.059213802575,56003.478006373145
4103,65753.62437606482,55756.3229395541
4104,57502.789471982265,57310.0466301464
4105,58840.027880876034,57509.343008133386
4106,59308.491751823225,57481.30966447512
4107,59719.294107915164,57885.810768695505
4108,59378.98396009926,57546.05278443857
4109,56666.962596786274,56518.35887078878
4110,53211.70923974594,55224.05549856015
4111,50306.079046656196,54482.60691163165
4112,46922.190953021476,53033.15554892703
4113,43011.17861656528,50873.37924477075
4114,40333.78466965,49504.49089548322
4115,38572.47274702273,48622.954714625266
4116,37437.902001243834,48036.286374544696
4117,37116.033898652844,47842.55524935108
4118,37897.33133742057,48035.61586610587
4119,39942.962243519694,48541.50434083798
4120,43249.72402108157,48637.83349465686
4121,47287.32898383709,48383.528948440784
4122,50165.97025239628,48334.24029663973
4123,51653.12326862552,48600.0089443148
4124,51858.9835574033,48923.22959258151
4125,51420.18467695169,49830.63050636165
4126,53632.97438996604,51109.5042598665
4127,55004.288995792376,51709.93122598113
4128,67592.99050651821,66999.02482870374
4129,69637.71913708665,68668.18654732357
4130,70581.60246341364,70605.25179994124
4131,71159.10305980023,72405.22658682236
4132,70635.90845060935,72290.40971369237
4133,67835.27878198329,70955.33998475887
4134,64319.567427479116,68941.20356076163
4135,61377.02422427459,67319.78879956687
4136,57980.26647820474,65362.195960455814
4137,53813.028535439975,63056.3838964069
4138,51198.6005686776,61548.5561754005
4139,49494.050858345625,60795.74999726606
4140,48423.1440284236,60458.74109966022
4141,48180.587415572925,60841.447333932956
4142,49047.00015194118,62457.412306920516
4143,51210.807417240765,65924.89697835523
4144,54568.16833112622,70274.02596942632
4145,58600.958268974915,74238.98176497416
4146,61423.389399377615,75426.11369009993
4147,62852.07851199693,74878.80291259654
4148,62997.6030921724,73125.47894631296
4149,62482.4128458775,71078.19412261492
4150,64831.18007921319,74115.76064067341
4151,66354.84442838386,76327.0972218931
4152,68405.57278664004,68612.75765258852
4153,70665.47434209962,71236.69243939732
4154,71656.8144455853,71633.98668982192
4155,72150.10679166064,71549.42513462687
4156,71520.04590424523,70212.74269491438
4157,68629.05917984573,67474.87800992487
4158,65080.5599584614,65020.57285167847
4159,62224.47508593658,63687.076332055505
4160,58956.48150279293,61706.89282888736
4161,54874.1144456306,58664.33660582817
4162,52395.38069203082,57129.43427604125
4163,50814.227464465825,56173.00940017654
4164,49849.335320158,55392.69551978191
4165,49717.2082701886,55524.813649688826
4166,50672.21936475274,56548.26487933264
4167,52917.491284327174,58462.20247563026
4168,56264.535820874546,60515.264673001555
4169,60115.97316919926,61917.811998449026
4170,62644.744626358304,62135.98635827776
4171,63760.270316867645,61716.7329571796
4172,63709.992572217765,60400.37957950672
4173,63136.2445159573,59306.67494340131
4174,65573.59573843823,62419.16627433176
4175,67108.16942389299,64638.8211648709
4176,70863.19898734272,70751.12018398535
4177,72544.26920671623,72723.59274095346
4178,73268.12736516066,73329.59782490446
4179,73865.13424305725,73838.51078740468
4180,73387.20067110726,72705.56522264953
4181,70687.906549655,70217.94673558505
4182,67373.59672305698,67736.48213006655
4183,64746.12507202228,66057.0208507601
4184,61618.92727270209,64035.124648679346
4185,57614.38033663089,60892.78556859728
4186,55166.89486071574,59099.48686462724
4187,53592.041930245774,58010.41843825418
4188,52620.96344894984,57429.43904259678
4189,52439.28343925497,57390.24853520311
4190,53405.19138926182,58578.80234896282
4191,55662.87735698911,60964.95904958097
4192,58974.1707824522,63827.0856194039
4193,62687.74025985582,66875.38245332762
4194,65173.57408438225,68888.12037642208
4195,66227.96460155223,69259.97163717264
4196,66001.63029717556,67835.61134477364
4197,65201.29542939109,66124.95018066071
4198,67674.88678544598,69271.06252805598
4199,69228.77904686311,70863.16165733636
4200,75035.5879751868,75723.04522712925
4201,77072.66140497084,78570.06386787038
4202,77753.12197961968,78940.73229134515
4203,78163.94756626771,79030.28317803015
4204,77452.09067258434,77632.35865674655
4205,74621.2957800616,74717.26924541354
4206,71220.92035939379,71719.87104829887
4207,68583.33811326882,69866.55325406343
4208,65513.32842198779,67571.7405920622
4209,61577.430873751975,64141.45430377659
4210,59106.77233095634,62255.577173072044
4211,57602.489024732764,61175.220460207835
4212,56655.11653370503,60462.72635264065
4213,56490.226120542946,60461.122724949004
4214,57407.93313538806,61513.25503413894
4215,59671.319039761205,64250.79137155666
4216,63027.34913963427,67888.20218698667
4217,66864.12370403892,71729.13742373523
4218,69307.51640938532,73436.04264122226
4219,70307.98451811243,73841.09021314622
4220,69911.0232314479,72517.16279276054
4221,69066.98678765201,71052.21059785502
4222,71635.76613091161,74664.67778440689
4223,73196.61759332543,76866.75912946905
4224,72158.79734253151,72237.64983893176
4225,74327.53941822688,75080.2418838159
4226,75113.20148447347,75658.31806389138
4227,75650.61081774965,76253.65490258044
4228,74924.11912007163,74814.05307652405
4229,72087.30253338323,71401.0127774039
4230,68717.39369790861,67829.64929711059
4231,66093.50891860109,65446.95710125765
4232,62994.0206181673,62488.7774741728
4233,58657.11113599801,58345.21652870753
4234,56247.15288521894,56079.242593337185
4235,54724.667484050195,54705.01899537277
4236,53784.23692313202,53849.64935436385
4237,53617.131390802104,53829.18187219295
4238,54629.764748519454,55245.05340198407
4239,56994.19627940201,58282.01095985556
4240,60430.28786481278,62160.471482090936
4241,64265.36411165593,66244.16509718065
4242,66657.7314376543,68076.92836952592
4243,67582.28678109548,68130.16038760835
4244,67111.32225219098,66464.28679527901
4245,66177.17114433767,64632.201743235135
4246,68872.76613885559,68499.31888134846
4247,70540.8631230811,70840.26869066167
4248,59819.86135747329,59813.16630164794
4249,61857.50030784784,61691.90217695918
4250,62523.4008330408,61749.638686907085
4251,63096.65008500102,61777.61089926469
4252,62436.353694520716,60610.81700417341
4253,59693.53691850693,58296.391916497334
4254,56408.72090064853,55824.954725810465
4255,53838.88507274713,54297.322130309985
4256,50824.339202539835,52246.0821658308
4257,46863.85908795196,49226.968168126186
4258,44446.38091956817,47520.872617896195
4259,42893.61996610883,46494.14506923085
4260,41917.79407448309,45740.224766330604
4261,41721.39376058909,45553.10715527124
4262,42646.02857046665,46112.87648326268
4263,44847.45984145939,47241.32321294436
4264,47928.34037700138,48178.211824063445
4265,51363.357556211675,48683.91710258639
4266,53647.236788661234,49141.64717770477
4267,54644.91665719113,49624.4297274185
4268,54238.46285517842,49080.96167696169
4269,53441.12684914732,48477.55567473459
4270,56040.55995593348,50468.38224840079
4271,57679.12949865008,51808.41083567083
4272,53049.73861447592,53189.71415972726
4273,55128.80394815274,54862.90434222647
4274,55906.78446087518,55832.643454992016
4275,56575.85548967978,57124.13830752805
4276,55905.380848244204,56859.39361373672
4277,53248.38202848686,55533.15318112263
4278,50081.46066644901,53813.1251582149
4279,47731.41102516694,52917.56849217742
4280,44814.651231726784,51161.79640028412
4281,41312.46407635143,48667.55586459073
4282,38973.97927341841,47076.865183702364
4283,37490.452785853246,45969.05923812853
4284,36519.79679804053,45261.20218042355
4285,36351.66943692341,45127.34008726495
4286,37254.216564863804,45432.40208650115
4287,39292.14508369846,45785.429843077174
4288,42052.57309979447,45533.4842280391
4289,44954.03197457174,44263.01971299501
4290,46848.65293083585,43712.49942947898
4291,47690.01568270531,43997.28917364832
4292,47269.69476303358,43873.60689782665
4293,46543.51136280751,44368.0154956026
4294,49068.97634302867,45525.4753201462
4295,50682.676098711665,46649.42387790664
4296,70296.13255443376,69911.07388100242
4297,72738.69439988269,72025.07328178347
4298,73668.15546152284,72982.44325578946
4299,74235.72141217858,73611.85326747697
4300,73438.46439630583,72886.54516197073
4301,70749.82647884644,71117.95306738025
4302,67596.18036594006,69141.70364460716
4303,65257.1899305608,67862.90745932916
4304,62361.066739771675,66055.67202421578
4305,58521.26508970746,63530.70197467533
4306,56239.99194780592,62003.34989115485
4307,54800.54407327907,61069.282482823466
4308,53915.99147768409,60482.21755328543
4309,53808.373654826784,60492.93164784565
4310,54797.62926834834,61341.23277778163
4311,56996.66439475051,62997.08097355835
4312,59885.93055322243,64741.95672206278
4313,62834.55457100192,66048.32068478703
4314,64642.2890529373,66680.75611838112
4315,65387.84484636947,66954.82584867571
4316,64736.273769476946,66191.37383078258
4317,63728.11763622996,65486.8961816336
4318,66224.67617354031,67694.98866583635
4319,67818.24966518079,69177.73966953815
4320,66104.7999121229,66160.79596757314
4321,67675.8330534932,67548.21962558346
4322,68305.01276148362,68196.38631914154
4323,68933.47575693915,68795.09289435163
4324,68257.23599339489,68227.24654431234
4325,65781.74012517133,66689.69663071197
4326,62869.78943886729,64906.52324956717
4327,60728.58782099985,63741.56683000442
4328,57916.61172632793,62030.25256470992
4329,54149.62129677025,59661.87250457669
4330,51850.63396978128,58213.3889543186
4331,50374.207780249126,57308.77380337201
4332,49430.12463520737,56750.41750191573
4333,49287.37984084305,56722.17601543732
4334,50215.404924430826,57447.49847008445
4335,52246.605629349506,58870.08970319213
4336,54963.3239115863,60379.55341177384
4337,57737.81943999179,61704.927423217436
4338,59494.597200194126,62517.04012697017
4339,60322.897120664886,63009.48863214146
4340,59863.76836523993,62543.70760815953
4341,59109.31068384746,61926.59956215123
4342,61688.14939138146,63747.351185158775
4343,63309.459582016265,64855.240390521794
4344,59557.37994873822,60020.81157263826
4345,62316.65441549538,62663.439961062155
4346,63532.48557553641,63346.003530767295
4347,64353.083081767545,63451.789358345806
4348,63518.513763274495,61982.06689051006
4349,60870.216147187086,59695.90498759471
4350,57778.85625705068,57515.493744811996
4351,55572.47365791671,56397.62601242737
4352,52716.252509170554,54749.23548007733
4353,48716.936279878246,52320.53521759284
4354,46509.52930961831,50865.67193959256
4355,45153.870403416324,49899.806854415205
4356,44331.19417758462,49205.64759892952
4357,44263.51975318489,49086.5890188602
4358,45324.00770715776,49839.905339682555
4359,47539.76299962982,51419.263597092984
4360,50348.1247677936,53142.55447552198
4361,53191.54431937565,54550.248003561515
4362,54885.428109903114,55157.85178409264
4363,55589.762630247926,55354.36245632038
4364,54924.388846615286,54505.31523577769
4365,53954.98673425172,53645.50614599696
4366,56547.17682822197,55724.59356915365
4367,58184.14986099931,57147.49033240446
4368,63068.47583752925,63276.19876273687
4369,65428.13897163394,65898.22064917596
4370,66397.91396639103,67026.13792220225
4371,67259.34979591245,68058.43829641727
4372,66439.25110703721,67003.2692467688
4373,63920.71261592224,64703.002343644475
4374,60970.1492343986,62127.063549487386
4375,58953.37994999367,60674.67862010001
4376,56294.2811591828,58365.64346727739
4377,53025.77900897723,55030.80725458028
4378,50870.79544966641,53059.01784180972
4379,49525.54765643791,51827.99392546139
4380,48676.14506588044,51036.06859409482
4381,48581.10953828231,50970.42677512852
4382,49538.63814410635,51952.513404063604
4383,51578.49645762487,53752.6733997395
4384,54198.23044301546,55618.76518510775
4385,56874.07537984476,57037.20881782468
4386,58440.62462550502,57633.98345164174
4387,59143.76138002521,57823.22697921762
4388,58555.319345127595,56776.3923818649
4389,57640.482009317224,55680.94169461008
4390,60362.777021674614,58280.8151395172
4391,62168.17344075855,60113.39564772
4392,57615.891813188915,57501.21655488399
4393,60209.57236176628,59930.461171249226
4394,61333.5562000777,61133.44061476527
4395,62208.405498405846,62494.08537469541
4396,61342.121394377704,61639.53060131558
4397,58984.03990326796,59860.07451699766
4398,56209.076645716625,57704.03201035777
4399,54268.71017566508,56367.7896012863
4400,51689.781288858554,54455.11644225349
4401,47745.43352554732,51547.63555116202
4402,45612.187634958296,49827.71677735422
4403,44274.213924038646,48769.80175713597
4404,43441.850842539054,48159.68532756404
4405,43334.754137710486,48160.787235527794
4406,44305.53147423053,49107.47705237541
4407,46335.33699590403,50919.20755638036
4408,48825.02338850622,52673.68816056194
4409,51256.78384957053,53773.73028361696
4410,52575.80891205707,53707.06644725406
4411,53042.82317189623,53098.376360702874
4412,52264.21095707163,51568.99950887385
4413,51259.31081438017,50330.01865245663
4414,53902.367877019686,52731.91226793751
4415,55708.36488092279,54635.55837461591
4416,51835.92141930867,51776.87501137841
4417,54069.049907048335,53881.6120862976
4418,55008.00653076841,55016.28975226065
4419,55785.55703971335,56145.004557380285
4420,54901.01072088456,55410.33174020819
4421,52618.50519274939,53874.48632957093
4422,49963.55481026062,52078.35954280443
4423,48140.66070570471,51075.205448387
4424,45668.55870749018,49365.7892164264
4425,42226.29820878404,46720.7035470301
4426,40132.49253780995,45110.661295183374
4427,38852.287589992084,44097.93677283649
4428,38046.14480645791,43465.89599200622
4429,37964.837243549606,43438.81423309659
4430,38918.70215499672,44233.603260983386
4431,40905.819037665955,45718.68887209372
4432,43184.6955109868,46966.18311460021
4433,45109.72775363121,47500.44751789624
4434,45966.72712727205,47255.43842349608
4435,46095.46151017177,46820.451042018045
4436,45137.14316452658,45715.02542495405
4437,44105.19253910291,44887.33058283192
4438,46611.09621791213,47040.52268434954
4439,48339.9346951394,48645.70789453631
4440,55387.2638418286,55464.96483608901
4441,57047.34024897164,57072.1898563055
4442,57970.227639327204,58413.932830268095
4443,59109.77995655929,59591.21848322181
4444,58579.993300443646,59211.87330463391
4445,56653.532764779826,58355.96578650118
4446,54329.13257257639,57325.14472877263
4447,52800.129284126655,56937.43546372243
4448,50548.83349132406,55854.73173161654
4449,47569.19341532964,53591.07014596084
4450,45575.0310656169,52130.3465434631
4451,44321.59226100582,51225.56087708777
4452,43546.14076090478,50648.60058049295
4453,43464.786697389776,50541.141109561875
4454,44338.63593072722,51037.169685079054
4455,46132.90415233656,51807.41483294549
4456,48111.99255211154,52160.13494927067
4457,49730.405804169015,52032.03248030427
4458,50452.28259162757,51684.09030092804
4459,50655.3739434904,51659.284960231416
4460,49886.71328309496,51389.31213522622
4461,49110.00733177338,51590.07570641211
4462,51504.47919709319,52987.46234150495
4463,53100.780575832105,53850.1039682464
4464,68677.60184408106,67696.07831580222
4465,70546.9375921589,68424.18990209544
4466,71577.89450633762,68592.93090148616
4467,72679.48783891801,69121.02626505625
4468,71975.79120185038,68336.0391313098
4469,69988.69340030749,67136.6451665919
4470,67584.0604407932,65812.00839085749
4471,65962.60460365267,65179.16876276784
4472,63723.23855245376,63947.91931490114
4473,60384.92154192147,61720.67596260251
4474,58366.037237720804,60370.24231779628
4475,57105.76508862237,59496.52202856457
4476,56332.931988644734,58933.35962518945
4477,56278.19795219509,58876.306236115815
4478,57251.661117936645,59588.83582884349
4479,59238.15970005167,60923.169552514475
4480,61539.3387350851,62226.87811025291
4481,63604.11154261834,63174.44471540736
4482,64451.51298369203,63181.31783867097
4483,64601.530993715554,62840.65613536668
4484,63848.74692427568,61928.92802881562
4485,63184.04920464134,61188.1861038846
4486,65771.25647183815,63022.99258368993
4487,67461.74112852388,64238.30191919287
4488,64792.725872933974,64070.114724811116
4489,67010.28924785719,65686.4247463942
4490,68148.61479931133,66676.79759120369
4491,69253.42261661647,67840.37804004342
4492,68466.0453098659,67318.40019219492
4493,66399.53754313236,66186.46454202638
4494,63953.53362021619,64788.43023216631
4495,62315.49689034544,63993.169362476554
4496,60066.66140917734,62706.8708416622
4497,56376.860890882665,60372.634689135935
4498,54369.66668558808,59008.97307827369
4499,53121.3578190384,58170.51537078604
4500,52369.046155279524,57683.64049294616
4501,52338.28505861929,57697.58119358288
4502,53341.54619498218,58506.48631472376
4503,55390.616079141764,60022.381250424325
4504,57843.61515832117,61568.07628788498
4505,60044.64941119222,62539.69707221111
4506,60826.293854181604,62248.72520562067
4507,60817.21564048766,61497.12500951544
4508,59869.79695877043,60257.21776081964
4509,59012.54594821462,59428.41663118816
4510,61639.13811221357,61462.74066612473
4511,63316.17061057471,62841.827909577434
4512,59956.858015795144,60059.176663270635
4513,62487.865140282745,62622.60071078038
4514,63695.984825389896,64216.782221225934
4515,64738.38303873894,65764.40352219147
4516,63797.768694404265,64907.6637727063
4517,61602.39037290642,63192.94894736782
4518,59106.81422290022,61222.92646132163
4519,57514.58241388859,60085.44936416127
4520,55340.709499211545,58326.11151876962
4521,52315.54680368276,55067.32690404193
4522,50352.555612126205,53178.95074943217
4523,49118.40199718141,52028.1245073295
4524,48391.33128947298,51393.38517528608
4525,48369.688464970764,51450.03143509672
4526,49317.785235931406,52453.71741289971
4527,51303.7171093354,54361.891008622115
4528,53539.38135129011,56159.683340137286
4529,55382.5420899902,57113.326682336185
4530,55870.782478294255,56525.79768750646
4531,55765.08048694179,55783.362919430896
4532,54919.14504618963,54713.431152653495
4533,54106.578634895195,54016.116114091616
4534,56741.83845760108,56729.56764278504
4535,58494.66458041515,58540.11472655228
4536,65811.59824924845,66097.88123325538
4537,68346.78782823442,69259.78847294768
4538,69569.31716369976,71266.83269194278
4539,70736.02553520547,73384.5642738524
4540,69878.53322556784,72329.01885173659
4541,67803.50578046587,70225.89238140217
4542,65375.56045313203,67761.49856753471
4543,63736.107268448315,66191.34350100052
4544,61492.41608268572,63922.84094339248
4545,58066.44816279689,59905.40262289269
4546,56074.88881084918,57621.38859768656
4547,54811.70923360356,56236.4024201796
4548,54060.93932318041,55487.14242309672
4549,54060.69828751988,55610.994751670594
4550,55059.06255155926,56954.189697683076
4551,57170.564180196605,59621.6873519198
4552,59599.01414344459,62271.168336271825
4553,61673.73101707352,63787.08020261181
4554,62218.13142698559,62915.51805834341
4555,62101.33686576817,61748.573985265546
4556,61131.7917082372,60222.041369165156
4557,60151.05454764412,59189.02319661609
4558,62799.85777650253,62679.404799499884
4559,64554.71835708661,65009.885306846954
4560,63254.124906768215,63458.617867124136
4561,65882.30748857939,66646.13804423841
4562,67139.95598327118,68613.67112713552
4563,68293.09523782594,70650.57429092328
4564,67343.9105794752,69467.61481450507
4565,65190.25367239421,67187.15536455026
4566,62731.430190483894,64631.10020960829
4567,61109.89713975955,63097.835819719025
4568,58901.23845099258,60770.400454511284
4569,55122.42643032774,56613.7359097496
4570,53118.36222199176,54309.78942198293
4571,51863.72432738259,52896.4215557671
4572,51125.067817435294,52107.45648778764
4573,51135.83550181153,52226.14294561811
4574,52199.2166553496,53592.47164428536
4575,54385.98391604639,56327.4221491795
4576,56817.31749120432,59127.867997231464
4577,58787.442429986746,60871.69815642333
4578,59114.847442137136,60088.62501555584
4579,58812.60992246921,58879.545242359214
4580,57748.92526356391,57274.3051443425
4581,56764.39805573997,56135.70688506354
4582,59607.76270805925,59790.255242929234
4583,61497.17691599699,62176.77531935655
4584,51400.52672989706,51390.11431377935
4585,54152.84009058365,54012.313574402426
4586,55552.91221881817,55296.4106348933
4587,56779.048730559334,56318.779797810734
4588,55884.405639218625,55269.2873724246
4589,53863.67969998606,53583.50358971814
4590,51524.30870815481,51753.39006827247
4591,49987.05144569772,50639.96958023829
4592,47830.16762478987,49084.837735055364
4593,44446.91805137368,46372.004013651844
4594,42469.708287274996,44883.402827872946
4595,41228.82014706909,43929.305766398735
4596,40503.803902104584,43414.02667739025
4597,40487.37748131993,43439.35313977108
4598,41492.09773359994,44215.883966608795
4599,43491.614609935845,45657.51621462825
4600,45653.039785261906,46922.268929718186
4601,47319.295947741724,47420.12138719007
4602,47437.51869142316,46548.75256657785
4603,47011.8545780053,45358.182005578354
4604,45862.096815396384,44051.18235018873
4605,44799.334190897454,42977.97182716237
4606,47432.060247365116,44908.37151235852
4607,49242.2197086523,46523.340505364045
4608,54092.073768114235,54715.38381510053
4609,56898.807195377514,58002.23992406885
4610,58288.57732160873,59780.028747661054
4611,59519.2359390408,60847.0411115441
4612,58576.80106607944,59890.311694841796
4613,56611.715856798146,58544.66225951551
4614,54328.02276450558,56815.61297536226
4615,52901.632030945526,55879.753945066295
4616,50860.1888322695,54383.79356271715
4617,47909.37381506122,51825.839969946224
4618,46033.27458648521,50292.74812167086
4619,44871.09481688221,49391.779410053474
4620,44221.51470520053,48933.997792475144
4621,44244.03069296788,48873.42638921136
4622,45240.57707269727,49553.22262586253
4623,47097.55245124628,50277.339635581164
4624,48969.1810735473,50199.09362703874
4625,50091.112438883436,48829.54834714014
4626,49822.99857449891,47230.08632222179
4627,49235.66896501521,46775.39327658467
4628,48243.82725965784,47102.80559829222
4629,47354.485340899904,47360.58210174485
4630,49829.805642478874,49006.090607243656
4631,51658.77449449601,50894.40127916175
4632,71734.97355309362,71083.89004734368
4633,73464.69743177119,72057.58434830968
4634,74458.2746496833,72391.56912014271
4635,75712.86487857754,73162.95533583491
4636,74960.64729822142,72434.27524055044
4637,73334.83630619259,71238.54027463114
4638,71407.01854184021,69902.42844606536
4639,70193.75331246592,69122.55255664134
4640,68343.43175427403,67808.24627599145
4641,65211.00940061247,65328.26748328032
4642,63406.626108413475,63921.87933759613
4643,62308.96450098462,63026.74951852572
4644,61691.78473589107,62540.09034268811
4645,61750.03516319274,62591.85042256956
4646,62842.96556645899,63450.02416777242
4647,64887.38168670852,65087.89229278094
4648,67104.1368590785,66694.4097495839
4649,68637.64778579694,67496.7114627174
4650,68516.48214885552,66846.6306998827
4651,67984.9915620709,66050.53063765023
4652,66964.74128849395,65130.37370740143
4653,65995.18852692391,64184.728852629814
4654,68588.16657448564,66335.97104259479
4655,70409.49123346864,67958.31209202996
4656,71650.68142685601,70902.54023516586
4657,73270.82936430734,72020.30917324666
4658,74204.84667798938,72720.15481967319
4659,75455.40476075221,73757.9994304263
4660,74662.06662659602,72785.37751260845
4661,72924.36301639545,71296.85791341649
4662,70862.17080833134,69577.5473254691
4663,69564.53567558824,68532.7511950405
4664,67579.38141877812,66827.87864950795
4665,64298.27485813349,63834.69316130669
4666,62399.52944980092,62121.65098706226
4667,61227.71515711333,61092.27848155089
4668,60514.01815360885,60529.00500538066
4669,60519.30683842749,60675.3603985258
4670,61577.8875772192,61867.38084741803
4671,63699.6323521359,64052.515935837735
4672,66150.09257925983,66530.26574580022
4673,68056.40066339169,68276.59097405484
4674,68304.27598660073,68230.73453323478
4675,67939.91849414592,67804.83618276427
4676,66894.93535771842,66927.90386659914
4677,65908.84817034575,65854.11294505831
4678,68585.55377317248,68362.86055010809
4679,70395.4215704789,70096.91081685624
4680,66447.62991140681,65528.80485720409
4681,68775.07472426932,66635.81729968233
4682,69885.02181536298,66768.72518746124
4683,70982.07523449336,67491.06128123081
4684,69901.49791635163,65998.08702695844
4685,67881.81766815763,63908.25009062846
4686,65572.09479763689,61718.86688920105
4687,64099.75032747507,60492.005839893696
4688,61984.44237473927,58597.915208822036
4689,58606.5676611117,55448.69823351868
4690,56682.29155596012,53809.325809409136
4691,55520.105240868994,52781.17874205023
4692,54866.684232959386,52180.35950023422
4693,54989.0645801997,52328.35184449178
4694,56146.039196708014,53486.17293667649
4695,58377.32220729175,55934.097767233536
4696,60967.49380914369,59187.681708884505
4697,62982.899096856156,62287.496604917505
4698,63217.549663431484,62779.3567797523
4699,62789.71025831991,61733.45584157315
4700,61736.40957556038,59703.282730553554
4701,60645.81059147477,57293.209760019956
4702,63543.28037017672,60512.38516284324
4703,65411.455625738745,62478.30307465795
4704,65452.02116800527,65602.93592868267
4705,67978.3262604124,68121.07911992195
4706,69271.64932160288,69307.13120535774
4707,70528.63486494788,70584.21763218592
4708,69565.68357884436,69096.42524352191
4709,67604.59264880331,66768.53399711927
4710,65331.942548694875,64212.25489477521
4711,63842.362235539,62505.71107142579
4712,61739.70294340782,60181.5601428618
4713,58351.09347574744,56306.6527828967
4714,56442.39868463772,54251.586285132376
4715,55238.24802619783,52897.41940841135
4716,54580.26921203377,52234.73367653594
4717,54663.0937744723,52397.92468420326
4718,55845.074499190356,53911.667901920424
4719,58141.83469430501,56862.539619214476
4720,60874.7551491817,60686.15297392311
4721,63182.12110977203,64331.04351668799
4722,63499.33673037392,64908.58054125235
4723,62874.46496693512,63704.07645426178
4724,61419.276266716755,61245.75964215148
4725,59898.03121627208,58481.79288546084
4726,62625.595288634395,61847.237804620294
4727,64478.02637266578,64192.80786619379
4728,72164.95976908172,72377.88199858653
4729,73660.57472553299,74050.93923797348
4730,74379.01618524439,74143.58419365574
4731,75509.4260746206,74720.0242466738
4732,74590.207046121,73186.89580326279
4733,72820.0159086096,71076.75622440167
4734,70818.11955018056,68794.5972525151
4735,69606.3447103739,67560.10283096615
4736,67710.83677426676,65617.89502870753
4737,64133.343899199266,62032.5055488967
4738,62290.9062768332,60000.8417867899
4739,61143.41381355451,58733.43075445423
4740,60463.25861574662,58001.58708631025
4741,60488.00483814573,57988.33133486474
4742,61601.54522959495,59368.276313177164
4743,63860.08068197841,62434.11641957167
4744,66570.31753601201,66464.0971341345
4745,68874.29180796198,70803.94699564252
4746,69167.20855750851,72679.48248701412
4747,68454.79292748,72471.57016071919
4748,66867.49768671801,70734.89670194442
4749,65177.941278753344,68389.7311748283
4750,67847.13075292265,71454.53200376774
4751,69509.01880142039,72938.82546506629
4752,59818.082278885886,59132.554949705846
4753,61398.6206315889,59255.34570032541
4754,62134.855153808705,58676.0215588143
4755,63230.64103783475,58744.453564278636
4756,62343.387240277436,57953.36183898581
4757,60571.097733920906,56445.36364688863
4758,58533.4425678316,54967.76723872918
4759,57267.25712040068,54029.15999488112
4760,55331.893463863475,52776.72972182602
4761,51980.03420916816,49927.82411632918
4762,50091.24912507937,48549.535377525375
4763,48916.84815948854,47752.730421542496
4764,48234.59390459391,47122.177952246355
4765,48259.87757775422,46905.09313607838
4766,49353.144698021475,47120.67655193431
4767,51594.30854431855,47854.014916445965
4768,54242.27234178841,48243.0280711881
4769,56651.99631566698,48899.684626927825
4770,57266.00731026508,49407.64044516697
4771,56908.25510657943,49661.2420046903
4772,55673.06959507541,49495.75444009747
4773,54256.55042942026,48995.89861094024
4774,56852.57875884997,49651.23040592641
4775,58461.91795458478,49914.2498296162
4776,50098.673025124976,49158.85175132088
4777,52149.13317247841,49701.084144379034
4778,53064.88815746134,50028.77231267614
4779,54172.52014685026,50573.682873841346
4780,53192.59036280675,49882.02570974855
4781,51301.45659041794,49103.18736572058
4782,49124.91714690939,48157.44072791698
4783,47766.32425813446,47885.74979241809
4784,45791.60152253297,47111.79424620877
4785,42736.916503292035,44941.13200601008
4786,40807.456944130914,43467.44198468142
4787,39612.08800167978,42425.10927265706
4788,38948.8116671199,41916.089460743766
4789,39009.61477329519,41882.68801276481
4790,40098.174778147615,42419.43639241278
4791,42223.38662970315,43040.32847359091
4792,44599.07073531836,42725.0630943003
4793,46579.53442394704,40862.268694525774
4794,46992.860916057034,39087.346158755034
4795,46703.316250495234,38485.888126937876
4796,45638.77025495489,37983.56352463757
4797,44512.09540810782,38738.02519159736
4798,47074.20684376115,39720.40071920129
4799,48749.21463778203,41025.132726632604
4800,67323.54716161727,67660.36761126152
4801,69190.52282972063,69260.9259360792
4802,70179.68963625115,69816.96938472083
4803,71362.89565822373,70128.72220664521
4804,70537.95265881973,69079.12937535952
4805,68850.98426396104,67602.45089524664
4806,66889.7649408646,66129.72411346307
4807,65640.07737228951,65259.805500893955
4808,63803.16422090965,64186.326125553285
4809,60545.85458702692,62339.650239216106
4810,58693.27288648203,61390.04496515586
4811,57576.48789200707,60817.75574941197
4812,56988.38357150589,60494.69394301219
4813,57086.364044626345,60574.08557651396
4814,58235.967213238866,61255.06261192332
4815,60499.302378434804,62658.750179952105
4816,63061.654986827336,64408.04472241592
4817,65122.425313922,66082.73430901422
4818,65465.311149970075,66592.07874170574
4819,64985.98856469512,66316.04342395707
4820,63726.71657246094,65377.65201055878
4821,62366.697193491076,64280.36631696777
4822,64873.80661467372,65732.69212391597
4823,66474.2215943175,66551.26787510078
4824,72371.06448489899,72669.60834390055
4825,74021.53625769928,74069.75191883322
4826,74910.92204713736,74609.35093551935
4827,76110.03621669844,75166.37993579972
4828,75250.74278812647,74350.95476205242
4829,73572.22853128235,73053.50152370048
4830,71594.96868269859,71644.02108030251
4831,70364.52526410126,70760.69481988283
4832,68466.6600836148,69569.81259942554
4833,65062.12579132531,67365.24259715881
4834,63089.14900197634,66157.90462751062
4835,61825.819880917225,65404.316025076114
4836,60994.77925044929,64988.415944948596
4837,60869.7128432676,65028.387473472074
4838,61850.143862665645,65792.53690496703
4839,64063.703247033474,67358.69100728304
4840,66717.23747399081,69162.78550114736
4841,68997.69210922725,70825.31236713524
4842,69541.83029471885,71227.91193064244
4843,69125.2027059521,70836.47015397527
4844,67792.61348084199,69786.53522243055
4845,66319.35805538831,68547.22866407901
4846,68870.76148947861,70178.23712560833
4847,70425.00445115774,71193.32030569343
4848,62537.205936934675,63320.34416468437
4849,65053.53079465858,66608.33892874421
4850,66339.03612456888,68370.39157079419
4851,67614.42625530472,69383.21184371487
4852,66700.61447725148,67972.47837894659
4853,64842.57728071636,65745.89039000092
4854,62662.68639599372,63519.985076151694
4855,61260.87000894305,62218.25444328023
4856,59256.19884662738,60649.87109793747
4857,55760.075546397624,57623.71754241388
4858,53807.35964246321,55983.71062610379
4859,52609.33790402897,54992.920405828256
4860,51934.55855431603,54422.09634378416
4861,51994.640128504005,54466.73189064374
4862,53149.4353462677,55535.17504532605
4863,55481.750202531504,57770.6109899401
4864,58314.53320234666,60446.14831106382
4865,60939.58725294702,62836.03073163462
4866,61775.613416222106,63600.3478601412
4867,61517.90434804409,63319.714648663314
4868,60164.76685090116,61869.38512462425
4869,58575.25425139741,60099.652150558584
4870,61149.87784106796,62014.132275504584
4871,62840.0904596265,63293.822468246646
4872,61297.50109998684,61575.95426167146
4873,63890.69265248148,64413.66323971708
4874,65011.51000367214,65571.85044832864
4875,65931.12589168626,66464.68957885285
4876,64721.42165904791,64938.97319179161
4877,62700.766957189204,62720.88766489435
4878,60452.37422466582,60341.39280224933
4879,59032.953902741174,59008.512430634684
4880,57067.36010050619,57008.94546290739
4881,53627.330965634,53052.797772760394
4882,51718.88162252056,50880.618108307455
4883,50565.865692905725,49667.47324675546
4884,49938.88612230585,49004.93605633764
4885,50070.34351612522,49171.06613258822
4886,51274.26316789375,50575.08822712192
4887,53659.78653674962,53488.34536597937
4888,56504.29960597036,56924.72756777152
4889,58978.689180748996,59472.04934025771
4890,59634.9232976974,59819.13356127025
4891,59330.37254433094,59083.75023338581
4892,57995.251278896,56916.53491730711
4893,56315.02026623237,54411.84874326273
4894,58926.0640622463,57057.66801629647
4895,60689.66045623963,58967.260421725594
4896,65578.46888897353,66082.80753311604
4897,68171.83231984376,69556.11515025426
4898,69207.1441491767,70705.0552688461
4899,70005.83812436591,71238.71675480375
4900,68681.45147701721,69382.22386145603
4901,66568.98254154017,67054.67565507861
4902,64298.33228849307,64660.639399395215
4903,62924.3625654532,63468.0092909006
4904,60958.16420371198,61416.040841784285
4905,57289.00442217156,57381.62837309301
4906,55385.778246255875,55193.61083087657
4907,54257.753608369494,53949.34135715726
4908,53646.29862595119,53304.840248735956
4909,53765.44675114903,53591.401607782536
4910,54956.0898192708,55103.3602433401
4911,57377.23438540586,58271.35567261677
4912,60240.181129497694,61965.89933726188
4913,62470.321655769265,63843.60706100263
4914,62802.84430082616,63011.3216822954
4915,62277.02935735604,61510.20154712641
4916,60777.16550295287,59013.29504060488
4917,59084.92189677356,56465.576142228216
4918,61767.42966330386,60052.56359259698
4919,63592.68217409625,62731.07211763523
4920,52093.517678944714,51694.0340562556
4921,54539.22208404644,52998.95908673514
4922,55562.30927501794,53513.6406113937
4923,56404.98648939832,54009.81688687846
4924,55184.55757161912,53198.56178554062
4925,53291.70230548328,52095.531375462386
4926,51155.07771928793,50826.648483297766
4927,49901.1654980898,50284.844147847674
4928,47990.81222791592,49004.77538764404
4929,44541.2802679173,46515.3455847426
4930,42615.674736961104,45159.63385722897
4931,41491.24113052057,44182.57332677472
4932,40911.423815665155,43774.261959664735
4933,41033.19827550934,43805.799514503036
4934,42229.25221675042,44277.87062822241
4935,44563.68479568544,45105.256256707595
4936,47182.628264782754,45107.146053904056
4937,48907.37156100337,43857.7261882292
4938,48847.77140313307,42365.883534903434
4939,48039.33899510972,41124.9207104973
4940,46372.87750490537,40251.31685455516
4941,44594.09595099221,39493.01722739177
4942,47149.26792421323,40836.76664134107
4943,48902.87839891129,42053.95728062333
4944,53873.31865886289,54163.89094762869
4945,55818.08767948246,56596.242554185075
4946,56790.00532568494,58094.92522984243
4947,57846.78248617352,59351.87912016351
4948,56904.83384896158,58977.37603115279
4949,55294.66128004248,58389.57904773399
4950,53425.60132328214,57528.42774816156
4951,52371.6919674163,57361.513921149046
4952,50591.360349210925,56317.843827416356
4953,47512.909929230045,53745.14830949165
4954,45574.55209694778,52019.767957900105
4955,44379.76374020127,50954.4812002106
4956,43743.05348694616,50512.24799863617
4957,43821.386877206074,50356.71172471338
4958,44902.18877292227,50873.67493663543
4959,47095.99499353788,51840.45845915838
4960,49447.88863635256,51927.563582839466
4961,50978.75121243625,51759.36855236495
4962,50955.00782782345,51946.15380861916
4963,50277.90559691379,52439.31544770391
4964,48845.00104820709,52783.668754933366
4965,47279.80963420989,53045.31079063229
4966,49708.562813859186,53582.966273290534
4967,51413.47422517345,54074.118775197145
4968,68008.17356697157,69524.24130423837
4969,70266.7180656175,72647.24195611815
4970,71383.30657637677,74091.34574179792
4971,72335.24000331308,74614.08507135365
4972,71210.28370690886,73239.81350665152
4973,69492.81794811368,71807.2272965592
4974,67584.13445628475,70451.7422175128
4975,66486.04579268943,69805.07765572677
4976,64720.00895250995,68418.55842351187
4977,61389.22920970236,65362.85862881864
4978,59495.06421780172,63455.53131379187
4979,58358.51625145542,62290.494695036876
4980,57797.82598523961,61820.7453976085
4981,57925.02131698594,62055.78579588219
4982,59115.59120681068,63375.800085059724
4983,61476.48454386474,65814.28294496582
4984,64065.19246170468,68257.58799396724
4985,65846.64824708593,69675.23246391986
4986,65912.96607526453,69552.29488271443
4987,65249.9234785536,68936.68441067843
4988,63849.6737924566,67845.14843955026
4989,62163.06588138443,66196.1117004167
4990,64697.535426632145,68502.5394710969
4991,66467.27054787471,70175.482289023
4992,62324.03711480013,62364.07197202357
4993,63761.68172194514,63747.41931503253
4994,64548.86943443206,64655.456888247616
4995,65381.15224484691,65334.56190456637
4996,64333.4674979678,64567.48707783474
4997,62754.08761500307,63371.44496975859
4998,60968.612174896894,62069.30406618785
4999,59960.49473234688,61399.68375613083
5000,58182.949612050164,60084.4169941506
5001,54796.95105841342,57436.55476056425
5002,52914.56852833292,55931.946046742305
5003,51750.71418306265,55009.70264456296
5004,51147.91748636449,54620.62467307504
5005,51253.194287063554,54798.839317423655
5006,52438.467197552665,55810.921690465104
5007,54830.13541611227,57816.751648831996
5008,57508.446074025735,59871.44260812353
5009,59491.554807439294,60978.28463238009
5010,59817.855712671066,60686.50067798042
5011,59333.00772109457,59904.72941536219
5012,57929.97821098464,58485.717665667114
5013,56241.58700534848,56856.00149958094
5014,58825.50056624603,58881.80192579746
5015,60511.40913875613,60193.53768439668
5016,62285.47633947993,62831.20737555227
5017,65011.887650423065,65953.91186571632
5018,66203.59551771649,67490.58612446615
5019,67064.55318366458,68309.40057351507
5020,65822.52942180322,67019.58707532757
5021,63841.82951334369,65181.51060152635
5022,61717.09189491143,63321.76145486444
5023,60490.849779684875,62383.241852171755
5024,58555.031435580044,60634.73411193448
5025,55099.05430515547,57267.66599497626
5026,53207.51066657377,55402.33695246709
5027,52037.140973076355,54269.047189140576
5028,51493.25493950404,53813.67097585392
5029,51657.376247333865,54053.81312091877
5030,52915.742355087845,55343.59324439395
5031,55398.44194860757,57879.40310886307
5032,58150.37780526,60379.53249653386
5033,60032.69237447853,61465.80817992244
5034,60166.31434979414,60717.558523920765
5035,59518.1264328748,59452.51423802283
5036,58075.04754076766,57696.324953115756
